"X_0","X_1","X_2","X_3","X_4","X_5","X_6","X_7","X_8","X_9","X_10","X_11","X_12","X_13","X_14","X_15","X_16","X_17","X_18","X_19","X_20","X_21","X_22","X_23","X_24","X_25","X_26","X_27","X_28","X_29","X_30","X_31","X_32","X_33","X_34","X_35","X_36","X_37","X_38","X_39","X_40","X_41","X_42","X_43","X_44","X_45","X_46","X_47","X_48","X_49","X_50","X_51","X_52","X_53","X_54","X_55","X_56","X_57","X_58","X_59","X_60","X_61","X_62","X_63","X_64","X_65","X_66","X_67","X_68","X_69","X_70","X_71","X_72","X_73","X_74","X_75","X_76","X_77","X_78","X_79","X_80","X_81","X_82","X_83","X_84","X_85","X_86","X_87","X_88","X_89","X_90","X_91","X_92","X_93","X_94","X_95","X_96","X_97","X_98","X_99","X_100","X_101","X_102","X_103","X_104","X_105","X_106","X_107","X_108","X_109","X_110","X_111","X_112","X_113","X_114","X_115","X_116","X_117","X_118","X_119","X_120","X_121","X_122","X_123","X_124","X_125","X_126","X_127","X_128","X_129","X_130","X_131","X_132","X_133","X_134","X_135","X_136","X_137","X_138","X_139","X_140","X_141","X_142","X_143","X_144","X_145","X_146","X_147","X_148","X_149","X_150","X_151","X_152","X_153","X_154","X_155","X_156","X_157","X_158","X_159","X_160","X_161","X_162","X_163","X_164","X_165","X_166","X_167","X_168","X_169","X_170","X_171","X_172","X_173","X_174","X_175","X_176","X_177","X_178","X_179","X_180","X_181","X_182","X_183","X_184","X_185","X_186","X_187","X_188","X_189","X_190","X_191","X_192","X_193","X_194","X_195","X_196","X_197","X_198","X_199","X_200","X_201","X_202","X_203","X_204","X_205","X_206","X_207","X_208","X_209","X_210","X_211","X_212","X_213","X_214","X_215","X_216","X_217","X_218","X_219","X_220","X_221","X_222","X_223","X_224","X_225","X_226","X_227","X_228","X_229","X_230","X_231","X_232","X_233","X_234","X_235","X_236","X_237","X_238","X_239","X_240","X_241","X_242","X_243","X_244","X_245","X_246","X_247","X_248","X_249","X_250","X_251","X_252","X_253","X_254","X_255","X_256","X_257","X_258","X_259","X_260","X_261","X_262","X_263","X_264","X_265","X_266","X_267","X_268","X_269","X_270","X_271","X_272","X_273","X_274","X_275","X_276","X_277","X_278","X_279","X_280","X_281","X_282","X_283","X_284","X_285","X_286","X_287","X_288","X_289","X_290","X_291","X_292","X_293","X_294","X_295","X_296","X_297","X_298","X_299","X_300","X_301","X_302","X_303","X_304","X_305","X_306","X_307","X_308","X_309","X_310","X_311","X_312","X_313","X_314","X_315","X_316","X_317","X_318","X_319","X_320","X_321","X_322","X_323","X_324","X_325","X_326","X_327","X_328","X_329","X_330","X_331","X_332","X_333","X_334","X_335","X_336","X_337","X_338","X_339","X_340","X_341","X_342","X_343","X_344","X_345","X_346","X_347","X_348","X_349","X_350","X_351","X_352","X_353","X_354","X_355","X_356","X_357","X_358","X_359","X_360","X_361","X_362","X_363","X_364","X_365","X_366","X_367","X_368","X_369","X_370","X_371","X_372","X_373","X_374","X_375","X_376","X_377","X_378","X_379","X_380","X_381","X_382","X_383","X_384","X_385","X_386","X_387","X_388","X_389","X_390","X_391","X_392","X_393","X_394","X_395","X_396","X_397","X_398","X_399","X_400","X_401","X_402","X_403","X_404","X_405","X_406","X_407","X_408","X_409","X_410","X_411","X_412","X_413","X_414","X_415","X_416","X_417","X_418","X_419","X_420","X_421","X_422","X_423","X_424","X_425","X_426","X_427","X_428","X_429","X_430","X_431","X_432","X_433","X_434","X_435","X_436","X_437","X_438","X_439","X_440","X_441","X_442","X_443","X_444","X_445","X_446","X_447","X_448","X_449","X_450","X_451","X_452","X_453","X_454","X_455","X_456","X_457","X_458","X_459","X_460","X_461","X_462","X_463","X_464","X_465","X_466","X_467","X_468","X_469","X_470","X_471","X_472","X_473","X_474","X_475","X_476","X_477","X_478","X_479","X_480","X_481","X_482","X_483","X_484","X_485","X_486","X_487","X_488","X_489","X_490","X_491","X_492","X_493","X_494","X_495","X_496","X_497","X_498","X_499","X_500","X_501","X_502","X_503","X_504","X_505","X_506","X_507","X_508","X_509","X_510","X_511","target"
2.05,-0.18,-1.91,1.84,0.14,-0.02,0.58,-7.0,0.12,0.59,1.56,0.55,1.81,-9.26,6.87,1.04,8.25,0.58,1.93,8.79,1.84,3.05,8.36,-1.56,-0.42,8.18,-10.7,-0.05,0.74,1.74,-1.12,-4.77,0.1,5.66,3.9,0.17,0.71,0.49,-0.94,-1.02,-8.51,-0.02,0.9,13.49,-0.98,-0.16,0.68,-18.56,-0.53,10.62,-3.94,-7.05,-17.13,1.13,-1.32,-0.62,14.12,-6.96,0.11,-0.73,-17.09,-0.42,1.52,-1.57,2.36,1.93,0.17,1.46,-2.14,-30.08,0.27,1.58,0.56,-9.66,1.1,-0.55,13.62,11.0,-0.69,-1.93,-0.85,-1.72,-0.88,1.06,-0.63,0.11,7.06,4.9,12.21,-15.4,8.98,-1.1,-7.72,1.24,-0.23,0.03,-0.5,0.46,1.97,-13.99,0.04,0.09,0.91,-5.42,-0.46,0.72,0.07,1.64,1.82,-6.76,10.08,1.2,-0.01,1.17,-6.98,-8.88,-16.36,18.59,-0.45,9.1,0.81,0.24,-0.63,-0.66,0.26,-1.72,-2.92,-4.11,1.16,0.33,0.33,2.1,-11.77,1.75,-2.02,-0.34,-5.09,-0.36,7.08,-6.79,-0.22,7.44,-0.96,4.34,3.74,-2.19,0.55,-14.73,-1.97,-1.48,2.65,11.8,-3.92,1.68,-9.37,-1.28,7.96,0.51,0.58,3.47,0.09,2.95,-1.6,-7.46,1.96,0.34,0.79,-0.15,0.15,-13.76,-0.13,-7.55,-7.73,-0.96,-0.6,-0.7,-8.59,-9.43,-1.04,6.63,-2.97,0.39,0.98,-4.34,0.01,-15.2,0.77,4.1,2.82,16.49,-1.19,0.89,-5.0,-2.46,-0.69,-0.68,-19.46,1.23,-1.93,-0.64,-1.11,7.86,-12.32,1.5,-16.68,0.64,0.29,-6.15,-0.69,-10.84,-0.23,-0.41,1.47,5.76,5.34,-0.54,-1.64,-0.45,-1.29,1.18,-0.11,4.51,1.18,0.89,-1.32,-11.41,13.69,-0.79,-5.98,-15.5,-0.25,-0.29,-23.62,-16.02,16.0,0.94,-1.35,-1.98,-1.39,12.42,1.14,-0.09,0.03,-7.0,0.96,-2.83,8.4,-14.43,-0.47,9.46,0.87,-5.81,0.88,-3.09,-0.3,2.48,7.58,13.27,-0.17,-1.75,-0.65,1.4,-0.54,0.38,-0.0,1.95,-14.13,1.13,3.4,0.1,20.73,-3.58,13.17,10.1,-0.13,-10.38,-19.51,3.91,0.4,5.33,2.5,-0.02,-2.84,9.51,2.87,-0.21,-0.34,1.75,-12.32,-0.33,12.89,-2.07,7.01,-3.3,-1.29,8.23,18.97,-10.33,-5.05,2.48,-0.62,-0.56,2.75,-2.31,0.16,-1.65,0.45,15.67,0.11,-0.85,1.63,1.26,-3.22,-0.65,-0.43,-10.5,0.65,1.46,3.24,-0.49,-4.18,-5.98,12.91,0.16,-0.04,-5.05,1.34,1.29,-0.01,-0.8,-1.19,1.16,7.84,-0.04,-0.31,-0.45,2.54,0.6,-0.28,0.84,7.48,14.96,2.72,-210.97,-1.27,-0.35,-1.17,-11.73,0.57,-1.43,-6.43,-0.47,0.63,-1.99,-10.67,-0.86,0.25,-1.69,9.86,-0.66,-1.18,3.32,-8.7,-1.19,-12.36,-1.66,0.95,-1.4,-0.34,3.05,1.37,-5.02,0.62,7.54,-0.82,-1.18,-8.93,0.45,0.5,2.42,2.49,3.53,2.19,-0.48,-1.57,-15.75,-12.15,-7.92,16.89,8.03,-1.78,-1.49,-0.21,-6.36,1.08,9.22,-3.65,-9.48,0.45,0.36,0.16,0.76,0.04,12.73,6.41,5.84,0.5,1.3,-1.1,-20.72,-0.44,-0.72,-1.38,11.02,1.48,-0.79,-9.93,-0.42,-2.9,-14.1,1.82,5.64,8.06,8.3,-5.42,-0.78,-8.8,2.74,-0.17,-3.61,-20.23,1.11,0.9,0.37,1.92,2.16,0.5,-0.14,-13.84,0.61,2.05,0.11,0.33,-5.44,2.59,-7.38,-18.93,7.16,1.2,2.29,-1.16,0.22,-4.94,-0.34,-3.68,-0.44,2.51,7.73,-11.27,1.33,-2.22,-6.34,-1.36,-0.3,74.19,-1.34,0.53,-1.27,-2.59,3.66,-8.95,5.06,-1.69,2.37,14.08,0.15,0.27,0.76,1.57,0.36,-12.05,-0.52,1.2,-9.43,0.74,11.66,-4.65,-8.76,-3.63,0.21,7.64,0.8,3.53,-2.44,0.38,-8.12,-1.8,0.17,1.16,-12.12,-2.91,-0.04,0.42,-4.33,3.93,-0.85,-3.63,7.02,-0.86,-6.4,-12.64,12.21,13
1.07,1.87,-10.95,-0.53,-0.06,12.16,-1.1,-2.76,1.39,5.06,-2.81,0.05,-1.43,-7.15,-23.4,-7.9,8.15,0.95,-0.43,0.59,7.76,-0.91,1.23,7.0,-0.04,-0.7,-0.35,1.26,-1.21,7.94,1.41,-0.87,0.77,0.2,-8.47,1.24,-1.79,0.19,4.14,-0.3,-4.66,0.12,0.72,-1.35,1.89,-0.01,7.82,1.21,0.06,1.81,-17.78,10.77,-9.9,1.3,12.19,0.56,0.03,-3.67,-1.47,-0.15,-6.21,0.41,0.07,-0.61,-1.24,0.01,0.15,0.82,-1.41,16.97,1.27,3.06,-0.05,12.34,-0.1,-0.28,-12.71,3.96,-0.03,-0.99,-1.56,-2.4,0.11,0.14,-0.82,-0.29,1.95,-1.4,-4.34,5.61,15.41,0.11,-0.21,0.75,0.71,-0.12,1.31,0.65,0.09,10.49,-0.98,0.59,-0.7,0.56,0.39,0.67,-0.02,0.48,14.83,6.53,6.48,3.99,-0.73,-0.81,9.41,18.15,-14.86,-13.45,-0.05,9.47,2.69,-0.01,-1.34,-0.54,1.62,-0.71,-18.15,1.28,-1.87,0.85,-0.67,4.99,-1.78,-0.5,0.99,3.19,8.01,0.24,1.9,-2.61,0.0,-12.59,-0.37,-13.39,-16.01,-7.18,-0.32,3.62,2.28,1.59,1.53,-4.89,1.78,-1.13,3.8,0.32,-7.0,-0.77,1.07,4.7,0.45,9.13,3.79,1.65,26.5,0.01,-0.05,0.95,10.02,-6.19,-1.5,10.09,11.79,1.13,-0.15,-0.45,5.34,-15.33,-0.28,-3.55,-14.79,11.66,-1.07,-6.35,0.9,8.69,-0.51,-7.34,12.27,16.39,-1.34,0.22,20.93,-6.07,0.18,-0.85,-1.93,-1.23,18.01,0.79,1.21,4.28,5.8,-0.69,3.81,0.84,-0.96,14.97,1.95,7.24,-0.07,-0.11,-2.24,-2.82,13.69,0.54,0.19,-1.37,1.48,-2.13,0.67,5.03,0.22,-1.03,0.67,13.66,-10.7,0.46,-12.45,-6.07,13.26,1.12,4.88,-15.08,7.43,-0.2,-0.69,-0.23,0.03,-9.17,-0.85,-0.69,3.0,2.8,-7.2,-0.98,-7.06,5.72,-0.45,-23.5,5.16,-3.22,-0.07,-2.71,0.9,-0.74,-28.03,-14.01,0.08,0.15,-0.5,-1.18,-4.5,-0.33,-0.81,-0.6,-14.4,0.42,7.67,-3.77,0.89,4.62,-9.23,2.06,-0.65,7.09,2.75,13.87,1.61,29.44,-5.58,0.85,3.52,5.81,1.68,0.36,-0.56,-0.48,20.26,0.95,0.36,9.56,20.35,-3.41,-0.11,15.36,12.42,9.82,-1.85,-0.76,0.06,0.51,-20.03,-3.54,-0.54,0.73,-0.44,-3.72,0.65,-0.4,-0.53,12.9,5.11,-0.92,1.72,-11.86,0.17,0.4,0.24,1.02,-13.24,-2.33,5.19,0.05,-1.28,7.31,-3.04,0.23,-0.09,3.73,-0.44,-0.4,-3.44,1.18,-0.65,-0.26,-3.67,0.78,1.45,-0.23,-2.63,-3.04,-1.77,-11.75,0.83,0.46,0.67,9.54,0.08,1.12,12.58,-0.01,-0.74,-12.04,-5.43,-2.03,-1.09,1.01,-0.39,0.71,0.38,11.19,18.78,0.9,1.4,-1.24,0.54,-0.76,-5.81,5.82,-0.58,-13.17,1.0,11.81,1.77,-0.16,-2.96,1.28,-8.94,-0.02,13.34,-8.2,1.22,0.33,2.02,-18.08,-3.1,-4.76,1.7,0.09,-4.09,-1.47,-0.95,2.18,0.32,-9.18,1.76,-5.56,16.21,0.76,0.38,-0.67,0.21,-3.4,2.78,-4.47,0.12,-0.25,6.03,-3.71,-0.15,0.74,-0.77,-0.31,0.18,0.57,9.62,0.12,-0.95,-18.58,0.32,-10.41,6.46,10.1,-1.34,0.27,-9.77,-5.11,0.5,1.12,-11.48,1.24,-0.03,1.02,-0.52,-11.21,-0.16,5.93,-7.5,1.12,-0.21,-1.29,-0.88,0.49,-0.12,0.73,11.87,3.7,0.35,-0.59,0.12,-0.51,-11.01,-0.69,-13.95,1.52,0.88,-2.59,3.07,-0.93,-1.88,7.13,0.69,0.69,-80.03,0.31,0.38,0.25,-9.48,-11.94,-9.21,-0.97,1.42,1.39,9.56,1.63,0.18,0.36,3.04,0.84,-1.0,0.4,1.0,2.21,-0.37,-17.1,8.25,-0.64,-3.17,0.45,-4.95,1.01,6.14,3.91,-0.13,2.02,6.02,0.35,1.43,-1.34,-0.01,-0.72,0.9,2.26,-10.15,-1.39,-13.47,-2.75,20.6,21.96,5.76,-4.08,6
1.09,0.92,-2.2,0.06,0.05,-12.85,-2.62,-10.51,1.5,-6.07,-3.14,0.89,0.98,-10.78,0.4,-10.34,-1.47,-1.79,-0.47,9.02,1.97,1.33,9.46,12.11,1.23,-11.93,0.97,-0.56,1.02,2.27,-0.72,5.48,-1.23,-7.08,5.96,-0.15,3.21,-1.18,17.01,0.45,1.76,-0.56,1.35,-8.29,-0.17,1.11,9.23,-7.13,-0.2,-22.66,-22.3,15.93,-2.93,0.38,12.45,2.14,9.44,3.11,0.04,0.3,9.46,-0.85,0.11,0.1,4.44,-1.2,1.65,-0.58,0.04,2.48,0.54,10.11,-1.31,11.88,0.83,-1.2,-8.18,-4.92,-0.54,0.7,0.31,-9.9,0.76,0.52,1.36,-1.34,8.71,-18.98,-8.35,12.57,0.99,-0.35,-16.18,1.73,0.01,0.69,1.04,-0.3,1.44,2.71,0.03,0.44,-0.48,6.19,0.38,0.24,-0.74,-1.08,1.2,13.27,-2.67,6.21,-1.3,0.84,5.44,1.93,-0.71,2.25,-0.08,2.49,19.83,-1.48,0.26,-0.01,1.39,-2.19,0.9,-2.4,-0.45,1.49,-0.03,-18.64,-4.3,1.14,-0.47,15.73,-14.23,0.14,-1.93,11.88,0.5,5.58,-0.02,-3.48,0.24,-7.75,-1.22,-20.47,5.34,-0.5,-0.9,-4.76,6.72,0.08,0.55,0.56,-12.65,-1.78,-0.27,-16.73,1.4,-0.07,10.85,-18.45,1.01,-0.97,0.03,0.45,5.09,-4.03,0.96,0.31,-2.1,0.72,0.38,0.96,18.93,-3.01,-1.61,1.43,-3.85,2.93,2.05,13.06,0.07,-1.2,-1.62,-0.23,-5.93,-7.09,0.2,0.83,2.54,-3.13,-0.16,-0.56,1.71,-0.76,-13.53,-0.86,-0.44,12.26,-10.7,0.54,3.66,-1.18,-11.75,-1.31,-1.65,14.76,-1.95,-0.58,-0.56,0.58,-6.15,-0.22,0.13,1.04,0.73,-0.95,-0.44,12.23,0.38,-0.07,-0.33,-8.42,-0.63,-7.47,13.67,11.49,-6.39,-2.17,7.94,5.41,-14.18,1.12,1.23,0.5,0.23,19.35,0.19,0.24,-9.94,13.07,-17.62,1.16,1.42,6.46,0.72,3.78,-11.06,17.67,-0.37,9.64,-0.25,0.7,-9.98,1.74,-1.99,-0.46,-0.02,-1.39,-1.89,-0.49,0.08,1.13,-11.85,0.16,1.49,-21.36,11.71,-1.22,-10.64,3.09,-0.91,13.54,15.08,5.57,-1.89,-10.44,-2.34,-1.28,-9.58,5.83,-0.8,-0.06,-0.6,1.21,-21.43,0.19,2.75,-12.8,7.45,1.93,1.5,-7.94,8.43,12.8,20.24,-0.92,2.16,-1.46,13.5,18.89,-0.11,-0.02,0.44,-1.53,-0.47,0.46,-0.31,1.8,4.22,-0.5,-0.54,-8.32,-1.38,-0.69,15.24,0.3,0.46,-14.11,-2.42,0.68,0.61,21.2,2.17,-1.44,-1.76,-10.88,0.81,-0.71,1.68,1.48,0.91,-0.37,3.82,2.37,0.75,1.62,5.24,-17.02,-6.34,-2.59,1.07,0.18,-10.69,-14.31,0.7,-0.12,-5.98,0.68,-0.99,9.5,-6.16,-0.19,1.63,-0.16,-2.22,-0.26,-0.21,14.9,-9.06,0.28,1.35,3.3,0.2,0.51,-8.52,9.95,-0.54,-7.59,0.15,-7.48,-0.46,-1.36,-0.07,0.4,-15.71,-0.9,1.03,2.57,-0.5,0.21,1.6,12.24,5.96,-0.12,2.22,-6.57,-1.46,-1.75,0.59,0.03,-1.1,-6.02,-16.92,-5.78,8.13,-1.98,0.63,-0.77,-1.03,-5.92,2.11,1.99,-0.31,0.38,-5.75,-2.12,-0.7,-3.41,0.74,-1.59,-0.71,0.13,-8.65,0.25,1.81,5.09,-1.5,15.0,12.56,2.44,0.94,-0.14,1.24,-0.01,-0.01,-1.07,0.03,-1.7,0.68,0.11,0.75,-5.02,1.29,13.43,2.48,-0.24,0.51,2.13,0.71,-8.22,-0.43,12.92,3.75,0.35,0.69,0.53,-0.89,0.0,1.12,-0.4,6.2,-0.11,-0.36,-1.62,-6.3,-1.04,0.58,0.65,0.79,-1.11,120.86,0.9,0.72,-0.4,1.33,5.92,7.16,5.52,0.33,-0.44,9.25,-0.51,-1.73,-0.18,0.26,0.02,7.57,-0.31,1.45,4.31,-0.41,-0.14,8.49,-1.06,-6.37,-1.24,-7.7,-1.05,-5.39,-6.11,-0.8,-3.93,15.07,-0.78,-1.52,6.12,-1.72,1.73,-0.85,9.35,-4.56,11.0,5.82,-11.59,-3.03,-5.54,-0.74,10.58,7
-0.26,-0.49,6.83,-1.19,0.64,9.18,0.2,-11.96,1.1,1.4,4.74,0.62,0.41,8.75,5.25,3.14,18.72,-0.45,0.06,-9.22,7.64,-7.54,5.19,7.05,1.17,8.32,-4.87,-0.42,-2.2,0.47,-1.54,3.73,0.44,10.24,10.86,0.25,2.35,-0.54,17.26,1.18,0.79,-0.03,1.58,-12.83,-0.73,-1.82,-15.32,3.76,-1.4,-18.17,-5.21,23.49,-14.2,0.42,-9.86,0.51,-21.56,12.3,-1.28,-1.66,-17.56,0.04,0.29,0.56,-2.26,-0.12,-0.26,-0.36,0.45,-2.49,-1.21,21.18,0.5,10.05,-0.27,-0.14,-10.43,-14.15,0.18,-2.56,1.18,7.69,0.52,0.13,1.24,0.41,-12.0,-1.99,-2.08,8.32,0.23,-1.24,-0.77,-0.23,1.04,0.88,1.42,0.51,1.64,-26.97,-1.87,0.39,-1.22,-1.23,-0.89,0.09,1.28,1.48,10.71,4.81,4.32,6.77,-0.86,-0.96,-7.1,5.36,-4.25,6.4,0.06,-8.05,-11.59,-1.23,-0.54,-0.9,-0.69,-0.08,11.43,4.16,-0.67,-0.46,-0.63,1.18,4.58,-0.71,1.59,-0.69,7.64,-1.47,11.71,-3.4,-1.75,4.23,-1.63,9.47,0.64,4.31,0.02,-5.81,-15.94,-0.38,1.19,-10.57,5.81,-0.5,-8.81,-0.4,4.49,-1.36,-0.21,20.62,-1.6,28.12,-3.46,7.53,-5.76,1.58,1.22,-1.75,14.73,-9.04,0.9,-7.1,-12.76,-0.02,-0.49,-0.14,-7.26,-1.09,1.16,5.46,-6.13,-3.64,0.33,-17.03,-0.26,6.01,1.38,2.08,-1.97,3.92,-1.31,-0.16,-11.87,-7.2,0.13,-0.17,-8.77,-0.06,1.03,1.75,-0.91,3.21,4.97,1.23,1.57,-0.41,8.96,0.89,0.63,-6.27,-0.99,-0.82,-0.47,-18.98,13.85,0.48,-0.81,0.16,0.53,0.36,0.07,4.13,-1.45,1.46,-0.12,11.35,11.42,24.76,-5.05,2.26,2.16,0.88,-11.48,-7.3,1.54,-2.03,-0.99,-0.44,-1.02,-20.63,2.06,0.33,2.67,3.26,1.94,0.05,-8.46,-7.01,0.42,5.91,4.3,17.69,0.26,-9.13,-0.48,0.07,3.78,1.76,0.58,-1.04,0.25,-0.43,13.22,2.82,-0.6,-1.18,8.17,-0.88,5.93,-1.33,11.46,5.23,0.19,-13.68,-0.15,1.64,23.42,-5.3,-0.66,-10.92,-5.47,-1.38,-12.12,0.99,1.47,1.2,-1.17,1.05,-10.85,1.02,10.72,8.64,-2.34,-5.24,0.59,11.58,-13.41,13.34,-4.31,-0.15,-1.05,-0.19,-5.26,-9.17,1.92,-1.52,0.25,-6.83,-0.95,0.7,1.22,-0.43,6.83,2.63,1.77,4.11,0.35,-0.97,-0.5,-0.79,-11.64,1.0,-11.99,0.83,0.27,5.52,2.97,0.21,-0.54,-12.12,0.33,-0.71,-12.99,-1.1,0.52,0.7,8.17,-0.81,-0.11,1.19,-10.58,-0.4,3.7,-165.33,-1.71,0.13,2.99,-10.83,2.62,-1.13,-5.86,-1.4,0.45,-1.89,-19.91,1.15,0.0,-0.32,12.26,0.22,0.83,6.46,1.9,-0.39,6.74,0.74,1.02,-0.74,-16.97,-18.57,-0.16,-2.08,-1.28,10.63,1.24,-0.96,-16.03,-1.52,-24.98,0.0,6.61,-16.61,-1.32,-0.55,-0.58,1.2,-26.5,-26.92,-15.5,-2.63,-2.63,0.68,-1.48,-5.99,0.8,-11.85,-7.33,-21.5,23.16,-0.23,1.29,-0.42,-0.65,2.29,-0.67,9.07,-1.06,0.37,-6.8,-5.29,1.62,9.53,-0.51,14.2,1.28,1.45,-6.2,-1.32,-0.45,-10.41,-0.72,0.79,-3.31,10.09,1.14,-0.61,-16.98,0.05,1.3,-0.33,-3.59,-1.03,1.04,0.95,1.39,-10.39,-0.91,-17.19,-12.53,0.5,-0.85,-0.58,0.77,5.82,-0.35,-1.06,0.92,-3.11,-1.78,0.71,0.34,2.07,4.06,0.57,16.23,0.56,-1.3,-3.48,-7.56,1.09,-0.06,6.72,0.05,0.31,112.54,-1.58,0.33,-0.66,-5.89,-3.68,-6.49,2.35,0.98,0.05,0.14,0.98,0.12,-0.44,0.17,0.32,-4.3,0.19,0.25,2.7,-2.04,8.18,3.15,4.66,-0.73,0.86,12.82,-0.95,6.29,0.11,0.81,-1.75,-17.9,-0.49,-0.6,-3.99,-4.36,-0.77,0.5,-1.58,18.5,26.8,19.92,8.12,4.54,-12.95,-7.96,12.68,13
0.06,0.9,6.84,0.43,-1.53,-5.98,-0.53,10.62,-1.71,6.87,11.31,-0.09,1.26,25.43,-1.21,-0.75,-11.72,0.67,0.05,-8.91,-24.75,-0.26,2.42,-7.39,0.38,-3.86,3.48,-0.87,-0.64,3.89,0.38,19.98,0.52,-4.49,10.71,-0.94,-17.68,0.36,0.19,-0.77,3.56,-0.25,0.76,11.75,-0.23,0.81,-10.38,-3.99,-0.59,-9.32,-14.22,4.01,-6.63,-1.72,17.98,-0.34,0.21,4.62,-0.85,-0.4,-10.48,1.97,-0.09,-0.24,-13.66,-0.62,-0.45,0.46,-0.1,6.37,0.28,16.77,0.84,7.87,-1.35,0.57,-12.02,-13.86,-0.55,0.53,0.24,-29.09,1.33,-0.64,2.84,-0.26,8.17,32.81,-10.44,-5.86,-5.32,0.7,3.64,-0.03,-0.07,-0.13,-2.2,-0.26,-0.17,-19.96,0.78,0.18,0.68,4.67,-0.73,-1.94,-0.36,0.79,-0.24,5.15,11.08,2.67,-2.1,0.06,-8.79,11.23,-1.0,-14.43,-0.45,-7.68,12.47,-1.18,0.79,0.12,-0.34,1.37,5.17,-13.16,1.13,-0.39,0.13,-3.8,-4.16,0.17,-2.75,15.54,6.12,0.23,20.04,-5.16,-1.66,18.61,1.66,8.6,-22.21,0.55,-0.62,2.57,6.29,-1.17,0.35,-1.6,-19.56,0.66,-15.8,-0.14,7.69,1.58,0.8,-8.3,-0.2,5.3,6.57,-3.77,4.09,0.01,-0.86,0.53,12.26,1.06,0.34,2.51,31.91,0.12,0.78,0.63,-4.64,7.55,-0.55,1.34,4.4,19.82,-1.21,-6.21,-0.18,12.47,-1.65,-12.64,1.7,9.02,-0.6,-0.49,-15.12,-23.16,-0.11,0.37,-11.7,-0.33,0.1,0.37,0.65,-6.03,-17.63,0.66,3.89,1.25,13.42,9.89,0.27,2.2,1.32,-1.24,0.51,10.52,-3.24,0.11,-0.07,1.36,-0.28,-1.9,-0.24,-5.91,-1.15,0.28,2.0,-5.61,9.23,-6.1,-11.4,-10.73,3.03,-1.41,-6.34,-21.28,-15.6,-1.92,-0.35,0.15,-1.17,1.58,0.02,0.44,-21.54,-5.88,-4.27,1.59,6.59,-18.58,0.1,-9.24,-1.06,-11.88,-0.48,-12.95,-0.46,1.25,13.22,-9.99,-0.52,-1.18,0.59,0.02,-9.94,-0.32,1.24,0.12,-12.68,-1.08,8.15,13.6,4.51,-7.45,10.35,9.36,-1.97,17.6,-3.85,-11.28,0.33,-16.5,6.99,-0.16,3.88,2.64,-0.31,0.91,0.34,-0.87,5.13,1.77,3.98,3.89,-11.06,-3.05,-0.57,-8.67,-3.37,0.27,10.34,0.71,-0.51,1.12,-8.85,5.45,0.84,0.35,0.58,12.38,-1.38,-0.9,-0.01,-2.78,-4.4,0.61,0.51,9.41,2.09,0.74,-9.22,1.62,-7.48,-0.13,-1.28,-0.15,1.17,-14.94,-4.6,-0.38,-1.65,-11.57,-0.07,-0.42,2.13,0.81,0.43,0.99,-2.65,1.51,0.64,-0.18,5.67,15.43,12.7,-181.2,-1.07,1.39,-4.99,-18.93,-0.95,0.01,7.39,0.4,0.1,-2.5,9.37,0.5,0.1,0.09,15.18,-1.58,-0.49,-5.59,-5.58,-0.3,-10.19,-0.5,-0.35,0.08,-12.62,20.66,1.37,-0.64,0.14,-2.57,-1.01,-1.06,6.75,0.35,-1.49,-0.44,3.65,-22.15,0.16,-1.72,0.51,-6.92,1.18,4.02,-7.67,-12.23,-5.08,-0.28,-2.42,2.21,0.7,16.46,4.42,-1.07,-0.31,-1.58,-0.53,0.21,0.73,6.53,-3.03,9.93,-1.11,-2.22,-5.28,-1.27,1.04,-5.37,-1.18,-10.0,-0.02,-1.1,14.58,0.35,-0.83,-3.54,0.04,2.48,5.55,4.55,1.23,-0.13,2.22,-1.79,-0.19,-0.43,2.17,0.73,1.34,0.35,1.96,-7.74,0.64,-2.67,2.37,-0.66,0.22,0.55,0.13,4.7,-0.75,-20.29,-3.34,4.5,-0.73,-0.24,-0.65,-1.31,-4.65,-0.94,-8.06,1.13,0.6,12.91,18.24,0.8,0.32,3.56,-0.29,0.8,-41.18,-1.19,0.24,-0.27,-3.72,-3.27,-20.08,-5.72,-1.3,-0.04,3.99,0.97,0.61,-0.76,0.03,0.3,4.32,1.39,-1.27,2.9,-0.93,5.2,0.63,3.92,16.18,-0.47,14.59,0.31,2.34,11.02,0.62,-5.77,-2.43,0.13,-1.41,0.02,11.32,-0.07,-1.37,10.88,8.72,0.11,-17.24,-6.98,-10.7,13.0,15.12,-3.56,1
-0.56,0.15,-17.93,-0.81,-0.18,2.42,1.37,9.24,1.41,-5.85,-9.33,2.08,0.08,9.74,6.61,-6.16,18.58,0.13,-1.3,-1.9,10.54,-7.08,-1.7,1.26,-1.69,-4.3,-4.58,1.4,-0.08,-5.63,1.27,-3.12,0.32,-4.41,5.83,1.35,1.53,-0.92,-2.81,0.42,18.98,0.22,-0.21,-2.31,-0.53,-0.7,-8.98,0.78,-0.25,-2.09,12.25,3.18,-1.43,-0.33,4.19,-1.4,4.01,9.12,2.15,1.94,12.33,-0.05,-1.51,0.63,5.8,1.17,0.5,-0.89,2.14,-12.59,0.33,-4.95,1.32,-0.02,0.38,0.98,-16.52,3.24,-1.67,1.16,0.56,11.23,-1.39,-0.21,1.46,-1.97,2.37,-0.94,-6.63,-3.32,-7.73,0.19,3.4,1.33,-1.1,0.48,0.15,-0.58,1.1,2.93,0.8,-0.52,-0.27,-4.45,-0.72,0.42,-1.5,-0.06,-9.82,1.89,-7.51,-2.17,2.03,0.94,-0.89,6.51,8.24,4.17,-0.87,-2.63,-15.55,-1.68,1.69,-1.64,-1.94,-0.68,8.93,16.72,1.26,0.7,0.29,-3.59,6.16,-0.95,0.52,-23.52,10.15,0.94,-12.02,-1.87,-1.97,-21.64,0.55,24.79,9.35,12.9,0.08,-3.37,4.34,-2.06,-0.03,-8.81,8.5,0.71,18.37,1.02,18.45,-0.01,0.28,-0.64,1.3,23.45,3.06,10.61,6.34,2.17,0.05,-1.33,-3.49,11.34,-0.37,6.63,-6.07,-1.48,0.14,0.14,-1.14,5.47,0.11,-0.03,-2.82,31.89,-1.97,-13.85,-0.14,6.53,-0.02,-13.56,-0.32,1.89,-1.26,-0.04,-6.97,-9.4,0.88,0.67,4.36,0.53,-13.75,0.58,0.25,3.04,-13.98,0.46,-10.04,-0.59,9.33,20.29,0.76,1.09,-1.26,-1.46,-0.14,0.91,-13.45,-0.39,-0.61,-1.74,-0.46,0.24,-0.96,15.93,0.57,-0.18,1.11,0.95,-8.07,-5.03,0.14,-8.45,6.11,-1.73,2.47,6.85,6.9,1.18,-1.11,0.57,-1.93,-10.52,0.32,0.43,-17.5,-10.5,-5.47,0.74,4.42,13.9,-0.58,10.4,-8.02,-7.53,0.81,6.49,-0.57,-0.74,7.2,-3.99,-0.03,-0.51,0.62,3.21,10.25,1.61,-0.1,0.79,-4.76,-0.61,-5.05,8.69,-2.33,2.73,17.27,-14.36,-1.03,-11.38,-9.48,-7.6,1.86,-1.71,2.49,1.22,0.2,-3.14,-1.35,0.23,0.43,-0.16,19.59,-0.18,-4.88,-19.94,-8.14,3.07,0.21,3.09,10.54,-2.14,-18.16,-1.0,0.11,-0.04,9.08,-19.55,-0.93,-0.46,-1.58,4.18,1.67,-1.23,0.79,2.1,-9.3,-1.79,0.5,-14.38,0.68,-0.11,-8.81,0.92,13.43,-25.28,-4.59,0.08,0.34,5.45,-5.97,1.75,-0.61,2.14,0.62,-0.03,0.75,0.52,-1.51,-0.3,2.38,-0.25,-1.75,-1.45,-1.55,0.81,1.47,12.4,1.62,0.13,5.06,-8.49,-1.34,0.46,6.03,-1.63,0.53,0.59,-2.46,1.52,0.38,0.36,-8.13,-0.91,-0.64,13.32,-1.44,-2.27,-15.23,5.11,-0.28,-0.24,-6.97,-15.27,-0.36,3.77,0.76,4.77,-1.58,0.16,6.3,1.36,3.36,-0.58,-1.02,-1.12,-0.62,-0.65,0.29,9.2,11.92,-9.09,0.68,-2.95,15.52,0.15,-0.79,4.88,-0.04,-2.42,-14.65,-5.35,-5.08,0.34,-0.75,0.26,1.41,-11.92,-1.67,1.53,-1.24,0.6,-10.38,-3.51,-0.3,-19.05,-0.52,-13.91,1.2,-0.94,-7.36,-1.18,-1.3,-5.84,0.67,-6.14,-13.52,0.23,-12.73,-0.26,11.41,5.79,1.13,-0.77,-3.82,-0.13,0.45,0.09,-0.89,4.46,-0.18,-13.38,-10.4,-1.21,1.29,0.58,-0.34,-6.21,1.45,-11.08,21.82,4.27,0.2,-1.64,0.7,-0.92,6.57,-1.51,8.89,-0.31,0.58,13.64,2.24,0.33,0.7,-17.06,-1.01,0.24,-7.54,-0.9,1.78,0.06,-3.6,10.27,5.25,-12.14,0.64,-0.48,-5.81,-1.61,0.04,-0.73,0.95,-0.25,13.17,-0.5,-0.17,3.03,-0.93,-10.04,-18.25,-3.74,-26.06,-0.77,3.35,1.4,5.62,4.83,0.68,5.56,3.38,-0.82,1.13,-0.81,10.34,0.35,-0.11,2.98,-17.95,-16.43,9.06,18.74,-9.77,-5.59,-9.02,1.67,6
0.2,0.58,4.27,2.14,-0.24,-11.07,1.44,-6.28,1.12,-9.79,-8.25,0.09,-0.17,-0.94,-3.07,-3.98,-5.45,1.06,-1.85,-3.39,-0.66,-2.56,-26.08,-4.54,0.39,-1.1,-8.36,0.58,-0.87,17.48,-0.8,0.13,1.33,15.61,6.32,0.31,-10.5,0.3,-8.19,0.75,-11.27,-1.16,-0.72,16.71,-0.74,-0.49,10.61,8.98,-0.25,1.86,32.82,0.17,4.73,0.44,10.95,-0.53,2.98,-0.53,0.78,1.49,-13.51,0.02,-1.36,-0.93,-17.37,0.22,-0.04,0.54,1.07,-23.54,0.06,-6.92,-0.54,-5.74,1.13,-0.73,5.02,-10.75,-0.14,-0.35,0.68,8.88,-0.98,0.28,-0.35,-0.71,-9.29,1.99,-0.74,18.26,10.07,-1.05,-1.04,-0.31,0.1,0.62,-0.89,-0.81,-0.3,19.57,0.71,-0.98,-0.73,10.73,0.8,-1.65,0.44,-1.17,-11.42,-18.37,-16.4,-1.34,-0.26,-0.06,-8.62,5.61,4.83,-4.41,-1.52,-3.53,-8.32,0.48,-1.11,-0.15,-0.39,1.45,1.68,3.78,0.38,0.11,2.03,-9.66,9.01,-1.41,0.82,0.91,11.23,1.84,11.5,2.51,-0.55,4.9,0.13,-2.02,-14.84,8.88,-1.43,-5.4,6.43,0.27,-0.84,-3.81,1.11,1.37,12.76,0.12,-11.43,-0.7,0.79,9.17,0.48,-11.68,10.13,1.72,8.3,-0.72,1.03,-0.98,-9.76,16.27,-0.72,8.31,-16.29,0.82,0.71,0.39,4.25,10.86,0.05,1.31,5.39,28.1,-1.2,4.03,-1.16,7.97,-0.95,10.02,7.84,-6.61,0.83,1.12,3.53,-3.28,0.04,-2.43,0.01,1.28,-0.81,0.43,0.86,3.94,-8.97,-0.52,-1.22,0.22,16.53,12.92,-0.52,2.02,-0.36,-1.01,-0.08,-7.12,15.31,0.52,0.81,0.79,0.44,-1.85,0.11,4.38,0.43,-0.68,-0.02,24.31,-9.24,7.71,-0.97,1.23,13.2,0.47,3.74,8.22,14.3,-0.22,1.19,0.93,-0.3,-2.84,-1.35,0.45,2.77,4.74,-17.74,-0.35,-13.91,8.1,1.66,-9.49,-2.56,-9.62,0.45,2.8,1.42,0.89,-8.1,-4.4,0.95,0.35,-0.31,1.02,6.3,1.72,0.08,0.65,-10.33,-0.7,-11.87,-11.31,22.33,-10.37,3.1,-12.19,1.06,-20.0,-11.53,-0.93,0.52,3.81,11.47,-0.35,7.66,-5.72,0.02,-0.76,1.28,0.97,-19.45,0.88,-5.61,-4.28,22.29,9.75,0.47,11.93,-12.87,23.49,10.3,0.7,1.72,-1.09,2.83,12.01,1.66,-3.39,0.58,-1.07,2.24,0.72,1.37,14.36,13.44,0.66,-0.08,-3.24,1.65,-0.9,13.89,-1.51,17.93,-0.74,-4.6,0.67,-0.49,-3.39,-10.48,-0.52,-0.63,19.91,0.36,2.01,-2.54,0.41,0.04,-0.36,6.26,-0.24,0.09,-0.95,6.09,-11.56,5.03,24.71,0.22,0.48,9.5,-4.43,-2.34,-0.71,-0.99,-0.39,1.38,-14.16,3.17,-1.01,1.0,0.5,8.57,0.05,-2.05,7.76,0.28,0.26,-5.52,12.94,-0.57,-0.06,-18.89,3.88,0.72,-6.88,0.12,12.48,0.82,0.04,19.6,-1.53,-0.31,-1.0,7.86,7.7,1.19,-0.55,4.02,12.63,11.8,7.98,4.21,14.66,3.39,0.44,-0.27,0.69,0.47,1.47,-0.67,-1.24,1.89,0.17,1.06,1.01,1.27,-6.91,-5.33,7.08,-1.75,-0.1,3.42,16.1,-2.26,1.89,-0.42,2.23,0.62,-0.01,-8.35,-0.43,-1.26,0.73,0.22,-0.43,10.78,-0.37,-10.91,1.27,-18.32,-3.34,1.92,0.95,5.6,2.19,-0.16,0.21,-0.57,3.4,1.74,7.52,6.35,-0.93,0.46,-0.67,0.34,-7.71,1.44,-3.83,-2.66,15.13,0.11,0.93,-2.61,1.3,-9.09,1.26,3.75,-1.57,0.55,-4.0,13.33,0.11,0.53,4.93,0.96,0.14,-53.8,0.2,-1.07,0.53,24.48,9.39,-8.9,-28.3,-0.56,0.83,-1.99,0.37,0.79,-0.92,-0.58,-0.23,-9.03,-0.18,-0.92,9.46,1.02,-6.61,6.71,-5.71,-17.72,-0.26,8.34,0.72,11.77,-5.34,0.47,3.54,8.06,-0.13,1.86,-10.28,-9.29,-0.21,-0.15,3.78,-0.14,6.21,-5.71,-0.41,0.24,0.69,10.48,8.14,11
-1.63,1.32,12.94,2.1,-0.18,2.38,0.23,-10.65,-0.96,3.54,-3.2,-0.41,-0.35,7.34,-10.59,4.24,-9.96,-0.22,-0.31,-1.46,-2.86,-6.43,-2.67,21.54,0.7,-5.0,4.96,-0.91,-0.68,9.43,-0.73,23.13,-0.65,-7.03,4.66,-1.48,2.88,0.45,-2.13,-0.75,17.1,-0.84,0.69,-12.77,-0.29,-0.42,-7.39,-8.12,-0.29,3.79,1.32,-2.62,-11.19,0.15,14.48,0.02,5.07,3.0,-0.47,1.14,-12.25,-1.25,0.91,0.48,-15.54,0.58,1.44,0.66,-1.09,18.14,-1.82,-11.37,1.21,25.22,0.39,-1.14,13.09,10.88,0.96,2.87,-1.76,-15.8,-2.59,0.94,-0.12,-0.59,0.86,-6.64,13.71,11.57,9.97,0.94,-22.4,-1.08,-0.11,0.46,0.73,1.04,0.13,5.05,0.05,-0.22,1.19,3.81,-0.61,-1.71,-0.2,0.07,-0.53,7.76,6.21,-14.58,1.06,-0.23,19.03,3.49,-10.46,19.66,1.9,-17.23,5.44,-0.04,0.11,0.43,-0.66,0.1,-4.48,-2.04,0.26,-0.59,-0.65,3.05,1.4,-0.48,-0.15,2.13,-28.89,-0.29,-9.19,-5.97,-1.32,3.92,1.53,8.28,-3.11,-11.23,-0.99,-3.01,15.52,0.12,0.99,8.63,-0.52,0.5,-7.25,1.58,-4.52,-1.0,0.07,-1.75,-0.85,-4.52,1.47,6.95,-12.77,-0.05,-1.07,-0.92,-14.91,7.88,-1.14,-5.3,3.95,1.08,0.59,-0.91,-3.22,-22.88,2.07,-7.93,-14.14,4.26,0.41,0.1,0.58,-0.69,-2.21,18.84,2.86,8.6,0.48,-0.75,-1.4,-7.1,1.04,1.63,-10.12,-2.21,-6.44,-1.41,-2.43,-11.49,-7.6,-0.95,3.79,-1.73,5.84,11.56,0.57,5.74,1.07,-1.28,0.44,2.94,-14.29,-0.61,2.1,-1.18,-0.37,0.11,0.58,15.66,0.46,0.48,-0.1,5.88,-5.68,1.59,3.35,1.33,-4.6,0.39,-18.83,-4.58,-1.97,-1.73,-0.55,0.83,-1.31,21.92,0.51,-0.44,-27.11,8.35,-4.98,0.33,1.31,-9.87,-1.12,-2.07,-15.35,-7.39,-1.48,5.65,-0.33,-0.98,4.48,6.38,-2.72,0.03,-1.37,-1.1,0.51,3.11,-2.01,-0.12,5.81,0.1,-1.45,-2.94,-6.79,-15.22,17.4,3.03,-0.65,-7.09,16.14,27.41,-1.24,-4.7,2.35,-0.18,-14.32,-13.82,-0.25,-0.47,-0.12,0.04,7.73,-0.32,-14.18,-8.69,8.61,-3.63,-0.93,-7.16,9.83,-11.36,-11.12,0.61,-0.92,1.67,5.71,5.88,-0.95,1.1,0.4,-6.63,-0.46,1.14,0.31,-0.81,6.96,-0.05,-1.01,2.64,1.08,-0.26,5.75,-2.43,-0.8,-3.77,-1.71,0.67,-1.02,-3.68,-2.75,-0.39,-0.17,-1.89,-0.62,1.56,-10.45,1.14,-0.3,0.04,-17.23,-1.06,1.1,-0.08,-4.44,-3.14,4.37,-47.78,-1.54,0.47,-3.37,1.85,0.74,0.07,-11.57,-0.31,-1.32,16.37,-22.73,-0.78,2.06,0.13,1.3,1.87,1.03,-15.62,9.39,0.42,5.29,2.15,-0.16,-2.0,11.69,-0.55,0.33,-18.7,-0.32,9.32,-0.7,-0.47,4.41,0.04,-2.67,-0.86,-10.46,-9.86,-0.54,-1.2,1.44,4.74,-0.51,-1.19,10.59,15.82,-2.94,0.06,-1.19,0.65,-0.71,10.08,4.29,2.14,-6.03,-0.46,0.4,0.26,-1.52,-0.92,-6.58,-9.67,0.7,1.53,-7.31,-9.72,-0.78,7.3,-0.45,6.51,-0.92,0.42,10.21,-1.3,0.23,-6.36,0.77,9.95,1.95,-4.08,11.88,1.42,4.52,14.36,-0.07,-0.14,0.25,-0.69,-0.32,-0.41,-0.91,4.31,0.8,-9.65,-6.34,-1.38,-0.64,-0.9,-0.34,-8.42,-1.7,15.24,-4.03,-3.78,0.98,-0.2,-1.08,-1.0,8.14,0.67,-2.44,-1.84,-0.1,11.2,2.06,-0.4,0.24,-11.2,-0.24,-0.15,28.53,0.74,-0.88,-1.02,5.43,-1.22,19.46,-4.35,-2.05,0.8,13.54,0.69,-0.91,0.9,0.5,0.02,-5.87,0.77,-1.03,-0.49,-0.56,6.51,16.7,-12.04,3.89,-1.01,-6.58,0.47,-7.8,-2.28,-0.25,6.48,-14.36,0.11,-0.29,-4.87,3.68,0.41,0.79,1.83,2.51,14.1,-7.9,11.74,14.96,19.38,-5.8,9.5,11
-0.31,0.15,-0.14,0.32,1.23,-9.47,-0.12,3.29,0.25,9.92,-6.06,0.79,1.04,14.26,0.94,-7.97,-1.16,-1.13,0.11,-1.13,5.28,6.12,1.79,-4.78,0.9,-16.47,1.67,-0.42,0.69,16.11,-1.47,5.31,1.02,-7.45,-11.59,0.39,12.65,0.71,-8.77,1.99,-3.41,0.09,0.12,0.89,0.53,-0.73,-4.63,1.5,-1.47,-10.57,-15.21,-8.48,19.25,0.05,-6.04,0.96,-3.12,14.7,0.83,-0.08,-2.2,0.52,2.02,-0.26,11.15,1.05,-1.1,0.3,2.07,1.34,0.61,3.43,1.16,0.87,0.65,1.09,-3.37,8.26,-1.39,-0.47,-0.69,-12.45,0.32,0.73,0.33,1.33,5.85,7.57,-7.31,10.92,-6.11,1.06,5.5,-0.65,-0.15,0.21,-0.66,0.03,-1.51,17.86,-0.66,0.55,-2.66,6.3,-1.15,-1.33,-0.3,1.34,15.11,16.15,-10.54,5.75,-1.56,0.09,-5.36,-13.69,-12.99,9.21,-1.18,5.98,-7.51,-0.02,0.39,0.01,-0.55,-1.72,7.88,7.02,1.01,0.19,-0.6,6.69,-2.25,0.19,0.27,-8.98,7.46,0.34,10.4,-13.84,0.4,-4.95,-0.03,12.81,-0.2,18.11,-0.49,-9.62,2.26,0.97,1.0,-13.12,6.8,1.63,7.71,1.64,7.55,-1.5,-1.97,-14.55,2.81,8.98,1.68,-13.28,-1.58,-1.16,-0.89,-1.65,0.76,6.96,1.25,-8.84,6.28,-0.18,0.59,-0.43,-4.73,-0.23,-0.34,2.33,12.23,8.92,2.2,5.15,-0.3,-4.95,-0.91,0.4,-5.37,9.83,2.05,0.03,11.89,9.84,-0.58,0.33,-13.7,-1.97,-14.86,1.81,-0.1,-2.47,1.03,-0.45,5.65,-0.07,16.17,2.0,1.72,-6.58,-0.4,0.55,0.51,-10.62,10.57,-0.6,-0.19,-0.69,-0.28,1.68,2.63,-15.31,-0.29,-0.44,-1.86,-21.37,9.76,8.92,6.99,-14.79,2.06,2.44,-2.38,6.23,-6.02,-0.36,-0.13,1.97,0.25,-9.04,-1.25,-0.22,-9.19,-7.08,-8.91,0.53,-5.99,5.47,0.15,-9.59,-11.43,6.25,-1.68,9.49,1.03,-0.66,3.18,-23.24,0.67,1.38,-0.61,-1.79,9.86,-0.45,-0.81,-0.78,-2.76,2.51,-2.09,3.95,-11.14,-5.46,-7.52,2.48,1.76,-6.41,10.01,6.7,-0.45,-5.81,3.42,3.19,-10.15,-7.12,0.52,-0.59,0.35,-0.55,5.88,-3.02,11.79,11.39,8.31,-4.19,0.48,-8.46,3.26,7.64,10.97,0.72,0.82,1.21,-11.2,-1.84,-1.19,1.93,-1.6,4.67,-1.93,0.61,-1.84,9.69,-17.13,0.42,1.53,14.89,0.26,2.19,2.65,0.91,-7.74,-3.11,18.57,0.19,2.01,-6.47,8.64,0.77,-0.32,3.77,-0.71,-1.96,-6.17,0.2,0.15,-0.69,10.69,1.38,-0.7,0.85,-18.11,-6.4,-10.21,64.72,1.78,0.18,-7.95,12.85,-1.45,1.1,3.95,0.25,-0.53,6.0,2.8,1.8,0.2,0.33,2.33,-1.38,-1.16,-4.61,-1.65,-0.46,-6.14,-7.41,-0.39,-0.22,-9.56,-3.1,1.26,1.77,-0.73,-16.55,0.06,0.32,-0.8,1.01,-8.81,-0.04,7.63,-6.23,-0.21,0.04,-0.6,3.72,-5.3,16.1,-15.87,4.42,-12.28,0.91,-0.04,4.92,0.19,-9.12,-8.0,0.36,-0.57,0.32,0.26,-1.17,1.74,-0.06,3.11,3.27,0.09,-0.99,6.43,4.97,-1.48,9.96,-0.75,-0.79,-0.79,0.35,-5.52,-0.07,0.3,-6.72,-1.87,9.66,-4.55,-11.75,-0.74,-0.93,14.22,11.43,-0.54,-1.73,5.01,0.11,-0.08,-0.03,0.99,9.74,0.66,-25.94,-0.23,0.7,-0.75,0.08,0.36,13.24,1.69,-16.09,-5.94,10.43,0.63,-1.3,1.0,0.12,12.0,2.45,10.2,-0.17,2.53,0.13,-4.37,-0.98,0.83,0.92,-0.38,1.43,-148.0,-1.11,-0.06,-0.07,0.62,5.07,6.31,-15.92,-0.53,0.32,-1.93,-2.21,0.27,-0.19,-2.11,1.23,-10.34,-2.22,-0.05,-2.99,0.72,1.34,-4.57,8.27,7.82,2.07,-2.58,0.29,3.71,2.47,0.44,6.5,-4.36,-1.35,0.27,-12.97,0.68,0.6,0.81,6.93,-8.08,-10.58,1.37,14.63,-2.3,-13.94,-6.91,-9.72,14
-0.12,0.51,16.16,1.78,1.11,-8.45,1.15,-9.71,0.28,-11.2,-6.4,-0.35,1.12,0.27,-5.04,4.66,-4.14,-1.56,-1.82,0.04,16.28,-10.44,-4.53,1.03,-0.26,0.01,5.26,1.71,-0.19,4.4,0.15,-0.27,0.63,2.01,-7.23,1.29,3.1,1.0,11.74,0.38,17.52,-0.28,1.2,-8.68,2.69,-0.04,13.68,-7.41,-0.58,4.54,3.81,2.45,13.68,-0.63,2.33,-0.71,-0.38,-3.34,0.09,0.84,6.05,-1.77,-1.27,0.24,0.95,1.34,-0.38,0.99,0.59,5.8,-0.09,-0.44,-1.12,-1.97,-0.21,0.64,-7.9,2.67,-1.33,0.34,0.29,-5.95,0.74,1.3,0.95,1.02,-9.34,0.45,-21.56,-0.08,-2.03,0.35,0.6,-0.14,0.67,0.9,-0.92,-0.99,2.08,7.17,0.2,-0.2,-0.54,19.83,0.17,1.16,0.51,1.37,5.81,-6.53,-16.2,10.56,0.22,-0.89,2.34,7.69,-2.09,-3.16,-1.62,-5.63,3.96,1.67,-0.83,1.23,-0.16,0.02,-16.13,-13.2,-0.33,-0.19,-0.11,26.12,-6.55,0.4,0.75,-13.71,4.92,0.96,-0.83,8.31,1.12,3.03,-0.18,1.81,1.79,-8.63,-0.84,-2.36,-2.71,-1.51,-0.07,2.55,-6.53,-0.69,-6.57,-1.24,-12.91,2.12,-0.92,-2.92,0.0,8.0,-4.41,-14.68,0.2,-0.07,-0.78,-1.81,-10.31,3.96,1.88,4.53,-3.04,-0.67,-0.36,0.93,-5.39,-16.23,1.32,-12.09,-2.79,12.73,-0.95,-1.51,0.28,16.35,0.16,-3.82,0.72,13.15,1.95,-0.3,24.81,-11.84,1.75,-0.11,7.71,-0.19,1.96,-0.36,1.14,7.38,19.72,0.35,-3.13,-0.44,8.73,-3.88,1.21,-6.92,-0.19,1.1,-2.42,-5.9,-1.28,1.74,-0.02,1.08,1.16,0.08,-0.88,-1.69,-0.08,-0.99,-0.65,1.65,-1.34,21.07,-4.83,5.22,-5.37,0.3,-15.62,4.7,-1.2,-0.49,0.14,0.95,1.78,6.75,0.11,-0.27,-16.18,7.9,7.95,-0.03,9.41,3.83,-0.0,0.6,10.31,-18.91,1.5,-10.56,-0.45,-1.97,-4.14,-24.41,-0.18,-0.5,0.28,1.14,-7.16,1.13,0.99,-0.12,-7.79,1.13,7.59,0.13,-25.25,6.02,-13.83,2.7,-1.29,-3.55,1.59,-3.21,-0.15,-8.54,-11.05,3.52,8.57,-1.91,-0.64,0.46,1.11,0.3,7.43,0.76,7.16,7.0,7.5,6.06,-0.09,9.33,-7.44,3.62,5.25,-0.92,0.51,0.27,-0.8,2.96,0.16,0.71,0.67,-9.6,0.61,0.94,-2.3,3.22,-6.32,0.42,-0.19,1.73,0.67,0.08,-5.22,1.09,11.57,0.28,8.83,-1.52,0.61,-6.86,3.74,-0.58,1.57,-14.51,-1.42,-0.5,-17.32,-1.84,0.95,0.89,-16.73,0.92,0.36,1.02,-4.53,2.0,4.65,-60.16,0.95,0.14,-9.35,14.29,0.28,0.14,2.82,1.05,0.0,-3.62,16.34,-0.25,0.8,-0.72,2.45,0.57,1.69,-3.81,8.83,-0.23,-1.28,8.12,0.66,-1.03,14.27,2.91,1.89,6.12,1.01,-0.82,-1.04,1.28,-7.84,-0.3,-6.85,-0.34,0.77,9.66,0.9,-1.81,0.24,-19.22,-3.47,15.3,-8.57,12.64,-8.02,-1.5,-0.78,-13.14,0.49,-3.08,11.35,11.37,2.28,0.12,-1.48,-0.56,0.39,5.57,-1.64,5.6,1.49,-1.52,-14.53,-22.99,-0.32,5.61,-0.15,1.08,-0.62,-1.04,-3.02,0.8,-0.04,14.58,-0.45,-10.35,-8.27,12.2,-4.54,1.09,-7.38,6.15,-0.44,2.54,-6.61,1.74,-1.72,-1.22,0.55,0.57,-0.94,-2.96,-2.42,0.33,-0.5,0.13,-1.28,10.65,0.76,-6.95,0.65,-18.47,0.0,-0.79,0.46,-0.19,-3.31,0.5,-0.7,-0.35,0.32,21.36,1.18,0.92,0.21,3.82,-1.5,-0.9,-54.0,0.39,-0.6,0.71,5.34,-3.81,0.87,-4.48,-2.68,1.38,-7.94,0.37,-1.96,1.66,0.37,-0.8,-2.16,0.39,-1.29,3.43,-0.31,-3.57,-1.49,6.46,-12.16,0.57,-13.65,0.21,16.09,-14.81,-0.94,6.87,-3.49,-0.08,1.89,-3.2,4.88,-1.23,-0.4,-9.91,-4.21,10.86,-1.61,4.58,-2.35,1.54,-0.69,5.24,0
-1.32,0.78,-6.12,0.35,2.34,-1.51,0.45,-5.44,-0.8,-3.74,-0.93,-0.11,0.98,-13.14,-30.17,0.86,-5.16,0.82,-0.28,-2.79,2.69,3.32,-3.12,7.56,1.65,8.63,-3.65,-0.35,1.16,14.83,-0.19,6.08,0.05,7.22,6.5,-0.12,-2.86,0.17,3.86,0.88,-16.65,-0.3,0.51,14.86,-0.96,0.08,-8.28,-1.88,0.21,12.82,-7.69,5.44,-4.87,1.19,-5.27,1.19,1.54,6.17,0.08,-0.11,-7.14,0.66,-0.42,1.32,3.05,1.38,-0.76,-1.75,0.2,9.43,-0.42,10.36,-0.19,8.51,0.33,2.03,12.39,-0.16,-0.58,0.51,0.53,-9.47,0.34,-1.6,-1.29,1.47,-9.12,2.66,-7.54,1.89,-20.95,1.78,13.69,-0.22,-0.24,-0.35,0.49,0.64,-0.85,15.52,0.03,-1.31,0.28,-1.67,-0.61,1.44,-0.94,-0.64,-2.39,3.61,21.65,3.63,0.69,1.37,14.36,-7.87,6.47,9.53,-0.79,1.11,5.96,-1.19,-0.91,0.12,-0.92,-2.06,14.22,-15.96,-0.09,0.31,-1.13,0.92,4.47,0.02,0.29,-1.74,-12.84,0.61,-7.53,-14.18,-0.61,-15.19,-1.26,-9.26,4.04,8.82,-2.37,-12.84,0.06,0.95,-0.69,25.44,16.74,1.13,-2.26,-0.12,2.02,1.82,2.95,-17.54,2.19,-16.41,4.37,-14.79,2.85,0.13,0.46,0.1,-4.24,6.16,0.39,20.27,-7.61,0.31,1.66,0.16,3.73,23.6,0.83,6.61,9.67,-0.57,-0.07,-10.92,0.27,0.55,1.02,10.48,6.18,1.24,-1.34,1.02,0.96,14.96,0.47,0.15,17.73,0.98,-5.58,-0.39,1.53,12.18,-9.37,1.08,-14.78,0.18,1.9,-13.88,0.31,14.72,1.07,0.88,0.55,2.4,-6.03,-0.59,0.01,0.42,0.6,0.02,-0.6,-0.83,-0.47,1.48,0.69,28.35,6.53,0.19,-1.31,-1.97,8.83,0.33,-0.02,-5.1,-2.96,1.6,0.74,0.27,0.79,5.21,-1.73,-0.6,-14.12,-3.94,-17.12,-0.35,15.21,-6.26,0.71,-3.68,6.89,-5.06,0.27,-2.06,0.36,-0.38,0.93,-11.49,0.5,2.02,0.39,-1.18,-0.69,-0.37,0.36,0.26,6.33,-1.12,-19.9,13.74,12.6,10.14,1.83,-3.47,0.26,-6.24,1.42,7.21,0.61,1.89,19.89,0.36,-5.87,-13.17,0.11,0.1,0.43,0.92,13.43,-0.54,-7.73,-2.45,-7.97,-26.16,0.38,-2.62,-8.27,-12.92,-1.49,-1.37,-0.23,-0.58,-7.81,1.67,0.76,-0.36,0.36,15.91,1.68,1.79,0.13,0.78,-10.49,1.67,0.43,-2.24,-1.27,1.33,-15.06,-0.36,5.85,11.03,16.69,-0.15,-0.12,3.35,7.26,-0.27,1.49,3.21,-0.35,-0.33,3.86,-0.79,1.46,-1.15,-7.36,-2.36,-1.41,0.54,-5.9,-6.11,7.72,-14.43,-0.83,1.18,-3.28,-11.0,0.44,0.38,5.73,0.69,-0.39,20.09,4.98,1.61,-0.47,0.94,1.36,0.99,-2.59,0.31,0.22,-0.3,15.11,-0.63,-1.55,1.51,-8.52,-5.32,-2.08,-4.65,0.29,-2.68,-0.19,1.15,11.76,0.86,3.04,1.61,-0.56,8.91,-0.46,-1.63,-0.41,15.15,13.78,-5.22,-4.29,3.59,5.4,0.99,0.29,-4.86,0.33,7.59,-1.39,-3.2,5.49,0.12,0.95,0.5,0.03,-7.0,14.54,6.62,-0.89,1.32,-9.79,-2.18,-0.23,13.72,-1.17,-1.3,1.36,-1.35,-9.51,0.05,-0.19,17.48,-0.9,-1.1,17.69,-5.76,-15.22,-2.38,0.92,-2.89,0.35,1.34,4.41,0.36,1.05,0.09,-0.94,-0.16,1.38,3.71,12.15,-0.92,0.15,-0.34,-0.29,-7.43,0.37,1.66,12.11,14.2,-1.27,0.59,-1.56,-0.64,-16.86,-0.97,-4.47,0.06,-0.01,0.73,-9.86,-0.32,-0.16,-4.91,0.09,0.65,-104.22,0.85,0.02,0.48,-0.75,-10.58,-1.79,-0.13,-1.0,-1.17,10.28,0.53,-0.31,-0.58,-1.9,-1.68,5.56,-0.34,-0.58,0.64,0.44,0.93,-2.62,17.57,2.41,0.9,-19.06,-1.07,7.88,0.37,-0.29,2.53,0.82,0.03,0.16,4.8,-2.54,-1.12,-1.22,-3.29,-1.47,-6.9,-7.79,2.35,11.08,4.63,3.15,14.6,13
-0.69,0.27,-1.5,-0.99,0.4,3.38,-0.04,-1.96,-0.14,8.28,-11.33,-0.5,-0.28,-1.28,-1.04,4.3,9.16,0.29,0.02,-0.78,16.58,-1.58,9.71,3.97,-0.08,2.57,-8.31,-1.25,-0.7,1.27,0.68,3.74,1.57,0.73,-15.65,-1.29,-8.62,-0.35,8.99,-1.64,17.32,0.99,-0.67,-17.7,1.42,1.06,8.29,-0.93,-1.0,6.46,-2.78,13.14,11.12,-1.9,2.04,-0.01,16.9,7.42,-0.3,-0.04,2.98,0.79,-0.07,-0.36,1.84,0.71,0.53,0.99,0.12,-16.63,0.45,-1.46,-1.88,12.89,0.98,1.74,-2.98,-7.08,0.02,-0.44,0.28,8.19,-0.9,-0.72,0.66,-0.03,10.47,8.93,1.01,5.91,12.31,-0.39,-2.75,0.22,-0.92,-0.62,0.45,0.19,0.05,7.24,0.14,-1.17,0.16,0.07,-0.07,2.0,-1.02,-0.37,-10.21,-10.71,7.72,3.65,0.98,-0.49,-8.58,7.12,-4.82,0.22,1.03,-5.08,-8.74,-1.15,-2.25,-0.79,0.73,-0.74,8.67,-7.54,-1.07,-0.14,0.43,7.23,9.81,0.14,0.38,14.67,6.09,0.15,-7.4,-19.45,-0.65,-24.55,0.59,3.04,-10.77,8.91,0.23,2.74,-11.3,1.99,1.54,-6.54,7.25,0.34,9.13,-0.14,15.82,-1.26,1.0,2.99,0.44,-8.74,-4.86,-7.25,2.14,-1.06,-0.15,-0.08,-3.75,-3.71,-0.66,-6.85,-15.16,1.42,1.58,1.0,-4.13,-4.84,-0.82,-4.61,6.68,4.17,-1.6,-5.82,-0.26,-7.31,-1.19,-13.41,-4.28,-13.29,-0.9,0.07,13.06,-7.51,0.99,-1.28,-2.2,0.75,-1.92,0.52,0.25,-8.49,-4.39,0.15,-7.67,-0.65,-14.4,2.68,-0.16,5.24,-1.47,1.01,-0.09,-7.73,14.27,-0.53,-0.07,-0.03,1.26,-0.15,-0.5,5.17,2.36,-0.57,-0.05,-0.18,1.51,1.91,0.67,2.35,-13.07,-0.78,-10.8,-0.33,15.02,-0.85,-1.13,0.59,-1.52,12.83,-0.08,0.57,-6.32,14.95,-10.72,-1.02,2.15,-6.23,0.2,-7.15,-6.39,11.56,0.92,4.8,0.73,-0.82,-11.23,-3.68,-0.65,1.86,-1.26,0.56,-9.73,3.07,0.13,0.2,-0.33,-0.84,-4.68,2.79,16.17,13.13,-5.09,17.38,-1.63,9.9,-8.71,-8.62,-1.48,7.64,-10.84,-0.53,-2.94,21.29,-0.24,0.24,0.44,-1.32,8.85,0.31,1.11,12.01,-3.91,-14.13,0.99,-3.22,13.32,-2.68,-4.38,0.22,-0.83,1.25,-0.54,11.58,-0.7,1.6,1.16,9.54,-0.93,-0.05,1.9,4.54,0.17,-1.79,-0.16,5.63,-0.38,1.27,2.91,0.02,18.09,-7.63,-0.05,0.75,-0.34,-4.43,6.08,-0.17,-0.94,-7.03,-0.84,1.52,4.89,-0.77,-0.93,1.04,-9.18,0.58,-0.01,-2.01,-19.65,-1.38,-0.64,-31.41,1.39,0.13,11.86,-2.61,-0.63,1.26,-3.86,0.58,-1.17,-4.3,14.13,-1.17,-1.47,1.38,-8.78,0.79,-0.1,-3.06,14.27,2.79,-9.6,-6.98,-0.16,1.14,5.08,13.95,0.87,3.17,0.34,-8.27,-0.5,-0.38,13.8,0.16,-8.27,-0.46,1.82,13.87,-0.24,0.67,-0.1,-6.92,0.93,-6.34,-0.74,-2.07,-8.91,-1.14,1.47,-5.68,0.4,-4.56,-0.53,-9.2,10.34,-0.5,0.03,-0.44,0.24,-3.74,17.01,19.0,-0.22,-1.06,23.43,10.32,0.29,5.2,-0.46,6.36,0.32,0.52,-20.0,-0.31,-0.63,-1.73,0.73,-6.99,-7.77,10.98,4.36,-0.4,-7.43,8.56,1.45,-0.42,8.96,-0.9,-0.5,0.71,0.59,4.9,1.31,1.33,-10.42,0.67,-0.1,-0.8,0.72,3.22,-0.21,10.71,-20.68,-0.12,-0.5,0.89,1.91,-1.22,-8.09,0.99,7.66,-3.28,-0.3,-0.23,3.42,0.73,0.33,-4.66,-0.12,0.7,-42.66,0.81,1.31,-0.14,-4.33,3.01,-6.35,-6.38,1.89,-0.51,7.92,1.26,-0.34,0.87,-1.9,0.59,-1.21,1.15,-0.77,12.81,2.27,7.55,6.89,-15.22,16.74,-0.02,0.4,0.31,0.46,0.04,0.97,6.98,1.75,-1.97,1.95,-3.65,-6.34,0.34,-0.74,8.39,3.46,-4.27,-5.0,-17.47,-15.06,-7.52,14.0,-7.01,8
0.67,0.21,13.98,1.31,-0.9,2.58,-1.2,-9.77,0.68,-7.93,-5.99,0.39,1.63,12.89,0.13,2.48,6.13,0.17,0.69,-6.18,7.72,9.49,6.82,-9.96,0.61,15.44,-8.15,1.06,-0.16,-0.22,0.09,-15.02,-1.59,2.48,-13.13,-1.82,3.07,-1.46,8.05,-0.05,-3.63,1.39,1.99,-7.59,1.32,-1.01,-6.03,-0.19,1.54,-4.33,23.06,-3.94,16.06,0.96,8.84,-1.4,-15.45,2.47,0.64,0.73,12.01,0.8,1.05,-0.7,17.8,1.48,-0.46,0.02,-0.65,-2.61,-1.13,-2.57,0.08,6.04,1.05,0.18,10.68,-7.62,2.76,0.43,-1.13,-2.47,-0.96,0.07,0.65,1.15,11.23,9.73,12.72,-17.64,-0.31,0.01,10.65,0.95,-0.6,0.03,0.03,0.32,0.68,-2.97,0.58,0.21,-0.61,12.95,0.2,0.22,0.04,0.73,-15.11,3.62,-1.05,-2.73,-0.15,-3.01,-3.25,-8.2,-1.21,10.3,0.15,1.17,-39.51,1.77,0.14,0.85,0.62,-0.53,7.68,10.96,-0.17,-1.88,0.32,-1.89,15.29,-0.89,-2.08,-8.94,-10.36,-0.77,-15.23,8.13,0.52,-15.51,-0.59,0.7,-12.28,18.35,-1.39,6.88,13.9,-1.41,-0.41,6.23,3.34,0.55,22.22,-1.34,-6.67,0.75,-2.6,-0.67,-0.31,-22.31,8.85,13.64,27.58,0.02,1.72,-1.2,12.72,0.41,1.55,-4.09,9.78,0.49,-0.13,-0.92,11.33,8.17,1.9,-10.87,-0.4,-10.61,-1.73,-6.02,0.03,-1.0,-2.12,-13.52,0.75,-1.22,-0.47,-0.15,-8.3,1.1,1.13,1.53,-12.87,-1.42,-0.87,1.08,-0.36,-16.71,12.38,-0.09,1.7,-0.37,0.18,-9.02,-1.63,-9.48,-1.54,0.56,-0.36,7.46,-15.02,1.21,-0.29,0.43,0.2,0.05,0.06,20.44,-1.56,0.95,0.62,-10.67,10.86,8.12,-7.12,-6.03,-13.37,-0.77,-1.32,-8.08,9.16,0.99,1.83,1.65,0.88,-2.7,-0.55,-0.64,-10.52,-1.52,-1.7,0.06,-7.62,-12.18,0.89,20.05,4.61,2.95,0.45,-10.87,-1.87,-0.2,8.89,-19.57,0.65,-1.03,0.44,-0.58,-12.64,-1.62,0.92,-1.52,4.64,0.51,-25.82,9.14,19.15,2.17,-3.25,18.27,1.34,14.77,2.76,6.22,0.81,-15.38,-9.38,-0.85,-5.43,-1.16,1.27,-0.06,2.14,-1.68,-16.82,-1.94,-5.9,-8.07,-5.42,1.42,0.93,-11.39,-6.45,-25.95,8.43,-0.25,0.72,-0.26,24.64,1.68,-0.57,0.74,0.13,2.55,0.42,0.68,0.04,3.14,-0.66,1.26,0.47,-4.77,0.02,-1.71,16.15,-0.26,10.7,3.43,3.98,-0.16,-1.26,-10.3,-8.32,-0.18,0.29,7.59,1.36,-0.92,4.64,-0.13,-0.62,-0.78,-7.25,1.25,0.26,0.33,18.4,-14.36,-6.76,-86.96,0.25,-0.91,-0.18,7.73,1.08,-0.42,-11.2,-0.76,1.02,6.56,7.17,-1.18,-0.97,0.75,31.39,0.23,-0.72,10.41,-4.87,-0.87,6.36,-7.76,1.18,0.61,17.14,-5.46,0.99,-8.27,0.12,-12.53,0.61,-2.35,-5.7,-1.66,-0.93,0.1,-1.32,-7.88,2.3,-0.04,-0.48,-11.52,8.62,7.87,0.87,-9.87,-0.04,0.06,-1.14,4.14,0.06,16.54,-6.26,4.91,-3.51,-0.28,0.01,0.92,0.3,6.98,3.21,7.45,-0.77,0.86,1.78,3.77,0.71,4.87,0.82,-6.34,-0.35,-0.74,-12.4,0.94,0.63,16.75,2.04,-22.68,4.42,-9.5,9.35,-1.65,-3.71,-0.89,0.41,0.6,-6.25,-2.31,-1.02,0.73,0.76,4.04,-0.06,8.87,3.74,-0.19,-0.42,2.04,-0.61,16.83,-0.32,-16.84,-9.79,3.83,-0.02,-1.2,1.39,0.59,-8.25,0.74,2.79,0.71,-0.48,2.03,6.49,0.55,0.19,-1.76,0.78,0.9,90.03,-1.61,-0.81,0.75,12.56,-23.28,-3.86,-13.42,0.4,-0.43,-13.74,-0.41,-0.01,-2.39,1.68,1.64,-15.97,1.29,-0.48,-1.11,-0.37,-13.23,5.75,1.57,-1.62,1.9,-8.88,-0.06,-0.95,-7.61,1.02,0.67,-4.03,-0.26,-0.88,8.01,-18.83,0.35,-1.3,2.7,-12.41,12.98,-3.27,-5.19,-7.74,-10.54,-7.69,-7.93,4
0.81,-0.45,-5.35,-2.17,0.43,6.61,-1.72,8.96,1.44,2.72,3.85,-1.67,1.53,-0.05,-6.61,10.79,6.85,-0.38,0.11,12.0,-8.13,-12.21,-7.52,2.91,0.69,-10.11,31.81,-0.34,0.69,-1.91,-1.98,9.28,0.1,-9.52,-3.94,-0.51,9.85,0.93,-11.8,0.67,3.52,0.98,0.37,2.87,0.09,-0.65,2.05,2.41,-0.55,21.26,-23.45,-8.87,1.31,-0.53,6.19,-0.93,6.5,-0.47,0.35,-0.94,-12.49,-0.63,0.83,1.44,-11.03,0.83,-0.42,-0.01,-2.86,9.06,-1.41,13.93,0.81,-6.15,0.68,-0.12,-8.21,13.98,-0.15,0.47,0.03,4.02,0.23,-0.78,0.38,0.39,-25.76,-16.43,3.45,2.29,15.52,0.86,11.32,0.01,1.07,1.01,-0.09,0.9,0.04,-11.3,0.95,1.31,1.19,-13.27,1.56,-1.31,2.6,0.16,-0.57,4.7,11.16,2.25,-0.73,-1.03,13.76,-3.49,8.44,-0.69,-0.0,-5.55,7.92,-0.3,0.22,0.64,-0.95,-0.1,1.75,0.21,0.97,1.79,-0.1,-1.03,11.35,0.37,-0.83,8.64,20.2,-0.09,20.91,2.54,-1.7,0.35,-0.57,-16.34,-8.93,-4.45,1.58,4.82,-9.79,-1.07,-0.54,7.86,10.76,-1.06,5.87,1.08,-2.91,0.44,0.76,-10.04,1.35,16.22,5.21,2.08,-1.32,-1.09,-0.34,-1.24,-5.87,8.12,-0.87,-0.36,1.56,1.87,1.01,-1.28,-1.7,3.55,-0.45,1.22,7.44,-16.66,0.2,15.71,-1.02,-18.18,1.26,3.88,-18.49,-1.56,0.42,-1.74,-9.27,-22.29,1.43,-0.21,-1.33,-0.18,-5.56,0.49,0.69,8.68,4.62,-0.84,3.69,1.02,-14.1,3.59,0.43,-0.8,-0.91,0.92,-0.1,16.57,11.21,0.54,-0.02,-0.4,-2.25,-0.31,0.73,7.44,0.74,-0.77,-0.44,-7.24,2.69,-8.6,8.94,24.52,-0.73,0.41,22.45,6.04,-10.12,0.87,-1.5,0.2,-0.11,9.62,-0.74,-1.36,13.87,10.77,-9.76,-0.9,0.91,-9.69,0.02,-0.25,-14.89,19.92,-0.3,1.89,-0.35,0.65,-10.86,4.82,1.16,-0.31,-1.36,1.48,-10.42,-1.79,2.29,-0.9,-11.15,-0.07,8.7,31.38,-1.64,8.39,6.6,6.29,-0.08,-17.06,5.01,0.23,-0.65,18.99,-0.38,0.64,-7.84,4.37,-0.01,-0.41,-0.55,2.29,-5.38,-0.8,5.05,1.22,0.21,5.53,1.55,-6.58,2.08,3.17,-7.22,0.07,-0.34,-1.46,-10.75,9.36,-0.06,-0.03,-0.31,2.82,-0.23,-0.12,-0.67,5.61,-1.37,1.1,0.33,-2.14,-0.06,0.28,4.02,-0.61,-8.1,0.74,-2.72,-0.88,1.01,-3.54,-7.21,0.47,1.0,-9.65,1.26,-0.76,4.29,-0.52,-0.54,-0.21,6.36,0.4,0.68,-1.76,7.21,-14.53,-3.51,107.85,-1.25,1.13,20.68,-16.29,-0.66,0.04,11.43,-1.46,0.36,-15.76,-5.6,0.49,2.01,1.55,-0.78,0.95,-0.7,-9.47,10.37,-1.16,-10.03,5.0,0.64,1.14,-12.2,2.8,-0.57,-8.71,-0.66,7.47,-0.36,-0.11,-3.37,-0.72,6.28,0.93,15.42,-4.21,1.69,-0.03,0.54,2.54,-0.16,7.85,16.82,-10.58,-15.75,-0.76,-0.41,2.72,0.63,-22.46,-10.64,2.59,-7.69,-0.21,-0.82,1.74,1.76,-15.1,9.12,-11.21,0.11,-1.77,-5.54,-10.43,-0.27,-10.0,0.82,-13.71,-1.12,-0.51,-8.96,0.3,0.7,-0.06,-0.22,-6.84,-1.04,3.2,-11.08,1.31,-0.58,6.27,0.9,0.08,6.12,1.2,0.16,-0.03,-0.7,7.09,1.08,13.75,8.65,0.5,-1.57,0.46,1.16,0.14,1.84,9.48,-7.24,6.16,0.52,-0.86,0.16,0.6,2.13,-1.28,4.79,0.41,2.04,-1.88,12.62,1.46,-0.64,12.06,1.01,0.55,94.21,0.05,-0.78,-1.02,11.91,3.13,-3.02,-5.24,-0.0,-0.13,-1.74,0.3,-0.93,0.81,-0.68,-0.17,14.19,1.74,3.02,2.95,-0.34,5.51,14.36,4.52,-7.74,-0.2,-0.15,-0.21,-2.99,-10.07,-1.53,-9.82,1.28,1.75,1.47,13.34,-10.86,-0.61,0.7,-3.22,13.25,11.4,-2.11,-1.47,-17.05,15.52,13.18,5.82,4
-0.71,-0.64,-14.32,0.74,1.15,-8.14,1.95,6.68,0.59,-7.27,-0.26,-0.44,0.12,8.74,1.87,-13.5,-10.4,2.27,-0.7,-14.47,5.3,3.52,1.78,20.17,0.44,4.68,-7.36,-0.1,0.08,18.45,0.4,-12.57,0.14,-4.75,10.52,-0.49,-6.14,0.83,5.15,-0.93,22.7,0.83,0.28,21.54,-0.28,0.01,2.0,-4.17,0.34,6.51,18.98,13.54,-1.33,-0.31,0.3,0.17,-6.42,13.57,1.04,1.09,7.5,2.39,-0.6,1.24,6.05,0.18,0.78,-0.3,-0.38,4.65,-1.1,1.35,-0.81,-7.95,0.23,0.99,-4.31,19.27,-1.96,-2.33,1.83,-4.84,-1.37,0.15,-0.94,0.12,23.33,-12.11,-9.49,2.26,-1.46,-0.77,-19.11,0.41,-0.45,0.48,-0.58,1.57,-0.8,5.69,-0.41,-0.1,0.01,-5.84,-0.5,0.98,-0.4,-0.65,9.37,-0.44,22.11,5.78,0.9,0.65,5.31,-19.7,5.43,-2.6,-0.69,-4.69,5.62,-1.49,-1.17,0.4,0.95,0.12,-5.24,-17.0,-1.1,-0.8,-1.61,-4.12,2.86,-0.32,-0.21,-10.89,9.05,-0.16,-14.43,-5.72,0.45,-0.75,0.43,-0.11,18.61,0.74,-0.69,11.81,-0.68,-0.85,-1.06,-2.15,-10.02,0.27,9.85,-0.09,14.35,1.44,-0.61,7.33,-2.2,-6.16,-0.99,2.57,-2.51,0.86,0.46,-0.81,-24.65,-7.06,0.05,1.38,11.52,0.91,-0.01,-0.31,11.75,6.62,-0.7,6.26,14.66,2.98,-0.14,8.55,0.58,4.46,-0.69,-5.61,15.71,-13.17,0.58,-0.1,6.11,-25.08,0.41,-0.68,-5.23,-0.15,7.81,-0.07,1.35,11.06,-16.57,-1.14,-9.37,0.25,1.88,8.36,0.31,-1.6,0.31,-0.66,0.13,8.45,-5.7,-0.48,-0.52,-0.2,0.13,-0.44,0.32,-6.8,0.48,0.19,2.18,2.58,4.27,16.85,-8.51,8.95,5.85,0.6,12.95,4.5,-4.58,-1.2,-1.24,-0.2,-2.01,-11.64,-0.15,0.98,11.13,-9.24,5.67,-2.01,-12.89,-10.76,0.58,12.54,-5.71,-11.45,1.34,14.32,-0.41,0.18,-5.21,-3.26,-0.93,0.71,-0.94,-0.66,-12.4,1.54,0.29,-1.3,14.23,-0.96,1.15,-1.86,-13.84,7.66,5.29,0.74,-0.18,-4.52,10.88,9.16,0.14,13.64,5.89,-0.2,12.63,-1.02,0.63,0.53,0.76,-0.72,5.51,-0.04,8.04,8.34,8.9,12.72,-0.24,-16.9,-11.63,2.11,2.75,-0.5,-0.58,-0.83,-4.97,5.26,-0.62,1.2,0.18,-14.37,0.96,0.48,0.67,4.83,7.35,0.07,-0.64,-9.93,0.96,0.71,10.57,-1.27,-23.95,22.18,16.52,-0.43,-0.38,9.23,7.82,-0.7,-0.82,3.21,0.77,-1.01,9.12,0.62,-0.32,-0.1,-21.22,0.14,1.75,0.21,0.12,3.15,11.18,28.61,-1.44,0.77,26.32,-3.57,-0.25,-0.07,4.02,0.88,0.12,17.49,8.45,0.76,-1.36,-0.7,2.2,-0.04,-0.51,-9.85,-1.62,-1.76,1.43,-16.27,-2.3,0.77,-0.67,-3.28,0.07,15.15,-0.69,2.34,-0.47,0.01,7.39,-0.94,2.86,-0.08,-2.52,-14.37,-0.28,1.15,-0.31,15.52,2.46,-16.34,-6.85,7.12,6.94,-1.06,0.11,-5.63,0.19,-1.77,-16.25,6.58,9.44,-0.59,-0.28,-0.06,1.19,2.5,10.23,0.0,-0.19,0.02,8.81,-6.33,0.16,1.61,0.07,11.23,0.65,-0.03,11.09,1.47,0.51,-3.99,-0.34,9.91,-1.7,6.74,-16.19,2.42,-0.03,-0.84,-0.75,0.03,-3.17,0.44,-1.18,1.49,0.69,-14.93,-0.54,-10.07,-1.54,-0.11,-1.6,0.55,1.83,9.23,1.24,-13.41,-7.55,-3.33,1.66,-2.76,0.7,1.32,0.03,1.23,-3.65,0.94,-0.78,1.46,8.71,0.89,-0.66,3.19,-0.43,0.33,-27.06,-0.03,0.36,2.93,8.78,10.78,-4.21,1.65,1.12,1.23,-7.32,-0.13,1.23,0.5,-0.4,0.84,6.61,-0.32,-0.84,-11.5,0.64,-6.97,13.54,0.32,2.82,2.02,24.03,-0.65,-7.43,11.33,-1.5,-18.35,-7.93,0.35,-1.22,-9.72,-10.87,0.04,0.47,-12.01,-4.02,18.78,-3.36,-2.82,13.8,-0.5,7.93,3.77,1
-0.32,0.41,3.12,-1.44,-2.06,11.35,1.19,-8.25,0.23,5.94,10.62,1.15,-0.81,3.45,5.72,-2.83,-11.1,2.01,0.29,8.05,-1.46,-0.56,2.05,-1.16,0.57,2.65,0.18,-0.16,0.01,5.74,0.48,-17.76,1.71,-10.53,-11.16,0.5,14.82,0.75,-18.08,1.07,20.53,-0.15,0.97,-6.96,-0.07,0.85,8.11,-13.61,-2.17,24.17,16.24,0.57,-8.02,1.5,-3.17,-0.32,0.91,-2.92,0.89,-1.22,4.55,-2.2,-0.05,-0.35,-8.57,1.85,-1.36,0.14,-0.57,2.03,0.58,10.56,-0.67,2.7,-0.69,-0.27,-9.97,5.05,-0.54,-1.75,-1.47,-4.77,2.43,-0.03,-0.09,-1.55,2.55,-5.88,1.27,14.13,-5.89,0.82,-6.63,-0.77,0.8,0.28,-0.82,0.36,0.17,-10.83,-1.07,-0.32,-0.34,12.73,-0.58,0.89,0.62,-1.28,1.58,-2.19,2.09,-2.19,0.16,0.31,10.67,4.71,-10.77,-7.6,0.62,-5.78,-0.97,-0.77,0.25,0.9,0.15,1.01,7.09,-1.9,-1.37,-1.15,0.01,-12.28,-9.35,0.48,0.03,-5.37,-10.66,0.58,-0.27,-5.2,-0.45,11.09,0.52,12.61,-10.84,-17.29,-0.49,2.75,-8.31,0.29,-0.16,13.26,8.32,-0.45,-2.11,0.48,-3.57,0.9,1.92,2.56,1.21,-0.51,-6.56,-15.09,1.8,0.39,0.99,1.28,5.85,1.36,1.24,-0.06,6.96,-1.41,1.29,0.53,1.54,-2.04,0.18,2.03,7.35,6.11,-1.09,-4.79,1.64,5.04,-1.63,4.18,7.07,-3.02,-0.28,-0.06,-24.43,-1.11,-2.05,-0.12,-14.08,0.34,15.57,-0.39,-0.23,-1.98,-1.01,-1.65,1.5,-0.04,12.22,-12.28,0.81,-17.41,-0.45,-0.03,-0.29,-12.93,6.01,-0.46,1.64,-1.53,0.46,0.27,-0.09,-2.39,-1.18,1.34,1.86,-4.72,-0.95,-4.17,-11.13,-19.76,18.6,1.42,15.75,-14.42,9.53,0.75,0.58,0.53,-0.88,-8.73,-0.06,0.59,2.33,-1.13,2.15,1.49,3.5,-2.9,0.96,-18.58,18.1,21.77,-0.32,-0.33,0.43,1.12,-12.55,-21.89,-1.41,0.84,0.2,0.19,-0.77,1.73,1.78,-0.85,14.87,-0.13,3.59,7.28,-2.07,3.02,8.62,-6.55,1.2,0.71,-5.65,7.64,-0.78,6.9,-25.74,-0.13,8.77,11.34,-0.3,0.16,1.47,0.06,-12.69,-0.5,-7.25,-3.89,-5.03,4.07,1.2,9.5,-7.25,-23.89,-1.44,-0.77,-0.82,-0.49,-1.24,-6.8,-0.92,1.56,0.51,8.7,0.32,0.73,-0.0,-13.9,4.51,-0.59,-0.14,-0.16,-0.52,-0.95,0.26,-0.07,-8.58,-4.3,-3.11,-0.96,-0.59,-4.94,-5.7,-1.43,-0.81,1.14,-2.31,0.59,-13.04,0.31,-0.26,-1.08,13.85,0.73,0.61,-0.2,5.69,-0.81,4.79,58.37,0.03,0.93,-10.02,-0.82,1.19,0.77,27.92,1.48,-0.99,-11.65,-8.55,-1.56,0.95,0.21,-2.34,2.01,1.17,0.81,15.46,0.54,-4.75,-11.07,-1.1,-1.42,5.43,-17.51,1.66,-5.13,-0.52,-13.49,-0.35,-1.52,-3.48,-1.11,-14.22,-2.38,16.4,6.18,0.07,2.03,-0.86,24.7,-4.28,-12.52,6.49,3.77,-13.15,0.69,-0.36,-13.26,-1.37,-2.25,4.85,4.19,0.62,-0.66,0.16,-0.18,1.32,-2.86,5.18,10.33,0.0,-0.51,12.42,-0.27,0.67,-10.97,-3.56,0.7,-0.59,0.11,11.23,-0.4,0.55,12.11,0.51,-13.95,16.14,7.46,-1.51,2.59,-7.58,-6.43,0.73,-1.04,-12.29,1.19,-0.19,0.01,0.52,6.77,-0.1,-11.81,4.44,-0.18,-1.73,-2.83,-0.24,-2.18,-1.43,19.79,-9.42,8.58,-0.56,0.23,-0.92,-1.49,9.61,-0.12,-1.03,1.27,0.99,-0.93,-1.1,0.42,-0.01,1.4,0.5,0.43,176.91,0.83,1.7,-0.05,-2.79,2.31,-9.52,-3.1,1.36,-0.46,3.53,-0.09,-0.22,1.88,-0.42,0.25,18.56,0.33,0.58,14.36,1.94,1.93,22.53,9.34,3.35,-2.05,-10.51,0.82,0.5,0.56,0.05,1.43,-5.45,-0.49,1.47,2.03,-7.32,0.43,1.01,-17.2,-0.39,-2.94,-10.62,0.55,0.25,10.94,17.2,7.02,11
