"X_0","X_1","X_2","X_3","X_4","X_5","X_6","X_7","X_8","X_9","X_10","X_11","X_12","X_13","X_14","X_15","X_16","X_17","X_18","X_19","X_20","X_21","X_22","X_23","X_24","X_25","X_26","X_27","X_28","X_29","X_30","X_31","X_32","X_33","X_34","X_35","X_36","X_37","X_38","X_39","X_40","X_41","X_42","X_43","X_44","X_45","X_46","X_47","X_48","X_49","X_50","X_51","X_52","X_53","X_54","X_55","X_56","X_57","X_58","X_59","X_60","X_61","X_62","X_63","X_64","X_65","X_66","X_67","X_68","X_69","X_70","X_71","X_72","X_73","X_74","X_75","X_76","X_77","X_78","X_79","X_80","X_81","X_82","X_83","X_84","X_85","X_86","X_87","X_88","X_89","X_90","X_91","X_92","X_93","X_94","X_95","X_96","X_97","X_98","X_99","X_100","X_101","X_102","X_103","X_104","X_105","X_106","X_107","X_108","X_109","X_110","X_111","X_112","X_113","X_114","X_115","X_116","X_117","X_118","X_119","X_120","X_121","X_122","X_123","X_124","X_125","X_126","X_127","target"
-1.88,3.55,-2.43,5.74,-0.99,0.69,-4.27,-1.76,-1.22,-4.0,-4.79,-1.62,-1.44,-0.66,0.2,-0.86,0.56,-1.34,-2.01,-4.03,-0.27,-7.93,4.07,1.52,4.05,-1.0,-4.59,-0.08,2.13,0.23,-0.32,0.47,-4.46,-7.43,-4.18,-1.36,-0.43,-1.29,1.71,1.4,-4.45,0.65,0.29,9.53,-0.57,-0.62,1.34,0.9,0.87,-4.51,-0.21,-1.04,-0.67,-5.25,0.42,-4.95,3.17,-0.49,6.53,0.33,0.78,1.8,-1.2,-0.37,0.34,-0.7,1.3,5.97,0.31,-4.32,0.37,1.9,-1.56,-1.83,1.34,1.56,-0.31,0.33,5.11,33.2,-2.04,-0.03,-0.3,-1.03,-10.6,-1.77,0.14,14.32,2.11,0.75,-0.36,-16.57,-7.75,0.47,-1.96,-1.16,0.39,-1.0,-0.41,-0.87,2.21,-1.97,0.78,6.93,-4.97,-1.13,0.57,-0.41,-0.26,-1.83,-0.98,-0.54,0.85,-0.86,-0.48,-1.3,0.06,-0.18,0.96,-2.07,-5.47,0.48,-0.63,5.47,8.7,2.35,0.68,0.2,6
-1.78,3.87,-0.86,3.61,3.11,-9.13,-4.17,0.97,-5.86,-8.56,-2.88,-8.28,0.52,-0.41,-1.2,0.74,-0.59,-3.86,-4.95,-0.15,-0.2,3.22,8.53,-3.46,-2.33,1.52,5.95,0.0,-1.09,1.72,-0.62,-1.13,-1.43,-4.35,1.68,0.11,1.06,0.57,-0.4,-1.26,-0.97,1.26,-0.51,0.48,-0.2,-0.27,1.42,0.14,-0.17,2.91,1.32,0.99,-9.07,4.9,-0.06,-6.33,2.37,0.33,4.2,-1.12,0.05,-0.72,-0.48,-4.02,-0.18,0.0,-4.12,-1.69,-3.29,8.21,1.86,7.13,-2.16,0.58,8.39,0.47,2.7,-4.58,-1.06,-4.95,0.67,-0.04,0.43,-0.68,-2.58,-0.39,6.62,36.11,0.1,0.24,-0.43,1.23,0.46,-0.52,2.24,5.16,-0.44,-0.53,0.58,0.59,-4.01,-0.94,0.35,3.15,-7.71,-0.02,0.49,-1.67,0.9,-3.51,-0.03,-0.47,-2.01,-0.23,-1.45,-3.1,0.16,-0.82,-0.3,-0.31,-6.97,-12.94,12.18,-0.98,-2.02,1.96,1.26,0.64,5
0.62,6.15,1.45,0.32,3.61,-3.71,-8.02,1.04,0.08,-3.01,4.21,-1.27,0.47,-0.29,-0.36,-0.73,-0.56,3.41,-2.6,2.02,-0.34,11.68,1.29,-2.8,2.17,1.48,-2.94,0.73,4.33,0.22,-0.95,-0.0,-2.33,-7.2,5.51,0.72,-0.57,-1.55,-0.01,0.31,-0.58,-1.84,1.12,4.81,-0.53,0.43,-0.29,-0.13,0.02,5.67,-2.16,0.96,-0.25,-5.92,0.57,9.35,0.11,-2.14,-1.48,-1.36,0.6,-1.89,0.08,-0.13,0.63,0.77,-3.18,-4.46,-1.38,10.37,-0.42,-1.38,-0.79,-4.7,-1.95,8.16,4.08,-0.06,-0.82,30.39,1.24,-1.14,-0.35,1.58,2.34,-1.72,-3.68,-22.63,0.36,1.02,-0.93,-0.01,0.32,-0.23,0.57,-2.67,0.27,-0.18,-0.59,-0.43,-1.36,2.43,-1.01,4.75,-6.93,0.63,1.21,0.03,0.26,2.49,-0.93,-1.2,1.98,-1.28,0.28,5.13,-1.09,-0.55,2.18,-1.22,0.36,3.31,0.45,2.83,-1.53,5.36,0.41,0.89,3
-1.58,-4.6,-0.24,3.37,7.03,2.06,-0.74,-4.83,2.88,-10.97,1.74,1.31,0.24,0.6,0.64,0.61,-0.72,2.36,-1.58,-2.16,0.48,-7.92,-0.88,-6.28,0.39,-0.28,3.29,-1.83,3.63,1.24,1.4,-0.71,0.67,-0.28,3.58,-0.61,2.88,0.08,0.32,-0.69,-0.3,-0.74,-0.94,-4.9,1.73,-1.22,-1.38,1.8,-0.21,5.05,1.02,-0.43,-5.12,-9.06,-0.09,15.06,0.56,0.02,7.44,-0.9,-0.82,0.57,0.21,0.57,0.32,0.48,2.88,6.85,3.29,1.82,0.03,11.35,0.84,-5.74,-0.27,-3.05,0.11,-1.93,-7.27,13.3,2.23,-0.8,-0.9,0.48,12.23,0.92,-1.65,-9.99,-0.78,-0.14,0.91,8.1,-6.22,-0.32,-0.24,-1.62,1.17,4.29,-1.88,-0.36,-2.71,0.45,1.19,-2.63,0.08,-0.96,-0.55,1.11,-0.76,-9.48,-0.56,-0.23,2.19,-0.15,-0.65,-4.52,2.08,0.42,-1.57,0.54,3.72,5.48,-6.68,-3.89,-3.08,-5.34,-1.57,1.38,11
1.49,-5.91,1.94,-2.48,-8.94,-6.48,3.4,11.06,-4.37,0.06,-11.63,-4.86,-0.72,-0.28,1.24,0.21,0.66,6.26,7.38,-4.75,-0.75,1.35,4.19,6.8,-1.27,1.03,-4.54,1.28,-2.64,0.34,-0.43,-1.22,-4.78,3.88,1.41,-0.61,2.56,-1.33,-1.26,-0.46,0.0,-0.33,-0.29,-3.22,0.04,-1.64,0.85,1.84,-0.39,-0.75,-0.19,-0.21,-0.61,7.5,0.12,7.47,-2.0,0.52,-19.48,-0.04,-1.9,-2.13,0.85,-2.85,0.59,-0.84,-3.87,4.56,-11.3,-3.87,0.4,-0.55,-0.24,-1.75,5.82,6.84,7.83,6.1,4.33,28.85,2.64,-0.61,-0.32,-0.11,4.26,-0.14,-2.22,-7.31,1.18,-0.39,0.25,-5.54,-4.01,-0.03,0.52,4.46,-0.15,6.58,0.35,-1.03,-3.92,-5.07,-0.46,6.0,4.39,1.17,0.87,1.04,-1.2,0.58,-1.93,-1.0,-4.35,-0.28,0.02,1.11,-0.81,-0.24,1.16,0.56,2.93,-4.42,7.18,7.98,6.11,-5.37,0.48,1.01,0
1.42,5.98,-0.15,1.22,2.68,-1.14,3.6,-0.95,2.12,3.15,6.3,2.21,0.58,-1.06,-0.42,-0.01,-0.04,-1.21,6.95,-3.88,-0.54,1.56,0.18,8.0,-0.62,-0.23,1.06,0.3,0.24,-0.56,-0.7,-0.32,-0.72,-1.26,0.34,-0.37,1.99,0.61,0.21,1.56,-2.63,-0.12,-0.62,-2.18,-1.22,-0.07,-0.88,-1.21,-0.41,0.59,0.59,-0.11,6.46,-3.63,-0.96,-3.59,-0.24,-0.37,4.5,2.47,0.43,-9.81,-0.63,1.19,0.07,-0.98,-3.35,4.66,3.18,-9.9,-0.8,10.33,-0.8,0.88,-2.7,-6.46,-2.32,1.02,-0.13,-13.15,-5.26,-0.68,-0.35,1.19,5.46,-0.02,-4.97,-24.78,0.39,-0.76,0.73,1.28,-1.18,1.9,1.85,-8.41,-0.46,1.58,-1.77,-1.22,2.62,-1.17,-0.76,-1.85,7.65,0.05,0.49,0.33,-6.38,1.54,2.5,0.28,-1.11,-0.21,1.67,2.87,-1.0,-0.08,0.76,0.36,2.96,0.87,1.01,-3.24,0.17,-4.47,-1.26,-0.29,6
-0.54,-4.04,1.19,3.74,-6.48,12.15,-5.57,-1.55,2.27,-3.27,-4.11,0.6,0.47,-2.28,0.13,-0.04,-0.86,-5.89,0.2,-1.95,0.01,-4.56,-5.84,2.51,-5.65,-0.33,-0.89,1.07,-4.89,-1.17,-0.99,0.25,-3.13,2.81,3.46,0.15,0.96,-2.28,0.99,1.83,-0.47,0.1,0.55,0.92,0.25,1.28,-0.22,1.02,-1.6,5.22,-0.4,-1.52,7.48,-0.63,-0.19,-2.06,-0.91,-1.74,-2.94,-0.59,1.68,2.99,-0.52,1.99,-0.8,-1.91,0.58,-5.18,-6.29,-1.67,0.29,0.19,-1.24,6.49,-2.54,-0.71,-1.5,2.39,6.23,-4.17,-4.16,1.06,0.11,-0.43,-2.03,-1.64,-3.1,17.37,1.13,0.05,-0.66,-2.22,-0.9,-1.76,-1.23,0.67,-1.03,-4.3,0.61,0.48,3.04,-1.2,1.19,4.63,-3.78,-1.03,0.59,0.91,-5.81,-3.76,-1.88,0.41,-1.24,-0.25,-0.18,-0.25,-0.33,-1.28,-1.48,-1.46,6.79,-0.77,-0.52,-3.65,2.52,-6.23,1.7,-0.64,11
-1.94,-6.53,-1.4,-4.67,-0.37,-2.87,-5.13,2.46,3.0,-9.09,-11.48,3.32,-0.11,-0.43,0.89,0.79,-0.23,5.03,-1.13,3.26,-0.38,9.45,-0.79,0.06,3.18,-1.26,0.12,-0.37,-3.32,-1.75,1.22,0.85,-2.29,4.0,-12.94,-0.56,-0.12,0.62,1.33,1.82,-12.66,-0.1,0.32,-2.67,0.14,0.63,0.29,-0.59,0.9,1.23,-0.71,-0.08,-3.16,-1.18,-1.82,-2.37,7.16,-0.67,-7.94,-0.29,2.1,-10.78,0.08,-3.86,1.32,1.57,3.19,-6.35,1.73,3.53,-0.05,-10.09,1.22,1.68,2.13,-3.18,13.96,-2.35,-0.25,23.09,-3.79,-1.04,0.6,0.23,-2.62,0.3,-3.46,-11.25,-0.36,0.44,-0.08,-5.76,1.23,0.84,1.15,9.9,-4.27,-5.61,1.05,1.72,-1.69,-6.79,0.59,-4.17,-3.86,0.16,-1.3,0.28,4.27,-5.93,0.46,-0.08,5.75,0.39,0.08,-0.73,-2.18,-0.69,-0.72,-0.16,-5.9,7.47,-5.24,0.01,-9.23,4.78,0.13,0.54,0
0.87,-1.09,0.6,-1.68,1.9,1.32,-2.22,-2.87,-0.49,-1.22,-5.26,-7.41,0.24,1.02,-1.05,-1.34,0.21,2.83,0.43,-9.37,-0.14,-0.27,0.76,4.04,8.49,0.66,3.32,0.16,-5.59,-0.52,0.05,-0.18,1.31,-3.47,4.36,-1.51,0.42,-0.76,-0.01,1.13,-3.94,-0.86,0.47,1.14,-1.55,0.26,-1.38,-0.73,-1.42,-0.97,-0.46,-0.73,-4.14,-1.61,1.11,-0.86,-0.85,2.42,1.3,0.43,-0.07,-2.99,0.73,-5.08,0.12,-0.02,6.32,5.42,-4.01,-5.13,-0.45,-2.43,0.23,0.93,-4.53,2.1,-2.63,-2.39,-1.37,-23.18,-2.16,-1.55,1.49,0.42,-3.82,0.21,1.68,-14.37,0.55,-1.9,-1.1,0.84,-5.35,-1.41,-0.02,-6.36,0.24,-0.57,-1.11,-0.33,1.94,-3.1,-1.09,0.71,1.52,-0.91,0.18,0.47,1.16,1.14,0.33,0.89,-3.37,-0.09,2.08,-0.96,0.53,0.8,0.73,0.57,2.86,0.9,2.09,-1.91,2.25,-4.0,0.91,-0.66,2
-1.05,-1.57,0.87,5.15,7.3,-3.35,1.51,-2.49,-2.51,2.93,-3.34,0.7,0.02,0.66,-0.88,-0.28,0.14,12.33,1.08,-1.47,1.3,0.54,11.76,-5.53,-3.22,1.16,4.56,1.71,1.63,-1.23,-1.75,0.53,-3.65,2.28,3.12,1.51,-0.9,-0.78,0.47,0.37,2.5,0.11,1.07,0.12,0.99,0.99,0.49,1.21,2.09,1.7,0.81,-1.7,-1.3,2.77,0.24,-0.03,2.1,-0.09,-0.99,-2.29,-0.8,2.0,-0.67,-0.95,0.86,-0.48,-5.22,-0.41,1.16,1.57,0.55,-3.55,-0.3,-2.62,3.46,-2.52,-5.26,-0.85,-3.57,-10.13,1.44,-2.64,1.34,0.41,-3.11,-0.4,-3.76,14.76,0.03,-0.05,-1.87,-3.12,6.86,0.05,-0.47,-1.45,0.97,-5.67,0.16,1.61,3.36,2.25,-0.43,0.07,-1.55,1.22,0.2,0.25,-3.79,-2.15,-0.52,1.51,4.15,0.75,1.58,-0.54,-0.99,-0.67,-1.09,1.13,-5.93,-2.09,2.31,0.31,-1.43,-0.67,0.19,-0.48,12
-0.86,2.19,1.45,2.5,4.6,0.94,5.55,3.29,-3.2,-4.94,2.64,1.9,-1.1,-1.57,1.0,1.13,0.56,-2.49,2.23,-0.88,1.83,0.55,-5.36,-2.18,-0.16,0.15,5.67,0.48,-3.17,-1.7,-0.41,-0.78,-3.79,-4.76,3.88,0.54,-0.35,-0.5,2.55,0.64,0.63,0.67,0.2,4.5,0.43,-0.84,0.87,-0.86,-0.38,0.18,-0.17,1.36,2.93,8.69,-0.15,-0.64,5.95,0.61,1.19,-0.33,-1.15,-5.89,-0.34,3.96,0.63,0.05,-7.66,2.2,-1.45,-1.9,2.97,-1.88,-0.81,-1.57,-1.86,0.45,0.06,4.33,4.65,-1.59,-1.41,-0.39,-0.67,-0.3,-5.78,1.65,-3.13,27.44,-0.91,-2.44,-0.94,2.41,3.63,2.3,0.77,5.28,0.04,-3.35,-0.21,-1.47,-0.33,5.69,-0.32,2.44,-1.74,-0.92,-0.73,-0.3,4.45,-0.26,0.98,-0.68,-0.34,-0.47,-0.04,6.47,-0.57,-0.12,-1.44,0.12,8.37,2.35,0.64,4.28,4.67,-1.64,1.57,0.79,7
0.96,4.01,-0.28,-5.66,-1.81,-1.6,-1.34,-0.02,1.11,-1.4,-0.64,5.2,-0.9,0.92,1.05,1.01,0.16,-5.19,-1.57,3.93,-0.45,2.47,3.41,-1.89,4.21,-0.5,-5.6,-0.75,-3.76,-0.02,-0.9,1.04,-2.04,3.41,3.23,-0.66,-0.3,1.28,-0.56,0.35,-0.83,0.61,0.47,2.61,0.07,-0.29,0.25,1.39,-0.43,-0.65,2.34,0.85,-0.65,0.09,0.3,-6.87,-6.57,-0.81,0.2,1.03,-0.33,8.16,-2.41,-1.59,0.32,-0.96,4.31,-8.28,-0.36,-5.85,0.64,0.72,-0.45,-6.57,1.25,4.55,-0.27,-1.56,1.28,21.53,-1.62,0.6,0.06,-0.67,4.65,0.6,2.81,-8.6,-1.06,-0.23,0.25,7.57,4.51,1.26,0.82,-2.33,0.66,-4.96,0.33,2.09,-2.56,-6.24,-0.79,-1.03,0.26,-2.04,0.17,1.2,0.95,-8.64,0.19,0.44,0.66,0.6,0.34,-1.09,0.7,0.91,0.89,-0.28,1.14,4.18,-7.32,6.79,1.26,0.81,-0.26,1.35,15
0.28,-2.06,-0.19,-0.36,1.07,0.55,-11.43,-2.23,-4.61,-8.61,2.18,3.55,-1.23,0.72,-0.25,0.2,1.36,4.05,-2.17,-1.64,0.59,5.27,3.63,2.62,2.86,-1.55,-5.52,-0.59,10.05,-1.83,-0.38,-0.75,8.83,0.44,-2.59,1.59,-0.62,1.27,0.05,-0.3,2.72,0.11,-0.07,2.57,-0.16,-1.17,-0.4,-0.19,1.35,7.28,-1.96,-2.14,2.15,-0.17,-0.3,-0.76,-4.54,0.05,-3.54,1.04,-0.71,-1.75,0.19,6.94,-1.1,0.84,6.77,5.97,1.64,-6.06,-0.75,-0.13,-1.64,-5.3,-0.44,-2.05,1.98,3.9,-0.44,29.01,7.84,0.64,0.27,-2.01,5.46,0.92,-3.95,-19.9,0.33,-0.37,-0.53,-0.45,4.55,-0.8,-0.55,-6.65,-0.76,-8.59,-0.4,-0.18,0.91,2.68,1.01,-1.48,-8.42,1.16,0.08,-1.86,-8.38,-0.38,-0.11,0.53,3.08,-0.3,0.7,-2.98,-0.8,1.33,0.49,0.82,3.55,-2.22,2.06,0.44,2.06,2.22,1.35,0.88,2
0.24,1.95,0.11,3.32,0.83,-5.55,0.3,7.18,-6.81,15.02,-2.76,4.91,-0.4,-1.03,-0.88,0.1,0.84,2.77,-9.22,-1.61,1.12,-3.03,0.97,3.85,4.17,1.22,-9.43,0.88,-6.78,-0.39,0.18,-0.89,-8.83,1.14,-5.56,1.23,1.07,-0.04,-0.78,-0.48,-1.34,1.77,0.86,0.33,-0.59,-1.04,-0.73,-0.69,1.13,2.19,-0.58,0.53,-6.03,-6.06,1.14,-3.22,8.74,0.8,-0.95,0.07,-1.43,-5.53,-0.07,-4.55,0.51,-0.37,4.98,5.03,9.64,-3.02,0.93,1.08,-0.39,3.77,7.85,-4.49,1.16,8.37,2.71,15.42,1.77,0.5,-0.37,-0.39,2.5,-0.86,7.27,44.58,0.33,1.46,0.11,-3.64,1.13,0.36,1.44,-2.86,1.67,-0.94,-1.28,0.48,-6.04,-3.49,0.44,8.7,0.45,-0.65,2.23,0.57,5.14,1.12,-0.67,0.17,-1.23,-0.73,-0.63,2.98,-0.24,-1.58,-0.06,0.73,-0.61,2.91,3.37,0.63,4.29,-2.69,1.49,0.62,10
0.4,2.84,1.33,5.86,0.31,-6.52,2.78,-5.75,-6.21,-4.21,-0.15,-5.79,0.64,0.68,-0.58,-0.3,-1.13,0.09,-1.74,-0.23,0.48,1.68,3.0,-10.3,-5.04,-1.28,-2.26,1.63,-2.61,0.28,2.03,-0.97,4.39,4.54,-5.71,-0.26,-0.76,-1.44,-2.05,0.13,1.06,-0.49,-0.28,-2.84,-1.22,0.24,-0.56,-1.05,-0.36,9.75,0.06,0.28,-6.16,2.43,-0.22,0.02,-1.99,0.75,-5.26,1.64,1.17,-8.44,1.33,8.16,-2.27,-0.58,-6.4,9.39,0.67,6.3,-1.0,-1.46,0.2,2.48,-0.15,4.64,9.0,3.24,6.75,24.18,-12.88,-0.68,0.04,0.51,-1.27,0.28,4.47,10.29,-0.47,-0.28,0.16,-3.41,1.7,-3.51,-1.18,-1.27,-0.17,-1.49,0.14,-1.05,4.44,-7.43,0.52,-0.87,2.67,1.1,-0.98,1.29,-5.68,4.38,-0.35,-1.33,0.49,-1.02,-1.23,5.92,-0.5,0.9,0.87,-0.4,-4.38,8.44,1.38,3.36,-0.6,1.54,-1.13,1.06,8
-1.88,-3.5,-0.77,-1.37,-3.87,3.6,0.99,-12.0,1.28,-10.62,-11.81,1.47,-0.11,0.1,-0.91,0.12,-0.82,-1.16,4.76,-1.11,-0.2,-0.11,3.8,6.45,-1.64,0.07,-6.43,-0.33,2.88,-0.18,1.23,0.04,-1.88,-3.1,-8.26,0.08,0.72,-0.86,-0.69,3.06,-0.47,-0.16,1.2,9.1,0.73,-1.6,0.23,-1.3,-0.47,1.99,0.18,-0.6,-4.97,6.39,-1.64,7.4,8.57,-0.0,3.31,1.4,1.4,0.39,-0.97,-5.93,1.83,0.12,0.36,-2.54,5.71,-0.59,1.46,-0.04,-1.25,-3.87,-0.34,4.03,2.82,6.51,7.63,2.36,-12.26,0.05,1.81,-1.38,0.75,-0.11,1.7,52.68,-0.0,-0.5,0.72,7.26,-1.31,-1.6,1.48,-2.81,0.31,0.69,-0.06,1.1,-2.43,-2.17,-1.15,1.37,2.33,-0.04,-1.35,1.93,4.19,-7.11,1.07,0.12,-11.42,-0.39,-0.53,-2.88,-1.38,-0.36,1.62,0.36,0.07,2.56,7.14,-3.0,4.94,1.79,0.9,0.21,7
-1.68,-2.17,-0.68,-9.16,3.23,3.39,3.24,-5.46,-3.37,-3.91,10.61,-2.2,0.78,-1.18,0.31,0.57,0.71,-4.5,4.74,-0.59,-1.27,0.22,3.71,-4.65,-0.95,0.99,-5.08,1.57,-0.39,-0.37,-0.17,-1.32,2.13,-4.42,-0.23,0.24,-0.4,-0.2,1.07,-0.32,6.32,-0.62,-0.35,2.36,-0.45,-2.33,-0.63,-0.67,0.36,5.5,0.83,1.18,3.59,2.88,-0.47,-9.58,2.58,2.26,-1.88,-1.43,0.26,3.2,-3.21,8.33,0.77,0.33,-2.42,-5.15,-2.3,2.72,-1.22,-0.5,-0.44,-1.21,-0.71,-3.18,-4.43,-1.73,0.3,-54.81,0.2,0.87,2.85,-0.25,6.06,0.19,-5.26,13.15,0.66,-2.52,0.33,-3.73,2.81,0.04,1.69,-3.1,1.0,-4.55,0.16,0.29,-4.37,1.7,0.3,5.03,-4.74,0.3,0.68,0.58,8.18,0.81,-2.19,-1.54,2.44,-0.67,-1.82,-8.85,-1.07,0.81,-0.5,0.47,5.85,0.14,0.62,-4.77,4.36,2.59,-0.93,-0.33,14
-1.0,-1.97,-0.9,0.73,0.83,-9.33,0.79,3.35,-2.38,6.4,-1.86,-2.6,0.13,-0.33,-0.97,-0.38,-0.93,-14.32,7.18,-1.97,-0.38,-6.26,0.15,-2.17,2.04,0.55,2.33,-0.02,-4.95,-0.81,-1.29,1.11,-10.22,-1.36,-5.96,-1.15,1.01,-1.83,-0.76,0.9,-2.9,1.31,0.79,-4.69,0.22,2.2,1.4,-0.29,0.54,3.37,0.64,-0.5,-2.77,-4.14,-1.35,-12.15,-2.15,-0.75,2.74,-0.49,-0.75,10.38,-0.76,4.07,1.5,2.37,1.97,-5.59,0.55,5.21,2.62,1.37,1.79,11.07,-2.64,2.04,2.7,1.09,-1.43,-52.0,-3.05,0.58,1.66,-0.46,6.58,-1.98,8.0,9.32,0.78,-0.58,-0.81,7.2,-0.54,0.92,0.81,-2.07,0.31,6.85,-1.42,0.37,8.4,-7.01,-0.2,-4.58,4.45,1.55,2.02,0.55,13.36,6.35,-2.13,-1.09,-4.21,0.08,-0.56,-4.06,1.11,2.04,1.97,-1.03,-1.12,1.03,-5.92,4.46,6.66,-4.08,-0.09,0.17,10
-0.22,-7.77,-0.2,-8.77,1.26,1.19,2.67,2.62,-6.92,-7.29,0.09,8.15,2.09,-0.1,-0.31,-0.04,0.02,-3.75,-0.06,-1.88,-1.28,-4.55,4.04,4.97,-0.05,-0.54,7.39,0.34,-0.79,-0.6,-0.33,0.53,0.26,0.88,1.9,0.39,0.78,-0.33,-0.82,0.53,2.64,-0.01,-0.17,-1.3,-1.34,0.79,0.03,0.47,0.88,1.71,2.11,0.95,-2.58,-1.05,-0.16,-0.77,-0.81,-2.28,0.61,2.7,-1.31,6.27,2.21,0.81,0.84,0.53,-3.41,-0.77,-7.42,-8.52,0.61,-7.29,-0.64,-1.08,-0.05,0.19,2.76,-1.86,-1.39,-19.0,2.44,-1.34,-0.32,-0.87,2.38,0.94,1.63,-11.91,-0.31,-1.09,-1.45,0.33,-6.72,-0.4,1.3,0.64,-0.93,-1.47,-0.14,-0.69,3.36,-0.26,-0.17,3.27,-1.26,-1.89,-0.98,0.22,-8.64,-3.34,-0.18,3.26,0.96,0.38,-0.6,1.01,-0.73,1.03,1.5,-0.24,-6.69,-0.86,-2.08,5.17,-4.68,-4.94,0.01,-0.05,10
1.13,-1.34,0.08,-8.2,-1.36,-6.51,2.36,4.52,1.13,-6.9,0.55,5.62,-1.2,0.91,-0.02,-0.0,-2.96,-1.53,0.46,-2.61,0.18,-5.73,-5.99,0.44,-3.04,0.19,1.71,0.05,-0.41,-0.25,-2.54,1.57,3.83,8.52,5.0,1.39,-0.4,0.07,0.57,-0.62,0.61,0.65,0.91,1.18,-3.2,2.64,3.32,0.22,-0.14,1.81,-0.73,-1.76,1.96,7.84,-0.67,5.68,1.06,0.45,3.28,-1.28,-0.7,3.14,-1.12,-5.63,-0.32,0.15,-3.03,-4.87,3.23,-2.08,-0.99,-2.74,1.58,5.26,-5.19,1.54,0.98,-5.53,-3.43,-21.01,-6.75,0.92,0.64,-1.02,-12.39,0.53,1.38,-4.07,-0.61,1.84,0.73,2.89,4.84,2.16,-0.59,2.61,-1.41,-0.02,-1.47,0.54,6.69,3.1,0.49,-0.4,-1.85,1.14,0.75,-0.73,-0.41,-10.69,-0.08,0.59,3.24,0.99,-1.4,-1.57,-0.66,-0.52,0.08,-1.66,-12.86,-4.78,2.17,-3.48,-7.68,2.66,-0.95,1.5,10
-0.11,-7.72,0.52,7.38,4.86,-0.39,11.9,-1.42,-2.44,4.09,-4.55,2.01,-2.1,-0.31,0.97,-0.1,-0.25,4.27,1.23,-2.81,1.59,3.3,1.23,-0.4,-2.7,-0.32,6.15,-0.2,-9.84,-1.78,-0.75,-2.32,2.73,-3.08,-9.13,-0.01,-0.76,-1.38,0.46,-1.25,3.3,-0.34,0.79,0.38,0.94,-0.2,-0.88,1.12,0.02,5.52,-1.5,-0.63,0.83,-0.99,0.08,6.21,-6.32,-1.5,0.07,-0.45,0.94,3.98,-0.4,-7.88,-1.35,0.67,9.6,5.08,-2.56,-2.09,-1.12,5.8,-1.31,-5.73,-6.41,0.46,1.53,1.7,-7.8,23.57,8.14,2.61,-1.22,0.76,-1.07,-0.95,0.18,10.54,0.13,-0.4,-0.06,2.88,10.49,-0.35,-0.27,4.07,0.94,0.69,-0.23,-0.98,3.97,4.09,-0.68,-7.39,-3.3,-1.16,-0.9,0.74,3.77,0.67,1.67,-1.47,12.67,1.99,1.15,10.96,-1.84,-1.03,-0.44,0.88,2.55,0.35,1.96,8.41,4.05,1.54,-0.58,0.72,14
1.07,-4.87,0.88,0.59,3.15,-0.29,3.03,-1.01,0.74,1.58,4.05,9.09,-1.55,1.19,0.52,-0.96,1.4,6.32,-5.21,-3.24,1.28,-1.91,2.85,-2.67,-9.27,-1.87,8.65,0.2,1.41,-0.28,-1.24,0.7,3.65,-6.8,-0.4,-1.17,0.69,-1.76,-0.02,1.25,-2.28,-1.18,0.82,4.87,-0.56,0.42,2.17,-0.97,0.87,0.75,-0.97,0.07,-0.18,4.02,-0.57,4.08,1.7,0.98,-3.91,-0.36,-0.13,-9.27,-0.22,2.97,0.34,1.51,-4.39,-10.14,-0.62,0.68,0.18,4.2,-1.0,3.32,-3.07,-2.68,1.99,0.34,2.93,-21.8,-3.65,0.26,0.55,-0.37,-6.38,-0.57,-0.89,28.64,-0.31,-1.4,1.18,0.88,3.09,-1.58,0.96,2.21,-0.04,5.77,0.66,0.91,0.22,-0.46,0.57,-3.65,-9.15,-2.08,-0.31,-0.78,-5.9,-0.11,1.25,0.19,5.9,-2.09,0.14,4.84,-0.62,-0.64,-1.38,-2.17,-0.69,-8.14,-9.33,-4.6,-0.13,9.27,0.99,-0.1,11
0.06,-0.8,1.49,-9.35,-3.65,3.76,1.67,4.24,1.13,-3.03,-1.44,-0.95,0.44,-0.1,0.92,-0.86,-0.33,3.45,-1.09,6.44,-0.38,6.25,-1.58,6.08,0.45,0.1,10.58,1.27,-1.98,0.16,0.3,-0.35,-0.45,-4.59,-4.82,1.33,0.98,1.36,1.86,-0.21,0.97,-0.08,-0.38,-4.71,2.76,0.07,-0.64,-0.19,-0.67,-2.26,0.89,-1.26,-3.06,-2.26,0.83,-0.85,0.0,-0.53,3.54,0.49,-0.58,3.91,1.07,5.66,0.23,0.82,6.39,-3.16,-2.04,3.59,-0.97,-5.25,2.58,4.5,-0.17,5.12,-4.14,-0.08,-2.18,10.34,0.13,-0.05,1.17,0.43,2.68,-0.87,3.12,-29.16,2.4,0.27,-0.01,-7.51,-0.04,-1.47,0.36,4.27,1.17,1.93,-0.48,-0.03,-1.35,3.05,0.12,-1.53,3.93,0.11,-0.0,0.44,1.84,-4.75,0.33,-0.61,2.14,-1.19,1.64,-4.58,0.9,-0.04,2.6,0.27,-4.85,8.33,-3.15,-13.83,-1.31,12.7,0.32,-1.1,4
0.0,3.07,-0.72,4.89,-4.04,-8.21,3.36,-4.68,-3.0,-5.1,-7.91,4.34,0.9,0.05,-0.62,0.42,1.99,9.31,1.0,-2.0,-0.87,-2.99,-0.5,-8.3,6.3,-0.13,0.45,-1.36,-1.94,1.03,0.16,-0.11,-2.82,-3.32,-4.0,-1.75,-0.54,0.68,0.46,-0.05,2.38,-1.56,1.32,8.21,-0.18,-0.29,-0.42,0.72,-0.28,-2.93,-0.39,2.5,-1.91,7.69,-1.04,1.05,1.92,-1.28,-0.09,1.79,-0.19,-4.18,-0.72,0.23,-0.02,1.57,-3.33,2.58,0.18,8.77,-0.58,-1.2,-0.21,-1.1,2.73,-0.23,8.22,2.39,-1.97,42.14,11.39,-0.46,1.26,-1.03,-3.58,1.05,-1.49,37.01,-0.2,-1.17,-0.85,-5.44,7.76,-1.64,0.39,-0.26,0.19,-6.42,1.21,1.17,6.24,-8.01,0.23,2.54,1.6,-0.18,0.97,1.05,-2.9,-1.74,-1.35,0.63,-0.97,-1.09,1.32,-1.19,-0.03,-0.07,-1.01,0.85,7.08,3.22,-3.56,-0.75,-3.01,-0.64,2.38,0.55,4
-0.02,-0.59,-1.63,3.3,-0.1,0.66,-0.0,6.56,0.09,0.49,8.8,0.68,-0.02,-0.42,-0.1,0.55,-1.77,-3.78,2.92,-8.65,0.29,-0.22,-3.74,7.43,0.16,-1.18,6.69,0.55,-12.12,-0.37,-0.12,0.09,-3.42,2.97,-0.52,1.45,-0.53,1.72,0.41,-1.29,6.67,0.29,-1.02,2.06,-0.73,1.17,-0.13,-0.29,1.13,-6.03,-0.26,-0.21,4.01,-2.02,0.71,-2.79,-4.36,0.86,2.3,-0.05,-0.09,-1.06,-0.25,3.73,1.81,-1.37,2.33,4.43,0.34,-1.17,1.41,-4.98,-0.13,3.23,-0.3,-1.33,-1.67,6.31,-6.25,-16.67,-1.29,-0.88,1.4,-0.82,0.02,-1.56,0.63,-11.28,-0.46,-1.78,-0.94,5.39,3.66,-2.41,1.09,-10.11,-1.41,5.46,1.78,-0.06,-7.15,-2.67,-0.65,4.78,-6.61,2.42,0.66,-0.6,4.32,4.1,0.68,-1.15,8.56,-0.8,-0.45,-0.71,-1.76,-0.07,0.57,-0.93,-4.58,-10.69,-5.35,2.22,1.59,-2.69,0.08,-0.6,8
-0.37,4.97,-0.01,-0.62,-4.78,-4.07,0.63,6.4,-0.73,-0.08,5.15,-2.76,0.17,-1.02,-0.14,0.51,0.01,-4.89,2.97,-2.24,-0.2,-11.21,-4.31,1.44,7.38,-0.09,-2.58,-0.5,3.43,-0.4,1.37,-0.12,9.97,-2.02,3.77,1.58,0.12,0.72,-0.97,0.79,0.5,-1.37,0.05,-1.74,1.32,1.02,-0.07,0.7,0.51,2.32,1.08,0.84,4.49,-5.72,0.11,1.53,-5.96,0.39,-3.67,1.14,-0.7,-0.42,1.19,-3.31,1.87,-1.6,5.25,-4.34,-0.2,-7.49,0.21,-1.94,0.67,-0.62,-0.14,4.53,2.51,0.75,6.0,-9.04,8.68,1.04,0.02,0.11,10.46,-0.08,1.63,-5.52,-0.25,-0.35,1.36,-0.23,-8.23,-0.65,1.36,-1.2,0.76,2.13,0.52,-1.36,1.87,-5.12,0.3,5.34,-4.35,1.22,-2.26,-1.36,2.94,-7.07,-1.14,0.57,1.23,-0.02,-0.44,8.16,-1.5,0.62,0.6,1.5,3.23,1.92,5.01,-5.02,-3.24,-4.52,-0.2,1.77,1
-0.45,0.31,-2.7,1.95,-0.94,0.89,-7.29,0.95,7.42,-6.01,-0.39,4.01,2.9,-2.02,2.79,-0.58,1.46,-2.76,4.7,0.3,-0.5,9.41,9.23,6.79,2.7,-1.47,3.39,0.31,-10.16,-0.46,-0.5,-1.48,-7.48,4.68,0.24,-0.81,-1.05,0.53,0.55,0.37,1.29,0.05,0.75,0.7,-1.83,0.25,-0.44,1.22,0.29,-3.21,-1.34,-1.34,7.12,4.55,0.34,-6.75,1.73,0.48,-10.78,1.07,-0.86,-1.8,-1.83,1.62,0.63,-0.74,3.17,-0.19,3.33,-0.09,-0.0,3.93,-0.23,2.69,-8.42,6.6,2.92,-4.17,-1.58,23.42,3.88,0.3,-0.21,0.42,6.39,1.38,1.5,-31.69,-0.17,-1.14,-1.53,-0.48,0.84,0.98,1.0,0.73,0.86,5.46,0.63,-0.05,-0.67,-4.98,0.6,-2.26,-0.59,-0.21,-0.12,-0.55,8.38,-1.67,0.62,-0.92,-6.43,-0.68,-0.05,3.85,1.34,-1.17,-0.73,0.04,-1.99,10.16,3.4,-1.5,1.6,0.13,-0.76,-0.61,13
1.22,0.41,0.05,0.35,-4.22,-0.44,10.51,0.96,-6.39,-1.54,2.37,0.53,1.46,2.14,0.44,-0.5,1.01,-0.89,-6.33,8.65,0.24,-6.43,-0.35,-5.22,1.22,-0.31,7.03,1.19,0.16,1.8,0.42,-0.27,4.27,1.97,3.66,-1.86,-1.76,0.65,-2.09,-1.11,-1.67,-0.21,-1.04,0.23,0.97,-1.8,0.15,-0.36,0.9,0.17,1.27,1.3,-6.64,7.99,0.25,3.43,-12.75,0.18,3.79,-0.34,0.67,1.6,-1.72,-1.79,0.76,0.47,2.7,-3.66,-5.59,-2.73,0.95,4.66,0.32,2.65,-2.18,-2.25,-1.34,-1.67,2.44,8.73,-1.37,-0.31,-0.99,-0.36,1.8,0.51,-1.42,16.48,0.95,-1.43,0.48,-0.71,-4.06,1.64,0.5,-1.16,0.15,-4.13,-1.14,-0.49,-9.87,1.29,0.84,3.26,-2.77,-2.53,0.35,-0.14,-0.22,4.4,0.41,1.24,-1.41,-0.09,0.25,2.23,-1.61,1.38,0.53,1.57,-11.49,3.92,-7.24,-0.75,6.46,4.6,0.16,1.28,13
0.28,-0.99,-0.84,2.69,1.76,4.31,0.25,-2.82,2.89,0.4,2.95,-1.3,-1.93,-0.46,0.01,1.91,1.28,-6.15,1.97,1.69,-0.88,0.75,0.76,-1.0,-0.76,0.82,6.88,-0.91,3.53,-0.36,0.61,-0.4,-2.49,-1.88,3.65,-0.26,-1.41,-0.62,0.94,0.64,-5.54,0.81,-0.96,4.7,-0.77,1.51,-1.81,-1.04,-0.33,6.25,-0.15,-0.63,4.56,0.48,-0.88,-5.14,-1.09,-1.87,-2.98,-1.17,2.23,-6.64,-1.13,-1.82,1.83,-0.1,-4.5,6.8,1.75,-3.71,-0.06,9.4,0.89,4.99,0.89,0.33,-3.5,-4.86,3.8,13.97,-0.99,0.4,0.55,-0.24,1.15,0.12,-1.38,-18.84,-1.43,-0.01,-0.92,-6.21,7.69,-0.46,-1.87,3.37,1.72,3.76,-1.02,0.27,8.82,-1.25,0.64,-1.49,-0.23,-1.06,0.01,-0.09,0.03,-1.43,0.03,-0.15,5.81,-0.25,0.38,8.3,0.56,1.73,0.18,-0.07,1.77,5.09,6.43,7.86,3.39,-5.35,-1.84,-0.97,2
0.01,2.52,0.77,-3.73,-0.03,2.97,-3.71,-2.93,-4.34,-5.06,5.69,3.44,-0.25,-0.28,0.09,0.51,-1.26,-6.34,-7.64,5.89,1.81,4.42,0.36,-2.49,1.09,0.05,-3.21,-0.18,6.55,1.28,-0.23,-0.48,-1.04,-2.85,-8.85,-2.35,1.64,0.71,1.31,-1.19,-2.09,0.49,0.86,-5.83,1.98,0.43,0.55,0.28,-1.19,-2.44,0.06,-1.54,1.18,-3.06,-1.28,-2.16,-2.26,-0.8,-1.93,-0.58,-1.29,9.93,1.08,-2.14,-0.39,-1.26,0.36,-0.23,-7.21,1.68,1.89,4.99,0.52,1.18,-4.08,-4.14,-0.24,-3.08,1.53,21.04,4.13,-0.83,-1.41,-1.64,0.27,1.41,-2.91,-1.7,-0.51,0.67,0.92,-6.69,1.01,-1.13,-0.98,4.69,1.11,3.39,0.21,1.8,-0.26,-2.22,-0.84,7.79,-10.68,-0.66,0.72,1.47,2.06,-7.15,0.14,1.33,-0.03,1.04,0.96,0.55,0.11,0.14,0.46,0.11,-4.29,-1.61,0.57,-1.28,0.42,-1.04,-1.02,-0.95,7
-0.66,4.06,-0.61,-3.95,6.44,-4.17,0.95,-0.84,-4.7,-8.17,0.64,2.35,1.57,1.44,1.36,0.2,-1.99,4.86,12.13,-0.79,-1.41,3.34,1.59,9.67,0.6,0.03,2.72,0.96,-8.6,1.65,-0.11,0.21,6.1,-2.24,-0.82,0.2,-1.05,0.21,1.13,-0.46,7.97,0.58,-0.32,-6.79,-0.49,1.0,1.3,1.16,-0.87,3.06,0.05,0.42,-0.64,3.27,0.81,2.57,-10.95,0.25,5.02,0.8,1.65,-1.15,1.17,-5.6,-0.58,-1.02,9.09,-3.19,1.67,-1.31,0.96,-5.22,1.09,-3.5,-0.45,4.29,8.16,-1.71,4.3,6.36,6.38,-1.74,-0.61,-0.24,3.92,0.64,3.7,-20.67,-0.11,-0.96,-1.24,-1.35,-4.23,-0.28,-0.19,2.81,0.54,-5.21,0.81,0.61,11.4,-10.74,-0.49,1.32,-6.55,-0.35,-0.03,-2.67,-7.7,3.96,1.53,0.11,-6.59,0.58,-2.02,1.11,1.47,-0.78,0.85,-0.25,7.02,2.77,7.34,-3.12,-5.27,-1.07,1.08,0.51,13
-0.83,1.43,-1.46,0.5,0.14,-11.78,4.04,-1.42,-0.7,-2.87,6.47,7.61,-0.28,-1.47,-0.47,1.67,1.36,-6.04,6.72,-4.22,0.01,-6.5,-11.11,-3.19,-3.65,-0.24,0.71,0.68,10.25,-0.65,-1.92,-0.48,0.82,-2.64,0.16,-0.4,-0.36,-1.95,-1.21,0.37,1.16,-0.03,-1.09,0.93,1.36,-1.05,1.21,0.11,0.63,-0.94,2.2,-0.79,-1.01,-1.62,1.81,-1.7,2.74,-0.7,0.13,1.26,-0.43,-9.94,0.46,-3.54,-0.08,-0.72,-3.34,8.21,1.35,1.33,-0.77,3.13,1.74,0.23,-3.37,-5.2,2.19,7.08,0.88,-3.89,4.8,1.09,0.2,0.39,-6.91,1.37,-1.36,26.17,-1.05,-0.22,1.81,1.02,-0.86,0.14,-0.41,11.61,-0.26,7.06,-1.55,-0.84,-2.66,0.92,-0.94,-0.05,-1.25,0.5,-0.03,0.18,5.7,0.6,1.35,0.97,7.04,-0.12,-0.7,-2.09,0.9,-0.77,-1.44,-2.0,-1.55,2.95,-2.64,-9.72,1.45,1.58,-1.0,0.94,10
0.65,-1.55,1.24,2.21,-1.37,8.4,-6.48,-0.54,2.66,-2.24,-10.34,0.09,0.51,-0.38,0.02,-0.51,-0.6,-4.88,-0.3,-7.51,-1.71,-5.2,3.93,-0.74,4.95,-0.82,-7.38,0.39,-5.98,-0.35,-1.18,-1.07,1.33,-3.03,-0.16,-0.59,-1.2,-1.11,-0.39,1.42,-0.51,1.17,0.17,4.67,0.37,0.59,-2.1,-0.46,1.2,-6.34,-0.41,1.17,8.02,-0.72,0.83,-0.25,0.03,-0.52,5.76,0.34,-1.3,3.99,-0.48,-2.26,2.07,0.27,6.52,3.74,-3.77,-0.52,2.17,0.75,0.29,-4.49,-1.41,3.65,0.27,4.4,-3.09,2.62,-4.24,-0.53,1.15,0.07,-1.78,-0.63,-2.06,5.73,0.25,0.36,0.17,5.24,1.95,-0.74,0.53,-4.12,1.32,2.3,-1.54,0.35,-2.4,-5.19,0.52,3.06,-0.6,1.7,0.34,-0.18,-2.61,4.62,1.22,1.25,-4.11,0.24,0.52,-1.49,-0.64,0.92,0.02,0.59,-6.36,-0.13,-3.79,3.9,-1.22,0.5,-2.19,1.43,14
-1.26,-2.33,-0.53,-4.0,-1.76,1.52,6.22,1.66,-2.04,-1.4,5.42,2.74,0.47,-0.8,-0.01,0.61,1.55,7.35,4.91,-6.53,1.04,-6.89,12.78,-0.34,3.13,-0.29,7.63,-1.02,-1.03,-0.3,-1.77,-0.85,-2.12,2.25,3.15,-1.7,1.96,1.6,-0.31,-0.55,8.38,0.97,0.67,-4.62,1.71,2.1,-1.08,0.22,1.93,-0.64,1.85,-0.23,3.54,-1.87,0.16,-0.56,-1.23,1.08,2.78,-0.94,0.11,1.02,0.95,-3.86,1.04,0.82,-6.65,-10.62,-2.18,-5.14,0.38,-2.7,-0.56,1.68,-3.47,-3.3,-3.56,1.74,3.41,-52.3,-3.89,1.45,1.16,-1.09,1.78,-0.07,-15.35,-4.59,1.85,0.83,0.83,-5.32,5.72,-1.63,-0.86,1.59,-0.22,9.9,1.24,0.07,-0.62,2.72,-0.36,-0.7,-1.98,-0.87,-1.28,0.6,-5.68,3.77,1.27,-1.78,-7.02,-0.7,1.69,-4.34,-1.56,-0.47,-0.98,-0.31,0.5,8.42,-0.06,-5.39,1.47,4.8,-0.17,0.21,8
1.77,-7.17,-1.48,7.7,-6.55,4.41,-3.19,-3.25,7.12,1.12,-3.32,-3.3,0.57,-0.19,-2.12,0.55,0.8,-4.05,-2.65,2.33,0.96,-2.67,-0.87,5.83,-9.32,-0.29,0.18,0.58,1.61,0.78,-1.35,-0.78,-2.85,-1.28,-3.81,-0.97,0.06,0.36,-0.39,0.84,-5.02,-0.7,-0.78,-4.08,-1.67,-0.33,0.9,0.35,-1.27,-4.34,0.55,0.61,-4.24,-6.13,-0.49,-0.41,2.3,0.46,2.1,-0.48,0.49,-0.58,0.02,-6.03,-1.46,0.19,-6.81,0.35,0.43,3.62,-0.37,-6.23,-0.11,-3.17,7.88,1.84,-1.47,0.53,-1.67,15.31,7.78,0.15,1.02,0.64,-0.66,0.25,-2.97,18.7,0.5,2.7,0.34,-2.37,-8.56,-1.41,-2.02,-4.5,-1.3,0.44,0.52,0.44,-2.38,0.08,-0.66,-0.78,-7.02,-1.71,0.36,0.09,5.45,-1.36,-0.03,-0.62,-5.93,-0.09,-0.65,-2.44,0.9,-0.24,0.79,-1.62,-10.45,3.15,-1.33,5.63,-0.9,-7.7,-1.28,1.67,7
-0.58,-2.18,-0.82,-1.67,-10.43,0.86,-3.98,4.59,-3.68,-2.45,0.32,2.83,0.61,-0.98,0.94,-0.14,0.14,3.81,-3.72,5.03,-0.54,11.5,-1.39,-1.39,7.85,-0.87,-0.93,0.67,-0.32,-1.36,-0.52,0.87,2.24,-2.04,5.49,0.15,0.48,-0.33,-1.25,-0.42,-5.46,-1.64,2.34,-6.94,0.15,-1.3,1.26,2.29,-0.58,-5.57,1.1,-0.53,3.2,5.25,0.58,4.63,-4.07,-1.79,-0.78,-1.41,0.97,-1.88,-0.24,2.91,0.1,0.74,0.9,-1.79,9.06,-0.33,0.53,-5.59,0.78,0.91,-5.5,-3.39,-4.75,-0.9,5.81,19.7,-4.12,1.18,-0.71,-1.24,9.98,0.02,-0.17,-22.25,0.93,-1.23,0.2,-2.49,6.28,-0.82,-0.75,-5.96,0.44,-3.49,-1.39,1.48,2.43,7.55,2.17,0.21,-5.38,0.5,0.98,2.12,-4.26,-0.03,0.23,1.25,5.09,0.9,-0.83,1.13,1.8,-1.19,-1.09,-0.49,-1.63,6.08,-2.41,2.67,-3.14,-2.63,-0.32,1.12,13
0.85,-5.52,0.29,-4.69,10.03,4.73,1.35,-0.12,3.55,-2.52,3.38,5.5,0.73,-0.62,-0.12,-1.13,0.55,3.66,13.57,7.7,-0.84,-4.3,-9.27,3.01,4.6,-0.86,-2.46,0.36,10.62,0.13,1.05,-0.89,-8.01,9.02,-7.49,0.78,0.21,0.81,0.01,1.16,2.65,0.22,-0.18,-1.27,1.09,-0.88,-0.08,-0.49,-1.08,1.08,-0.58,1.52,-3.58,-6.74,-0.04,-2.06,3.27,-1.57,-1.57,2.34,0.12,8.2,0.02,-3.04,-1.92,0.61,11.68,6.48,-1.93,0.48,0.95,1.47,-2.79,-0.01,-5.46,-0.86,5.82,4.38,1.32,0.22,0.97,-0.14,-1.0,-1.0,3.69,1.15,3.63,-2.52,1.75,0.8,0.89,1.6,2.41,0.06,0.48,3.04,-1.58,-0.47,0.01,2.2,-1.29,8.18,0.61,16.22,1.25,0.59,2.56,0.52,0.26,-0.47,0.23,-0.38,-2.88,0.1,-1.99,3.2,-1.32,-1.46,-0.66,-0.32,0.16,1.17,-10.78,0.37,1.65,0.1,0.12,0.25,9
0.68,-1.79,0.57,-6.76,6.37,2.09,-0.86,-6.21,-6.51,-1.26,-7.89,1.66,0.42,-0.02,1.21,-1.11,0.57,3.92,-1.8,-0.59,-0.26,5.63,0.36,-2.27,-8.01,1.26,7.51,-2.17,9.42,0.46,0.34,2.01,3.47,-6.21,4.52,0.96,-0.74,-1.45,1.2,0.21,2.37,2.07,-1.32,4.04,-0.69,-1.01,0.17,-0.27,-0.42,4.15,0.44,0.25,-2.66,-3.43,-0.88,8.11,1.24,0.74,-1.59,-0.52,2.01,-4.33,0.93,-0.09,-0.81,0.07,-0.95,-1.79,7.36,6.51,-1.68,7.08,-0.26,5.36,0.66,3.16,-11.16,-1.62,-0.67,-15.25,-1.29,1.17,-0.05,0.66,-2.27,-0.75,-2.5,10.08,0.36,1.58,0.72,-2.34,-1.64,-2.6,-0.19,-1.01,-0.19,-4.98,1.02,-0.74,-0.18,2.96,-1.4,-0.91,-2.78,-1.63,0.04,-0.66,-7.27,-6.28,-0.95,0.17,0.43,-0.7,0.19,2.06,-0.64,-1.38,-0.91,-0.88,-7.89,-5.72,2.03,-0.56,0.86,-5.15,2.0,0.03,9
-1.27,7.56,0.74,2.09,-4.54,0.57,1.23,-0.31,4.62,7.56,2.65,-0.82,-1.92,0.46,-0.25,0.58,1.06,1.71,-4.45,-0.62,-0.18,-4.19,-4.34,0.37,-8.84,0.59,-2.84,0.93,3.29,-1.11,-0.45,1.38,-3.64,5.29,5.45,0.68,-0.33,0.28,-0.91,0.39,-1.81,1.75,-0.95,-3.21,1.14,1.72,0.38,1.29,0.46,-2.59,-0.51,1.46,-6.18,-1.01,1.63,-1.94,2.59,-1.69,-4.76,-0.7,0.24,-4.04,0.51,2.69,-0.16,0.92,8.57,0.73,2.6,-0.75,1.21,-1.37,0.61,6.32,-1.12,-9.66,-5.56,5.68,-0.01,-18.42,-2.61,1.89,0.96,-0.32,-4.11,-0.73,-2.85,-31.55,0.83,-1.84,-0.5,-3.52,-3.87,-0.29,0.78,2.57,-0.36,-8.61,-1.23,-1.73,5.42,4.69,1.05,-8.65,1.4,0.36,1.31,0.47,-4.96,6.23,0.59,0.34,4.23,-0.17,2.16,0.14,-1.52,-0.17,0.72,-1.31,5.04,-0.26,-1.71,-4.42,-3.11,2.1,1.92,-0.68,5
-2.23,2.78,-0.66,3.37,5.5,1.57,-5.31,-6.82,-11.81,6.37,4.44,-1.67,-0.98,-0.11,0.62,0.49,0.86,-5.5,8.55,-4.75,-0.85,11.77,2.78,-4.14,-3.31,0.89,-3.46,0.2,1.92,-0.1,-0.64,-1.46,6.64,-3.53,10.82,1.58,-1.22,-0.46,-0.31,-0.73,11.55,1.93,1.34,-15.96,-0.75,-1.09,0.03,1.09,1.18,1.72,1.79,-1.18,10.41,10.22,0.33,7.42,1.05,-1.37,-5.44,0.84,-0.03,0.63,0.34,-3.99,0.44,1.02,-0.12,-1.96,-1.73,1.91,0.27,7.64,-0.3,1.74,-3.72,-6.14,3.0,0.77,2.62,-43.61,2.21,0.68,0.93,-0.94,0.9,0.91,-1.94,-12.17,3.23,0.33,-0.29,6.8,-6.98,-1.31,1.74,-0.27,-0.81,-0.58,-2.04,-0.57,2.37,4.07,0.8,0.23,-4.83,0.47,2.08,0.24,-0.09,3.34,0.33,1.98,-2.17,-0.92,0.27,-1.17,1.14,0.43,-0.69,-0.53,-2.74,4.72,-0.76,4.14,-0.07,5.82,0.11,-2.76,10
0.53,-8.04,0.34,-0.07,-1.67,-3.29,-4.79,6.56,-0.76,1.69,-4.84,-7.17,-0.7,-1.19,0.71,1.01,1.27,1.42,-1.16,-1.19,0.51,9.23,-2.53,4.61,2.66,-0.57,-1.56,-1.14,-1.75,-1.6,-0.05,0.18,5.77,4.45,-4.97,-0.04,0.67,1.1,0.12,-0.74,-0.73,1.37,-1.05,-0.56,0.1,1.25,1.14,0.4,1.14,-7.2,0.38,-0.59,1.34,3.74,-0.79,-3.99,-2.0,0.38,-3.98,0.22,-0.09,-9.19,0.01,5.16,-0.22,0.06,3.8,-9.15,1.34,2.12,-1.45,0.04,1.61,-0.08,0.89,0.79,0.17,1.45,1.2,4.97,-0.24,-1.1,0.29,1.08,3.99,0.91,5.15,-14.1,0.28,0.59,-0.27,-0.27,-4.65,-0.25,-1.06,-4.73,0.41,-3.74,1.27,1.45,3.95,5.0,-0.43,7.31,-4.25,1.05,2.14,-1.42,-9.79,-6.22,0.58,1.37,1.86,-0.2,0.59,-1.59,-0.68,-0.07,0.12,-0.23,3.75,0.88,2.9,0.82,2.3,3.47,1.93,0.26,13
0.35,-0.08,-1.44,-0.92,6.96,-3.0,-4.81,-3.81,-1.64,-1.27,1.2,3.52,0.34,0.42,-0.02,-1.64,-0.41,-4.31,5.54,-4.08,1.86,2.46,0.18,-1.49,6.92,0.85,-9.82,0.87,2.9,-0.57,0.35,2.25,0.03,-10.73,-9.19,0.9,0.5,-1.25,-0.83,-1.84,1.13,0.75,-0.01,1.28,1.73,-0.33,0.91,1.1,-0.65,3.64,0.84,0.42,10.02,5.01,-0.53,-4.87,-9.15,-0.13,3.25,-1.52,0.52,3.62,-0.53,3.08,1.42,-0.28,2.51,2.54,-5.47,-1.03,-2.17,-1.32,-0.23,-7.63,2.83,-5.41,8.72,1.13,7.87,19.83,-7.61,-0.15,0.58,-0.36,-0.48,-0.04,1.89,39.04,0.32,-1.59,-0.58,-2.14,0.5,0.01,-0.45,3.36,0.31,-0.79,0.56,-0.59,-3.0,-2.62,-0.13,-1.56,-11.45,0.35,-0.08,1.29,-7.43,-5.27,-0.73,0.77,-9.0,-1.71,-0.6,0.7,0.21,1.11,-0.74,0.44,0.85,-0.59,-4.72,-2.94,-2.2,1.1,0.32,-0.42,7
-1.14,0.59,0.66,5.27,-8.71,-5.56,-7.23,6.08,-0.79,1.4,6.23,4.86,0.1,0.83,-1.56,-1.35,-1.26,-5.97,-1.14,1.02,-0.98,-0.17,-2.39,-1.96,6.53,0.78,-4.77,-1.05,1.67,0.55,0.44,2.25,-5.96,7.61,-0.13,-0.12,-0.57,-0.82,0.04,0.91,-0.94,1.17,-1.75,-2.16,-1.79,0.31,-2.14,-0.32,1.25,-3.9,-1.54,-0.16,-1.71,-2.64,-0.31,-2.58,3.95,0.1,4.6,-0.48,1.35,7.65,-1.45,-10.29,-0.4,0.28,4.45,6.26,15.98,0.5,0.43,-0.35,-0.96,-0.17,7.41,11.69,-6.51,2.73,9.32,51.95,-1.1,0.68,-0.94,2.24,9.06,-1.04,2.06,-19.53,0.43,-1.1,-1.31,1.26,-1.11,-0.22,0.33,-7.86,-0.37,-0.47,1.01,0.41,-2.05,-5.46,1.08,-1.82,-5.74,1.36,-2.43,0.65,8.94,-1.73,0.85,-0.07,-3.0,-0.36,0.82,4.13,2.01,-0.73,1.65,2.02,-1.62,11.61,0.45,7.27,-4.31,6.02,0.63,-0.56,14
-0.23,-7.46,-0.94,-5.22,-1.72,-7.68,0.31,3.75,2.19,-2.35,3.26,-0.58,-0.49,-1.45,-0.24,0.36,1.04,11.37,-10.53,-4.66,-1.21,-8.86,4.7,7.65,0.23,-0.06,1.41,0.67,-4.04,-1.59,2.24,1.33,0.47,-3.72,3.43,-1.32,0.78,0.66,2.16,0.01,-13.91,1.37,0.14,4.86,-0.72,0.26,-2.0,0.85,1.15,-8.89,-0.55,-0.02,1.44,-4.98,0.18,-3.82,2.49,1.18,-3.12,-1.77,-0.21,1.54,-0.09,0.55,1.02,1.99,-3.12,5.82,-7.82,1.61,-0.13,6.66,0.35,2.13,4.05,-4.1,1.46,0.76,2.24,1.81,5.74,-0.83,-0.15,-0.27,0.59,1.21,-4.4,5.09,-0.28,0.37,0.24,-4.86,6.77,1.37,0.68,7.7,-1.64,-2.33,1.64,-1.37,-0.07,-0.32,-0.4,5.2,6.58,-0.82,1.58,-1.4,0.12,1.84,-0.92,-1.34,-7.58,-0.66,0.16,1.78,1.07,-0.79,0.37,2.05,4.97,-5.48,1.87,6.6,0.42,4.41,1.94,0.35,11
-0.56,1.41,-1.21,2.53,-5.22,-6.47,-5.2,9.0,7.23,8.26,5.18,4.45,-0.51,-0.04,-1.73,-1.44,1.15,-0.14,6.28,-0.59,-1.04,5.64,5.0,1.27,3.23,-0.49,-7.25,-0.59,3.67,-1.38,-2.61,0.34,12.6,-3.2,0.28,-0.5,-1.31,-0.79,-1.51,-1.56,1.43,-0.51,0.84,2.28,-0.33,-0.64,-0.32,-1.36,1.37,2.82,-0.36,-0.43,0.82,-0.37,1.27,1.69,-2.56,-1.59,0.39,1.45,-0.9,-1.09,-0.07,3.96,-0.97,0.09,6.31,6.94,2.52,-1.78,1.39,1.57,-3.31,-5.74,7.7,-4.37,-0.8,-5.12,-2.8,28.06,4.21,0.25,-0.86,-1.2,-3.72,1.34,-0.66,16.15,-0.71,0.8,-1.7,-6.03,-6.32,0.21,0.31,-8.78,-0.31,1.69,-0.67,0.17,-6.38,3.95,0.53,0.23,2.13,-2.81,-1.18,-0.79,-0.24,-6.03,-0.23,-1.15,-6.4,1.87,0.38,9.38,-0.67,-0.47,1.47,0.35,4.68,5.13,-0.97,0.73,5.83,-2.72,0.06,1.34,3
1.74,-5.81,0.12,-4.87,-1.04,1.21,6.82,6.3,0.58,0.57,-0.54,-6.94,0.92,1.6,0.52,0.63,1.08,1.29,-1.45,4.9,0.54,4.7,-3.48,-6.22,-0.79,1.11,10.18,0.01,-7.36,0.04,-1.83,-0.99,7.14,1.26,-10.42,0.66,0.7,2.01,0.14,0.9,3.7,1.52,-0.56,0.43,1.37,-1.18,1.3,1.69,1.15,-2.85,0.7,1.22,5.66,-1.62,1.02,0.79,4.91,-0.31,-2.59,0.6,0.89,-4.0,-0.68,1.67,0.79,-1.19,-2.93,-3.95,7.0,0.64,2.64,-5.15,-1.15,-8.05,3.14,-1.65,-8.11,1.6,1.0,-8.84,1.64,0.83,-2.21,1.55,-7.23,-0.87,4.93,29.8,0.64,-0.6,-1.43,-0.15,-2.18,-0.84,-0.49,-3.71,-1.12,-6.94,-2.27,-0.28,1.1,3.03,0.61,0.92,5.1,-0.15,1.06,1.37,-2.48,-2.15,-0.21,-1.03,-5.57,0.43,-0.35,-1.2,-0.14,-0.48,2.63,0.48,2.74,-3.38,-3.41,2.92,3.24,-7.96,-0.03,-0.72,3
0.46,9.14,0.57,9.28,-8.83,3.98,-1.61,-6.09,14.53,1.89,3.18,-8.27,1.31,0.64,-0.18,-2.47,2.29,-6.49,8.5,3.82,1.17,-4.44,0.02,-0.1,-8.58,-2.03,4.65,0.02,0.77,-0.94,0.06,1.22,2.99,4.23,-5.86,1.38,-0.57,0.84,-0.55,-1.08,-5.8,1.04,-0.08,2.69,-0.57,-0.9,0.63,-0.43,-0.72,-2.51,-1.1,-0.48,-0.41,-0.67,-0.46,5.3,-3.47,1.3,11.7,0.48,-0.9,-5.73,-0.26,-12.16,-0.63,0.99,4.96,-2.07,-0.71,-8.92,0.7,3.86,-0.08,11.23,6.89,-2.02,6.23,-11.74,-2.43,8.62,3.1,0.84,0.94,-1.75,3.6,-0.19,1.37,-24.27,-1.49,-1.14,0.93,4.7,-7.57,0.76,-1.7,1.83,0.59,-10.63,0.67,-0.93,-5.49,-5.53,2.54,1.06,8.74,0.63,-0.71,-0.45,-3.9,-5.49,-2.18,-0.6,3.94,-1.11,0.16,-9.3,-0.41,0.62,0.27,0.16,-13.1,4.06,-2.56,7.76,1.66,-3.19,-0.06,1.69,7
-0.43,2.39,0.23,-0.49,3.23,-1.05,-7.28,-0.01,-5.76,-2.57,5.83,1.46,0.36,-0.51,0.81,0.08,-1.96,4.0,-5.08,-4.92,0.51,6.92,7.86,-2.5,-6.22,-0.6,4.4,0.04,10.0,0.22,-1.42,1.73,6.38,-3.47,-0.14,1.29,1.7,0.74,-1.51,0.76,-4.27,-0.43,-1.23,-3.26,-1.91,0.5,-1.09,0.22,-0.22,-5.87,1.96,-0.68,-3.03,7.99,-0.42,-5.03,-0.45,0.47,8.63,-1.0,0.31,8.53,-0.3,3.91,-0.6,0.91,4.54,3.52,-2.72,-0.91,-0.47,5.13,-0.74,-1.94,1.71,0.1,-2.41,-8.23,3.05,4.77,5.32,-0.66,-0.43,-0.52,4.82,-1.04,-4.4,-34.02,2.47,0.4,-1.13,-4.09,-0.69,0.28,0.25,0.82,0.68,1.1,-1.78,-0.05,0.58,-4.29,-1.1,2.96,2.34,-0.95,0.04,-1.21,1.35,0.82,-0.82,-1.19,-1.22,-0.87,0.02,2.04,-0.75,1.11,1.29,-0.82,1.43,-0.86,-2.58,4.29,1.29,0.12,-1.51,-0.32,7
0.7,-1.99,2.17,-3.69,0.9,0.49,-4.54,-1.04,2.34,-4.66,-6.29,11.53,-1.48,1.03,1.25,0.31,-0.44,7.29,6.13,1.56,0.61,-3.94,5.01,-5.22,-3.26,-0.5,0.88,0.23,1.93,0.57,-1.16,-1.15,-2.96,-0.25,-1.28,-1.49,2.08,0.01,-0.86,-1.52,-4.14,-0.82,1.13,2.28,-0.37,-0.2,-0.06,0.21,-1.64,-1.25,-1.1,-1.12,-2.8,-6.72,-0.76,-12.51,0.11,2.15,0.59,-1.06,1.9,-5.75,0.73,-4.0,-0.51,-0.61,-6.52,-1.06,3.23,-2.97,-0.58,-2.04,-2.52,-2.68,-6.67,-3.54,-4.36,-3.37,2.16,-7.14,3.54,-1.03,-0.19,0.84,-5.16,-0.01,3.18,32.17,0.47,-0.11,-0.83,1.0,-6.58,-0.7,0.94,-2.81,-0.78,-2.81,0.48,0.49,2.03,-4.94,0.95,-8.47,2.17,1.76,-0.31,0.27,-0.44,3.35,0.07,1.46,-0.14,1.88,2.18,1.01,2.41,0.16,-0.2,0.4,-2.59,4.47,0.21,-4.93,-1.93,-3.25,-1.45,1.62,14
1.07,0.58,0.65,1.27,2.59,-4.56,7.22,9.01,-3.25,-0.44,-2.1,-3.67,-0.06,-1.93,1.04,0.05,0.55,-1.3,-5.12,-8.3,-1.03,7.54,-1.74,-0.78,-0.84,-0.12,3.29,0.81,1.19,1.6,0.56,0.6,-7.15,17.13,3.61,1.79,-0.02,-1.64,0.37,1.89,0.63,0.19,1.39,-0.01,-0.84,-1.96,-0.5,-0.21,-0.7,0.73,-0.38,0.16,-4.72,0.09,-1.01,-0.11,5.1,-0.41,2.21,1.19,0.07,-2.19,-0.71,-7.14,-0.88,-0.49,-9.4,0.65,4.05,7.82,0.22,-4.61,-0.92,0.93,-4.68,-3.36,2.41,6.6,-1.99,24.31,3.44,0.52,-1.25,0.34,-5.53,-1.93,0.74,-22.8,0.33,-0.61,-0.55,-10.13,-1.16,0.67,0.01,-0.15,0.61,1.32,0.5,-1.44,-0.23,-7.14,-1.58,4.9,4.44,1.27,1.25,0.01,-0.26,-1.09,1.01,-1.85,-3.25,1.83,0.01,4.73,0.06,0.44,-0.33,0.46,2.35,4.97,11.93,1.37,4.54,-0.98,-1.62,-0.39,2
-0.77,-1.91,-1.01,0.57,-2.93,2.4,9.65,0.02,-1.24,-1.81,2.65,7.55,-0.69,0.56,-1.3,-0.23,0.92,-5.85,4.69,-2.58,-0.59,4.93,-9.34,-1.49,-1.0,-1.67,1.81,0.18,-1.06,-1.45,-0.31,0.26,-4.6,-1.98,-0.44,1.46,0.65,0.9,0.1,-1.02,6.6,-1.59,0.46,3.33,-1.16,-0.05,0.25,-0.47,-0.59,5.49,0.57,0.22,5.69,-2.99,-0.16,0.99,1.87,-0.43,3.17,0.34,-0.33,-2.23,0.03,1.16,-1.6,-1.2,3.99,6.15,-0.19,-2.18,1.22,0.57,0.62,-6.11,-4.94,-7.79,-10.7,1.32,0.49,32.74,3.69,-0.82,1.14,0.91,2.36,-0.94,6.49,18.72,-0.48,-0.01,0.06,-1.2,-4.88,-0.28,-0.71,5.9,0.7,7.37,-0.66,1.44,-4.64,-5.49,2.47,2.52,-0.2,0.32,0.25,-0.36,3.62,-15.67,2.14,-0.07,0.8,0.46,0.77,1.46,-0.12,0.38,0.57,-0.9,0.41,3.26,5.53,-3.73,-1.44,-7.37,1.97,2.45,11
-0.72,3.38,-0.25,7.7,-5.03,-5.64,2.93,1.02,-1.21,-2.9,-10.98,-0.73,-1.62,0.14,0.13,0.11,1.09,1.49,6.95,-4.25,-0.17,5.1,-4.57,2.38,-1.79,0.08,-5.06,3.01,5.19,0.04,1.93,0.81,-0.73,0.51,-4.8,-0.6,0.08,0.56,0.04,2.07,12.75,0.66,-1.09,-5.36,-0.61,1.81,0.68,-0.22,-0.45,-0.2,-0.65,-0.04,-2.27,-1.71,1.12,-4.13,-5.1,1.41,4.18,-0.41,-0.66,-4.77,-2.15,3.15,0.41,-1.1,-3.96,-8.48,-2.85,-7.24,-0.22,4.57,-1.22,-2.84,-0.89,-3.98,-7.65,10.1,-3.59,34.13,-1.62,-0.87,1.44,1.18,-2.63,1.32,3.9,26.38,1.88,0.5,0.75,-0.09,1.87,0.07,-0.65,-5.61,0.61,4.3,-0.14,0.44,-0.48,-1.94,1.67,-5.91,-7.1,0.63,-1.14,0.17,0.94,2.21,0.24,-0.18,0.85,-0.4,0.91,0.89,-0.11,-0.66,-0.17,-0.8,-0.18,3.41,-5.23,-5.78,0.04,-3.33,1.08,-2.16,12
1.18,-7.67,0.4,3.39,4.31,4.13,-4.38,2.3,0.47,-5.45,6.99,0.76,-0.83,-0.07,1.64,0.2,0.72,-5.53,2.6,-0.76,-0.21,-4.14,2.19,-9.24,3.46,0.81,5.41,1.15,1.69,-0.05,1.37,-1.39,-2.97,-1.68,6.3,0.24,3.17,2.11,1.05,-0.14,5.83,1.15,-1.76,-3.15,-0.06,-2.07,0.89,-0.64,-0.96,3.03,0.37,-1.22,-7.55,-0.4,0.49,5.24,-0.34,0.31,-8.93,-0.67,-0.13,6.09,-0.35,-5.14,0.55,0.21,-3.29,-5.66,0.49,-3.59,0.59,-2.11,-1.24,-6.34,0.43,-0.92,-4.41,0.73,-1.31,-34.79,4.31,0.69,1.97,-0.5,-5.89,-0.14,-4.66,-15.07,-0.92,-0.1,-0.1,0.38,-0.93,1.05,1.02,1.38,-0.37,-2.18,0.25,-1.37,-1.36,3.52,-1.06,2.87,-4.16,-1.15,0.54,-0.62,0.74,-3.21,-1.9,0.48,3.49,-0.47,-0.07,-6.6,0.57,-0.82,-0.58,0.98,-5.63,-1.5,2.73,-1.05,-10.27,-2.25,1.79,0.16,12
0.72,4.46,0.19,-3.36,5.46,-0.73,-0.48,-2.9,6.43,4.42,-3.16,2.92,-0.13,-0.57,0.61,-3.35,0.57,14.21,-4.3,0.8,0.9,0.25,-11.0,0.21,-2.84,-1.2,-5.68,-0.92,1.33,1.12,0.81,0.27,-5.97,2.7,-1.62,1.04,0.14,1.24,-0.18,0.53,-0.01,-0.29,0.23,4.52,0.34,-1.08,-1.24,0.27,-0.99,1.29,0.12,0.95,-0.26,-4.96,1.28,-1.52,2.55,-0.48,1.7,0.08,-0.64,-9.37,-0.35,2.58,-1.26,-1.01,3.76,10.52,3.46,1.58,-0.4,1.83,1.34,-0.33,0.03,6.04,1.26,4.05,1.46,38.0,3.7,-1.89,0.64,-0.55,4.86,-0.2,-1.42,11.12,0.16,0.23,0.25,-3.75,4.0,-2.06,3.63,-1.95,-1.01,1.1,0.79,-0.26,1.7,3.94,2.2,-1.85,-8.76,0.42,0.52,-1.54,-1.78,5.79,-1.55,-0.22,-4.48,-0.73,0.2,1.88,1.01,1.91,0.93,-1.11,8.57,-5.18,-3.5,-5.86,0.73,-1.86,-0.17,-1.02,5
-0.91,-3.62,-0.1,-4.57,-4.76,-2.15,9.03,3.76,-7.65,-3.98,0.27,-2.15,-0.14,1.31,-1.16,-0.01,1.43,7.24,-2.5,1.57,-1.36,2.98,-15.05,2.76,3.97,-0.48,0.94,1.02,-3.21,0.31,0.67,0.96,-6.68,0.19,0.93,0.93,0.93,0.75,0.4,0.16,0.43,0.98,0.02,-0.08,-0.3,0.76,-0.55,-0.68,-0.55,0.67,0.39,0.45,13.53,-1.18,0.67,-3.55,-5.52,-0.66,-1.18,0.96,-0.56,0.68,1.27,-2.26,0.64,-0.43,-3.31,7.45,6.74,7.58,-0.8,-3.32,1.09,-1.07,7.47,-5.52,-1.59,-5.46,-0.39,25.6,-2.06,0.38,-0.24,0.82,-7.02,0.79,5.25,30.75,0.61,-0.02,1.4,1.18,-1.24,-0.65,-0.04,-5.81,-0.71,6.68,-2.21,0.93,-3.13,4.75,0.12,8.77,-4.69,0.31,0.24,-0.12,-4.52,6.19,1.02,-0.24,-4.43,-0.56,0.8,7.26,-0.47,-0.49,-1.0,-1.5,0.59,-0.24,1.13,5.63,3.6,-1.99,1.56,1.27,1
-1.04,-0.74,0.56,-2.83,-0.48,-6.41,1.49,9.16,1.11,-3.89,-5.1,-3.58,-1.11,-0.26,-1.35,0.48,0.95,-0.72,-0.13,-6.07,1.67,8.58,-1.18,3.44,-8.53,0.03,3.23,0.18,0.96,-0.89,-0.41,-0.08,0.48,5.91,1.29,-0.41,-1.74,-0.86,-0.23,-0.66,-0.66,-0.42,-0.24,-6.41,-1.68,0.23,-1.24,0.4,0.71,-1.95,-1.31,0.68,-2.24,4.27,1.19,-1.82,-15.16,0.33,-3.16,-0.62,-1.63,0.71,-0.27,0.27,-0.15,0.22,4.41,8.16,14.1,3.28,-1.7,3.47,0.74,-3.59,-5.9,-5.73,6.07,-5.84,1.62,19.39,4.09,-0.45,1.17,0.32,8.59,-0.52,6.11,-32.65,0.25,-1.55,0.43,-6.04,2.35,0.06,0.57,-0.36,-0.56,-2.85,1.07,-1.67,-8.47,0.43,1.47,3.91,0.94,0.53,1.29,-0.15,-2.38,-4.3,-1.67,0.23,-0.81,-0.78,0.67,-0.23,-0.66,-0.41,0.41,-0.55,-5.63,5.76,1.69,0.37,3.95,-2.45,0.79,-2.79,13
0.85,11.22,-1.64,-9.48,-1.72,7.77,-7.21,1.43,-6.43,1.71,4.8,1.31,-0.82,-0.79,1.33,-0.41,0.86,0.29,2.7,11.93,-1.23,-2.86,-4.86,1.89,-1.05,-0.52,2.01,-1.39,-4.09,-0.38,-0.89,-1.17,-3.73,0.99,4.83,1.14,0.09,-1.09,-0.05,-0.45,-1.88,0.32,0.46,-12.43,0.13,0.24,0.44,0.66,-1.76,3.76,0.23,-1.44,2.58,-2.99,-0.16,3.78,-3.04,0.38,-1.66,0.11,0.77,3.25,1.22,8.38,1.84,-1.02,-4.66,4.56,4.73,-3.05,-0.75,2.98,-2.46,-3.96,7.44,7.2,1.9,12.86,-5.93,32.64,3.04,0.28,0.72,-0.69,-0.2,-0.08,-9.58,-33.19,1.33,0.18,0.24,1.29,3.03,-1.64,0.5,0.55,1.63,-4.38,0.43,-1.34,1.11,0.26,-0.23,-8.78,5.62,0.98,-1.07,-0.63,2.33,1.82,1.12,1.06,-5.84,0.24,1.36,3.64,-0.19,0.19,1.08,-0.12,-1.04,1.4,3.73,4.79,3.79,3.26,1.89,-0.38,9
-1.4,-0.03,0.37,-4.58,-3.59,-2.65,2.71,2.96,-3.83,-3.77,6.08,-2.34,1.08,0.04,-0.53,1.38,-0.14,-2.6,-2.33,3.59,-1.34,6.59,-2.8,2.82,2.52,2.24,-0.56,-1.05,-1.71,-0.82,-0.24,1.09,-0.71,-2.08,3.73,-0.99,0.66,-0.48,3.08,0.87,-0.17,0.53,1.02,0.4,-0.5,-0.1,0.89,1.29,0.33,5.11,0.92,-0.87,-0.93,0.54,-0.19,-3.94,4.36,-0.12,4.48,0.79,0.67,-1.3,-0.7,3.63,-0.26,-1.0,0.34,-9.89,-4.71,-5.32,0.23,3.54,-0.83,0.02,-0.62,2.1,-0.2,-0.75,-10.38,-5.46,1.51,-0.29,0.65,0.45,0.59,0.88,-8.79,-21.78,1.29,-1.19,1.46,12.71,-4.63,-0.62,1.58,-0.31,-0.84,2.68,-0.41,-1.44,2.37,-10.67,-0.84,6.98,-6.34,1.71,0.16,0.82,-0.59,1.36,0.63,-0.98,0.73,-0.63,-0.96,-1.25,0.77,0.01,0.25,1.83,-0.76,-3.81,-4.54,-2.9,-0.55,5.26,-0.48,-0.41,14
-0.79,0.1,1.31,-4.82,5.49,0.76,-1.93,0.17,-2.38,5.09,6.01,-1.78,0.19,-1.93,1.24,-0.49,0.13,-2.84,0.94,7.76,1.11,-6.71,3.63,-3.85,0.59,-1.47,-11.55,-0.27,-1.84,-0.03,0.65,0.85,-1.35,4.49,2.23,-0.16,0.77,1.44,-0.16,-1.11,-0.1,0.84,0.87,-2.57,0.24,-0.5,-0.7,0.37,-1.5,-6.85,0.63,-0.1,1.34,-2.22,0.32,1.44,-2.4,-0.44,6.6,-0.17,0.03,7.59,-0.65,-4.37,0.07,0.46,2.35,1.08,-0.46,1.68,-0.17,-2.08,-0.61,4.71,5.57,-4.17,2.6,-1.59,-4.09,-17.79,-8.61,0.84,1.5,1.01,6.07,0.09,0.59,-34.09,0.31,-1.29,1.32,-9.38,-8.33,0.13,-0.57,5.62,0.14,-0.04,-0.45,-0.04,2.1,2.57,0.19,-1.12,8.52,-0.75,1.81,-0.76,-4.88,7.53,-1.35,-0.78,3.43,2.01,-1.87,-11.09,0.12,-1.88,0.12,-0.75,2.13,1.89,-2.02,7.58,-2.13,-4.7,-0.88,0.89,9
-0.19,-2.28,-0.25,0.55,2.91,1.03,4.89,0.36,-2.17,-3.11,-7.96,10.76,-0.56,-0.55,0.36,0.31,-0.7,3.01,1.61,-7.72,-0.44,6.51,2.97,9.49,3.12,-0.45,-1.94,-0.9,0.32,0.07,1.02,-0.92,8.71,-4.53,-0.11,-0.05,1.63,-0.82,0.3,1.4,1.59,1.89,-0.64,6.52,-0.18,-0.27,1.6,1.19,-1.56,4.12,0.4,0.85,-1.83,6.82,1.31,9.88,-1.77,0.11,-0.08,-0.91,1.39,2.44,-1.16,-0.67,0.36,-1.34,0.41,-4.98,-7.36,-5.89,0.83,-6.31,-0.86,0.32,-9.34,0.41,-2.48,7.0,3.31,-23.81,0.58,1.95,-0.05,0.3,0.19,-0.48,-7.62,6.44,-1.16,2.23,-1.43,4.75,-6.2,-1.05,-0.27,-4.93,0.97,2.89,0.59,-0.19,1.62,9.53,-0.4,4.25,4.03,-0.13,0.63,0.26,-1.26,1.96,-1.03,-0.27,5.31,0.54,0.78,1.15,0.99,1.51,0.36,0.36,5.48,1.94,14.05,-4.09,2.74,1.97,1.12,0.43,8
0.12,1.05,-0.82,-4.72,-0.55,2.73,3.75,8.2,-3.23,-2.4,5.12,-5.94,0.4,-1.13,-0.37,-1.85,1.82,-5.48,2.91,4.42,1.19,6.62,-4.78,-1.58,-2.09,0.78,-0.38,-0.53,-1.14,-1.13,-0.17,-1.31,1.5,-6.12,-1.32,0.85,-2.05,-0.5,0.82,1.35,-0.96,2.03,0.56,2.31,1.36,-0.44,0.68,-0.34,1.3,2.74,0.89,-1.47,-4.52,2.42,0.37,4.51,-6.22,-0.02,-3.82,1.44,-1.27,-4.04,-1.02,-4.94,0.35,1.04,-5.01,0.94,1.29,1.3,-0.0,-3.51,1.81,-3.29,-11.06,4.15,-4.08,-1.94,1.07,-3.65,-5.46,-1.07,-0.67,0.04,-4.21,0.14,5.93,-23.72,0.02,2.37,-0.82,-3.13,-6.61,1.66,-0.17,-8.84,-1.19,-6.8,2.09,0.57,-4.2,3.16,-0.09,2.04,-3.75,0.54,-0.04,2.02,-5.05,-3.71,-0.22,-1.1,7.08,-2.11,-0.18,-13.03,-1.0,-1.49,0.6,0.21,4.69,-3.91,-2.72,1.27,4.31,3.66,0.82,1.07,10
1.1,-14.49,-0.6,3.99,-8.58,3.87,0.1,4.76,-4.27,-1.99,5.85,4.67,-1.47,0.69,-0.52,1.75,1.29,2.86,2.85,-5.38,0.03,8.25,-0.27,-0.33,3.7,0.44,1.56,1.35,-5.89,-0.08,0.85,-0.11,-4.54,-1.55,-4.92,0.53,1.52,-2.7,-0.43,-1.54,-1.56,-0.6,-0.27,3.21,-1.16,1.0,-0.07,-1.21,1.4,-2.83,1.17,-0.11,-2.68,1.41,-1.54,10.06,-0.03,-1.7,-0.2,0.73,-0.01,1.27,-3.39,1.74,0.73,0.27,1.56,4.91,-6.3,-0.56,-0.03,0.94,0.07,-4.23,0.87,1.2,-3.6,-4.91,-0.84,28.24,-6.43,-0.37,0.36,-2.01,9.03,0.78,-1.94,-23.83,0.44,0.63,2.35,4.43,1.09,1.05,-0.57,-4.59,-0.82,-1.47,-0.02,-0.55,3.21,-3.42,0.28,-2.09,-0.82,-0.64,-1.86,1.61,4.16,-4.99,0.69,0.05,4.01,-0.75,1.31,0.56,0.04,-0.92,-0.17,1.49,4.4,4.94,4.71,2.07,-0.2,3.17,1.89,-0.59,14
0.26,-0.38,0.48,-1.85,-2.5,4.34,0.86,-9.47,0.78,-7.3,-2.31,-7.06,-0.19,-0.22,-1.15,-0.24,-0.59,-1.66,-3.04,-8.2,-0.91,1.34,3.22,0.92,-0.7,2.34,2.4,-1.72,7.47,-0.08,-1.32,-0.74,-2.14,0.84,9.2,-1.21,-0.26,0.77,0.51,-1.87,0.69,1.06,-0.46,-1.45,-1.01,-0.53,-0.08,-0.62,3.59,0.18,1.29,0.32,0.85,10.18,-0.12,-8.49,6.33,-0.52,2.85,0.78,-0.72,3.18,-0.41,3.28,0.49,0.15,0.9,0.98,-0.76,2.69,-1.05,8.86,-0.73,-8.18,-3.91,5.09,0.41,-3.35,0.71,28.34,2.34,1.82,-1.37,-1.25,-2.22,-0.38,3.15,-27.4,-0.16,1.46,1.24,-5.63,1.45,2.1,0.3,5.49,-0.15,-1.65,-0.67,1.46,6.28,-4.81,0.47,-6.47,-0.76,0.99,-0.97,0.07,-0.1,-1.59,1.03,-1.92,5.76,0.67,0.83,6.27,2.13,0.33,0.24,-1.85,-2.8,-7.72,2.93,-1.45,1.35,0.67,0.56,-1.03,3
-0.53,-6.46,0.17,6.17,-2.83,1.3,-3.1,2.39,6.21,-1.8,-3.68,3.71,-1.19,0.87,0.09,-0.62,0.4,7.38,-9.75,5.06,0.2,6.96,5.64,-3.08,6.33,1.25,10.3,-1.85,-5.53,-1.35,0.2,-0.1,-3.92,-0.4,1.74,-0.3,1.62,1.34,0.59,-0.23,2.85,-0.89,-0.04,5.9,0.23,-0.46,-0.26,0.59,-1.14,-4.81,0.49,1.68,9.35,1.16,0.54,3.17,-0.16,-1.25,-1.13,1.04,-1.04,-1.23,-1.49,2.81,0.83,1.86,-1.65,6.48,0.92,-2.31,-0.22,-6.78,1.06,-3.3,-1.89,1.48,0.65,5.36,1.28,72.09,0.29,0.13,-1.08,1.19,8.97,-0.77,13.37,-3.71,-1.05,-0.75,0.93,-3.6,1.6,-1.16,0.03,-6.86,1.93,-7.42,1.36,-0.5,-0.58,3.03,0.32,-9.64,3.25,1.61,-0.49,0.35,-7.63,-4.01,-0.09,0.38,5.7,-1.45,-0.36,-1.52,1.06,1.35,1.75,1.66,-7.89,12.25,-3.85,5.39,0.26,-1.59,-0.82,-1.28,12
