"X_0","X_1","X_2","X_3","X_4","X_5","X_6","X_7","X_8","X_9","X_10","X_11","X_12","X_13","X_14","X_15","X_16","X_17","X_18","X_19","X_20","X_21","X_22","X_23","X_24","X_25","X_26","X_27","X_28","X_29","X_30","X_31","target"
-0.76,0.51,0.55,-2.51,-2.44,-0.18,-13.08,0.14,-0.97,-0.63,0.93,-0.11,2.27,0.85,1.43,6.07,3.97,-0.38,0.04,7.52,2.58,1.44,-2.25,6.0,-0.82,-0.12,-0.92,-0.02,-0.7,1.71,-0.6,-0.0,13
-0.82,0.97,-0.38,1.09,-2.41,1.23,3.06,0.18,0.27,3.12,2.31,-0.31,0.4,-0.31,1.25,0.02,-0.2,-0.2,0.7,-1.11,1.1,-0.99,0.44,-0.0,0.05,1.69,-1.74,-0.74,0.37,-1.35,-1.16,-3.3,16
1.12,0.6,1.36,0.97,-3.93,0.61,7.48,2.2,-0.68,-0.84,0.75,-1.44,0.51,-0.82,1.08,-0.82,-6.52,0.29,-0.48,-2.73,-3.51,-1.67,1.58,-2.79,-0.8,-0.85,0.14,1.71,-0.54,1.02,2.59,2.63,14
2.11,0.83,0.49,5.98,0.83,-3.7,4.8,1.36,-1.13,-5.32,2.13,1.19,-2.83,0.92,1.26,4.35,10.59,1.26,0.98,-1.71,0.43,0.28,-3.87,3.77,0.13,4.49,-0.71,0.88,0.52,4.51,1.17,0.8,37
0.48,1.42,1.81,-4.46,1.03,1.55,-7.64,0.08,-1.32,-3.96,0.49,0.35,-5.13,-0.03,-0.8,0.76,11.91,1.29,-0.61,-0.68,2.4,-0.94,-9.4,6.07,-1.74,2.05,0.33,-2.18,-0.39,-0.73,0.1,-0.18,32
1.05,0.87,-0.26,-1.76,1.6,5.59,9.26,1.8,-0.33,-1.44,-0.47,-1.32,-4.07,0.94,1.04,1.76,9.4,1.17,-0.64,0.75,1.3,0.27,1.02,-1.56,-4.06,4.17,-0.66,0.95,0.22,-0.31,0.73,2.96,2
-0.2,1.76,-1.74,3.84,-2.43,-1.39,4.84,-0.82,-1.75,-0.47,-0.8,0.13,5.64,-0.79,-2.12,-4.99,-9.42,-0.52,-0.68,-3.68,-0.33,-1.32,-1.1,-3.09,-2.93,-0.28,-0.32,-0.89,0.05,-0.79,0.06,1.6,7
-0.7,-1.52,1.28,-2.66,-0.67,1.86,1.93,-0.73,0.39,2.39,1.14,0.08,-2.41,2.95,-0.48,-3.28,-5.22,-1.16,-0.78,-4.34,0.23,1.49,0.96,2.15,-1.96,-2.42,0.52,0.76,-0.06,3.08,-2.32,3.28,8
1.2,-1.99,1.71,3.54,-1.86,3.24,10.42,1.77,-0.57,-6.79,-0.05,-1.8,-2.26,1.4,-2.71,-4.19,1.73,-0.94,2.23,0.91,1.44,-0.47,3.9,-4.08,2.97,7.62,1.43,0.12,-0.72,-3.32,0.63,3.44,3
0.78,0.93,-1.16,1.15,0.49,-1.87,3.18,-1.63,-0.64,6.41,-0.36,1.56,0.79,0.89,-3.1,1.48,-4.35,-0.74,-0.57,-4.56,0.3,-1.53,-3.79,-1.97,-0.38,5.48,0.55,0.49,-0.38,0.18,0.77,-0.04,10
1.31,-0.44,1.89,2.6,-2.95,-0.69,7.41,-1.95,-0.9,1.39,-1.09,-1.19,-3.37,-0.15,4.88,4.35,1.49,1.15,0.82,-2.18,-4.16,0.39,0.93,0.58,-2.25,-0.29,2.14,0.29,-0.14,1.05,-0.76,-2.98,55
-0.76,-1.28,-0.74,-5.33,0.25,4.1,-11.04,2.9,0.15,1.37,-0.67,-0.37,2.75,1.15,0.04,-0.76,-1.05,-0.09,-0.95,3.78,-1.72,1.51,-5.02,0.48,0.71,-0.85,0.58,0.27,-0.6,-2.43,0.23,3.46,26
0.26,-1.68,0.27,-0.09,-0.63,-1.21,1.7,2.81,-0.93,2.16,-0.46,-1.36,-3.85,1.19,-0.65,-1.36,0.19,0.78,0.14,1.28,3.78,-2.59,-0.83,-0.53,-1.33,-0.4,-1.02,0.49,0.68,3.93,-0.15,-1.86,20
-0.31,0.77,0.25,-0.31,-1.01,-0.93,-4.06,1.19,-0.4,-0.87,-0.83,-2.14,-4.46,-0.02,-1.04,-2.63,0.54,0.58,-1.41,-0.87,-0.44,-3.49,-2.06,2.86,4.16,0.93,-0.1,1.42,-0.05,-1.57,0.79,1.44,32
-1.06,-0.96,-1.59,1.86,-1.86,3.56,-5.74,-1.37,-1.08,-0.65,-0.33,1.44,-2.27,0.23,-1.59,-1.63,4.28,0.75,-0.5,1.92,6.1,0.64,-0.63,2.68,0.43,-3.76,2.38,0.17,0.38,1.91,-1.89,-0.34,47
1.69,-0.12,-1.09,-2.53,0.61,-0.03,-6.59,-4.05,1.0,1.27,-0.98,-0.99,-3.22,1.58,-0.86,0.84,0.81,0.11,-0.2,-1.66,0.67,-1.56,-2.15,2.93,-2.34,-3.28,1.05,0.23,1.37,-0.55,2.41,4.97,15
1.46,-0.91,0.18,-1.31,-0.66,0.99,-0.08,-3.07,1.76,-0.48,-1.81,1.35,-2.27,0.08,2.72,2.93,-0.9,-1.32,-1.2,0.73,-3.91,0.45,-0.08,0.91,-2.23,2.15,0.56,-0.7,1.66,0.05,-1.33,6.3,26
1.83,0.13,-0.11,0.85,-0.81,2.55,0.07,-6.69,1.39,0.64,0.62,-0.31,-2.6,-0.14,-5.58,-3.33,-6.65,-0.36,1.21,0.09,0.72,-0.01,1.96,1.54,-1.48,0.48,-1.44,0.91,-1.09,1.75,-0.45,-0.14,47
1.39,0.41,0.21,2.39,-3.83,-1.88,-1.89,2.21,1.3,0.78,-1.03,0.78,7.92,-0.29,3.71,-0.28,-4.03,0.93,-1.26,-1.88,-0.17,-0.26,1.4,3.57,0.11,-0.72,-0.32,0.59,-1.17,-2.43,1.31,4.53,21
-0.58,-0.62,-0.37,2.79,-4.67,-2.56,3.66,0.3,0.28,1.35,2.07,1.39,-0.17,2.3,2.09,-4.27,-11.75,0.65,-1.46,2.72,-3.9,1.83,-2.65,-2.63,-3.25,4.99,-0.7,-0.28,-0.34,0.42,0.9,2.72,32
-0.79,0.92,0.38,1.11,-3.77,-0.04,-1.59,1.02,0.83,2.25,-0.98,1.54,0.17,-0.3,-0.14,1.07,-1.63,-0.84,-1.14,3.64,3.25,0.02,0.38,1.23,-0.24,3.92,-1.27,-1.5,-2.04,0.14,-2.37,1.97,39
0.12,0.14,-1.38,0.92,-1.72,-0.25,-4.19,1.57,-0.06,2.32,1.04,0.22,-0.34,0.86,-5.19,2.24,-2.47,1.13,-0.84,2.09,-1.4,0.52,1.44,2.8,2.33,-3.59,0.77,-0.32,0.94,0.27,0.93,-1.21,7
-1.81,-0.94,0.21,-1.54,0.68,4.12,3.35,-0.63,0.83,1.2,1.83,-0.52,3.7,-1.12,1.72,-2.68,-4.26,0.41,-0.63,-2.44,3.8,-0.66,3.12,-2.0,-0.2,0.22,0.18,1.02,0.35,4.8,-0.03,1.33,61
0.5,1.07,0.65,1.62,-1.07,2.1,-0.63,-3.86,-0.92,4.02,0.25,-0.84,-6.16,-0.24,-1.46,-2.84,-1.72,0.65,0.67,-3.69,-0.28,1.13,0.07,1.6,5.37,5.3,0.12,1.22,0.79,-4.15,-1.81,4.66,7
-1.6,1.82,0.63,0.66,0.94,3.87,-2.56,-4.08,-1.9,4.99,1.0,0.48,1.24,-0.51,-1.3,-1.29,-3.73,-1.06,-1.26,-1.99,-1.28,0.16,-2.2,2.04,-1.33,-0.52,0.73,-1.15,-0.22,1.14,1.52,1.02,18
0.33,0.86,0.51,4.31,-3.13,-1.45,2.9,-2.27,0.29,-1.68,-0.07,1.26,-0.38,0.15,3.04,1.07,-1.6,-0.71,-0.92,-0.39,-2.41,0.1,-1.4,-0.92,-0.02,3.34,0.35,-0.45,0.13,-0.11,-1.24,1.34,28
1.68,0.91,0.97,1.55,-0.38,0.97,2.98,3.61,-0.4,0.02,-0.19,0.4,3.0,0.34,-2.75,0.35,-2.12,-0.83,-0.0,-1.19,-3.6,0.69,0.33,0.35,2.1,2.58,-1.39,0.87,1.35,-1.96,1.21,3.84,61
0.21,-0.56,-0.31,-0.95,4.68,-1.43,-3.92,0.95,-0.85,0.95,-0.21,-0.72,-3.43,-0.35,-5.28,-0.36,2.95,-0.16,-1.73,1.53,0.75,-0.34,0.97,4.1,0.49,-0.76,-0.37,-0.8,0.44,0.41,-0.25,4.55,48
-1.73,-0.21,0.25,-0.28,1.73,-0.06,-5.86,0.42,-0.48,2.07,1.17,-0.15,0.18,0.56,1.02,4.8,2.63,0.11,1.65,3.11,-0.61,1.68,2.0,1.43,3.89,0.24,1.13,0.78,1.48,0.27,-0.15,3.16,14
0.52,1.19,0.41,1.21,-2.32,-0.31,-4.35,-2.38,-0.64,0.86,1.04,-0.58,0.38,0.7,-1.13,2.44,-1.9,-0.62,1.25,-0.4,1.66,0.22,-2.79,0.48,0.45,0.73,-1.12,0.4,-0.68,1.91,-0.16,2.39,48
0.74,-1.12,1.09,2.16,-1.1,0.1,6.58,-0.18,1.52,-1.44,-1.07,0.41,0.38,-2.09,-2.81,-0.84,-5.5,-0.08,-1.24,0.18,-2.89,-0.27,2.39,-2.91,-1.97,-0.06,-0.5,1.35,0.42,0.66,0.43,1.84,44
-1.48,3.21,0.98,1.12,-4.24,-4.58,-7.47,-3.72,-0.77,-1.9,0.26,-0.57,-2.86,0.61,2.69,-0.11,-6.57,0.21,-0.1,4.96,-4.65,0.54,-1.15,2.71,1.31,2.08,-0.67,-0.47,1.82,-1.4,2.62,1.31,35
-1.37,-0.12,0.22,0.33,1.74,1.44,6.65,-0.33,0.4,-0.38,1.37,0.7,-2.19,-0.75,-6.75,0.35,0.77,-0.02,0.79,1.77,-3.79,0.18,2.7,6.15,-5.38,4.42,-0.23,-0.2,-0.48,-1.22,-0.18,3.51,43
-0.18,-0.33,-1.41,-2.51,-2.04,-2.77,-3.22,-1.77,-1.27,-3.88,0.17,0.44,-1.53,0.25,0.15,-2.11,-2.0,-0.04,-0.92,-1.04,0.76,0.44,-4.4,-3.6,-1.28,1.01,-1.7,-0.26,0.13,-3.98,-1.34,2.9,7
-0.1,1.7,-0.53,-0.44,2.08,3.46,3.64,2.54,-0.23,2.94,-0.33,-1.82,-3.24,-0.81,-1.41,-1.47,1.74,-1.08,0.97,1.02,-2.23,-0.25,0.94,0.49,1.45,1.02,1.57,1.4,-0.88,0.3,-0.01,-3.18,27
-0.64,-0.12,-0.24,-0.76,-1.12,2.53,5.73,1.16,0.08,-4.04,-0.78,1.4,3.63,-0.63,4.05,-2.86,3.94,-0.08,-0.0,-4.03,1.64,-0.59,-0.06,-0.23,-3.38,0.29,2.58,1.55,-0.18,-3.13,-0.32,1.13,56
2.28,0.84,-0.03,-0.0,2.57,-2.2,-1.69,-4.65,0.52,-2.32,0.46,2.47,2.05,-0.32,0.1,-1.27,-6.2,0.54,-0.22,-1.04,-5.68,-0.5,-1.88,-0.47,-1.6,-2.19,0.61,-0.07,-0.97,2.39,-0.14,-1.58,36
-0.09,-0.04,-0.4,-1.3,2.27,-4.96,-5.55,0.6,1.73,-3.89,0.84,-1.51,-5.29,0.39,-1.98,-3.13,0.56,-0.17,0.63,0.63,-0.44,1.16,-4.23,0.48,1.55,-1.89,-0.03,-1.07,-0.78,1.43,-0.36,-0.36,31
0.14,-0.18,0.18,0.24,3.96,-5.72,1.17,-0.1,1.19,-4.0,-0.77,1.42,-4.02,1.02,-4.95,-0.11,6.16,0.22,1.35,1.51,-3.22,0.4,-0.49,4.54,-1.38,2.24,-0.64,-0.81,0.59,-4.53,-0.57,-3.79,9
-1.12,0.63,-1.53,-3.03,2.35,-1.23,-6.77,0.54,-1.62,-5.2,-1.4,-0.63,-5.73,-0.88,-1.45,1.94,2.93,-0.62,-0.61,5.37,-1.88,0.37,-2.75,-6.12,4.6,-1.42,-0.88,1.85,-0.93,0.44,-0.36,-0.93,52
-0.01,-0.47,0.19,1.52,1.58,1.12,0.71,0.59,1.04,2.64,0.85,0.91,-1.48,-0.94,-0.32,-1.25,6.15,-0.08,-1.43,0.84,2.61,-1.07,-0.73,2.35,-0.17,1.19,1.14,-0.43,0.37,-1.38,-0.36,-5.36,38
-0.97,-0.44,1.52,4.96,-1.94,-3.06,10.4,4.1,0.52,-3.57,-1.6,-1.19,-1.16,0.16,-3.47,0.58,2.13,-1.51,-0.6,-1.35,1.75,-2.18,-1.02,0.09,-1.84,4.87,-0.08,0.84,0.2,3.18,1.07,0.57,20
0.62,-2.19,-1.28,0.19,-1.47,4.06,5.32,-1.19,0.88,-2.94,0.22,0.2,-0.56,-2.0,0.22,-4.29,-0.01,-0.35,-1.02,-1.99,0.24,0.31,3.81,1.46,-1.35,-0.4,-2.47,-0.2,1.42,-2.01,1.6,1.43,25
1.05,-1.19,1.01,1.83,2.4,1.15,7.8,1.64,0.18,0.4,1.18,-0.37,1.09,-0.24,-2.82,4.67,5.19,0.8,1.36,-5.06,-1.68,1.02,4.71,-0.17,3.68,0.63,-0.9,-1.1,-0.9,-1.89,-1.99,0.65,35
-0.37,-1.13,1.08,-0.26,2.71,-3.06,0.18,1.76,-2.04,0.36,-0.37,0.69,-1.21,0.22,0.35,-1.95,1.74,-2.58,-0.04,1.0,1.24,-1.12,-0.73,-0.86,-0.89,-0.45,-0.45,1.27,0.23,0.08,-0.91,-1.64,11
-0.3,-0.04,0.8,4.38,-1.59,0.23,2.02,-0.15,-0.99,-1.85,-1.05,-2.88,-4.54,-0.27,1.83,-4.13,3.27,1.63,1.04,-0.15,-1.84,-0.91,-2.49,0.02,-0.47,-0.69,0.41,0.11,-1.66,-3.74,-0.37,0.56,49
1.36,-0.55,0.19,3.45,-1.9,0.12,7.98,1.27,-1.39,-2.76,-0.72,0.89,2.57,-0.92,-0.14,1.35,0.69,0.46,-0.24,-1.03,-1.03,-0.91,3.19,-3.09,-2.48,-1.88,-1.95,0.16,0.31,-1.98,-0.52,1.75,8
1.69,-1.42,-1.61,-3.98,2.86,3.78,-19.31,-6.73,-0.28,1.57,-1.78,0.69,-0.59,-0.09,5.34,2.62,8.95,0.24,-0.15,3.76,-0.18,0.4,-7.7,7.98,0.58,1.96,-1.54,-0.88,-0.41,-3.03,0.96,2.0,26
0.45,0.27,1.84,-4.49,-3.03,2.22,-4.43,1.92,0.82,0.21,0.5,0.1,2.86,1.13,-0.88,-6.76,-13.2,0.49,1.37,0.83,-3.71,0.63,-2.36,-0.64,0.82,0.59,1.23,-1.48,-0.38,-0.59,-0.08,1.91,6
1.73,-1.25,-0.7,6.11,-2.61,0.02,4.46,0.54,-1.04,-2.46,-1.83,0.22,1.86,1.45,-4.91,-2.55,-2.67,2.84,1.13,2.3,2.24,0.68,-1.35,-1.11,-1.37,3.48,-1.28,0.13,-0.43,2.08,-0.23,-1.82,22
-0.05,-1.23,-0.03,-0.15,-0.8,-2.27,1.33,1.51,0.39,-0.06,0.15,-1.61,2.53,1.04,-0.35,1.23,-2.97,-1.19,-1.64,-3.1,-2.17,0.21,-1.02,-1.22,1.0,0.79,1.86,0.46,2.47,-1.29,-0.24,1.86,59
-0.54,-0.21,-1.64,0.61,3.0,0.49,-0.65,1.39,-0.47,-0.98,-0.84,0.53,-0.75,0.11,-4.94,-5.79,-7.12,0.1,-0.76,4.6,-4.25,0.29,-2.08,0.69,-2.51,-1.82,-0.13,0.11,0.58,5.58,0.67,-1.42,6
-1.48,0.07,0.34,2.93,5.75,2.06,6.79,-0.54,-0.83,-1.19,-0.7,0.86,-6.41,-1.31,0.39,0.43,10.64,0.2,-2.42,-0.47,-0.78,0.05,-1.4,-3.6,0.4,0.11,0.09,-0.0,-0.22,1.7,-0.25,-3.73,19
-0.82,-0.79,-1.19,1.3,-3.52,-4.35,-0.84,-0.24,0.07,-3.83,0.91,-0.36,-2.4,-0.06,2.01,-5.84,-5.21,0.17,0.56,-1.79,-0.42,-1.5,-0.39,-1.15,2.57,-4.49,-1.55,-0.01,-1.89,0.12,0.01,-5.85,59
-0.44,-1.19,0.04,0.18,-1.8,-0.68,-2.24,-0.27,0.42,5.34,-0.15,-0.23,2.3,-1.05,1.94,-1.64,-8.46,-0.79,1.14,4.36,0.57,1.05,1.44,1.61,-0.57,3.26,0.6,-0.58,0.91,3.01,-0.42,-1.46,27
0.4,1.45,1.51,1.61,0.03,3.68,-0.41,0.52,-0.13,-0.37,-1.62,0.47,0.68,1.61,1.17,3.61,1.99,0.24,0.04,3.6,-4.04,-0.75,0.1,0.51,0.83,-0.24,-0.68,-0.93,-0.05,2.15,-0.06,-0.3,41
-0.03,0.15,1.0,-3.02,-2.99,-0.77,-9.69,-0.05,-0.49,-3.83,-1.96,-1.54,1.31,0.05,2.37,3.49,3.48,-1.25,0.8,2.86,4.53,-0.4,-1.33,-1.9,3.4,-1.44,-0.11,-0.69,-0.17,-1.43,-1.86,-0.82,27
0.81,0.01,0.33,1.22,0.25,3.02,-1.59,1.73,-0.86,-0.97,-0.54,-0.73,1.21,-0.05,-3.95,4.26,7.07,-0.71,-0.97,-0.28,-0.09,-0.46,-2.83,1.66,-0.13,-1.16,0.29,-0.85,0.68,-1.27,-1.79,1.55,49
0.05,0.17,-0.17,-1.61,-2.69,-1.13,-4.72,-1.96,1.14,-1.64,-2.49,1.85,0.14,0.56,2.61,2.52,-2.03,1.09,-0.46,1.04,1.42,1.9,-2.35,-0.91,2.27,3.65,0.69,0.77,0.68,2.2,-0.48,0.33,62
0.89,0.17,-0.63,-0.85,-2.34,0.19,5.59,-2.11,1.38,-2.95,0.37,0.95,-0.26,-1.48,0.75,0.42,-3.08,0.37,0.07,1.21,0.63,-0.29,3.55,-0.66,-3.85,2.09,2.26,2.39,-0.92,2.11,-1.6,0.75,63
-0.69,0.1,-0.74,-0.28,-3.99,-3.66,-4.01,2.59,1.18,2.99,-0.38,1.59,4.49,-0.08,4.49,1.9,1.61,-0.01,-2.21,1.76,3.93,-0.8,1.0,5.04,-1.03,3.76,-1.58,0.72,-0.15,-5.14,-0.9,2.05,56
0.5,-0.28,1.07,0.47,2.25,-0.68,2.08,-0.29,1.17,-0.97,-1.53,-0.69,-0.82,-1.74,0.92,0.26,2.95,-0.29,-0.54,1.38,-0.29,-0.47,1.92,-0.91,0.72,1.08,0.54,-0.65,0.51,-0.56,-1.55,-2.41,28
-0.79,2.37,-0.21,-0.75,0.58,-5.3,-9.0,-1.68,-1.74,-3.38,0.61,-0.43,5.65,-0.54,2.38,2.87,-0.31,-0.62,0.61,1.79,0.74,-1.49,-1.1,1.47,2.44,-0.39,-0.21,-0.47,0.81,0.55,0.4,-2.95,27
0.4,-0.47,1.15,-2.89,-0.93,-1.82,-5.91,-4.92,-0.19,-1.57,-1.06,-0.23,-4.27,-0.43,-1.61,3.54,-0.92,0.11,0.26,0.15,0.26,0.54,3.83,1.4,5.47,0.15,-1.15,1.02,0.74,-0.95,0.71,-0.39,53
0.75,-0.97,0.72,-1.08,1.93,-3.23,-3.78,-2.13,0.04,-0.17,-0.21,-0.81,-1.66,-0.66,-0.05,-3.78,-3.07,0.16,-0.68,0.72,-2.23,0.21,-1.7,0.38,1.28,3.16,-1.71,-1.17,0.05,-3.69,1.15,0.84,45
1.77,-0.7,0.38,2.4,-0.2,0.05,-4.64,1.35,0.44,-3.22,0.47,-2.29,-0.84,0.15,4.98,-0.85,2.97,-0.04,-1.16,2.55,-0.31,0.48,-3.74,-1.48,6.35,1.43,0.26,1.31,0.18,3.09,1.1,-4.1,46
1.08,1.08,-2.9,2.81,-0.19,3.51,-0.3,-1.06,-0.36,1.34,-0.57,-1.66,0.19,0.72,1.43,2.76,5.7,-0.79,-0.08,0.73,0.52,-0.78,1.47,0.54,0.9,-1.3,0.39,0.28,-0.65,-1.76,0.4,0.8,47
-1.06,-0.21,-0.29,0.19,2.04,2.89,-4.56,1.68,1.78,-0.26,-0.28,1.33,2.51,0.11,-1.75,-7.55,-4.26,0.99,-0.71,0.78,1.39,-1.12,2.19,-2.39,4.67,-4.51,-0.95,1.8,1.56,-1.04,-0.29,1.06,55
0.73,-0.36,-0.25,6.0,0.89,-0.09,2.7,-1.44,-0.78,2.02,2.09,-1.3,-1.66,0.59,0.15,-2.99,3.81,1.25,-0.75,-1.57,1.89,1.65,-0.69,-1.08,0.55,1.03,1.52,0.06,-0.61,-3.82,0.73,0.87,37
-0.14,0.08,0.72,0.11,-0.77,0.87,-1.74,-1.77,-0.01,-2.18,-0.16,-0.47,3.82,0.2,-1.03,2.2,2.81,-0.84,-0.35,-1.41,1.98,-0.68,1.34,3.23,-0.1,-2.56,0.94,-0.14,0.48,0.3,-0.19,-4.1,42
-0.25,0.73,1.4,-1.28,-0.85,0.97,-5.59,-1.26,-2.11,0.69,1.01,-0.71,0.3,0.89,-3.0,0.64,-2.94,-1.08,0.66,0.9,0.54,0.8,-2.37,-3.22,0.11,-2.3,0.38,1.72,-0.43,-1.27,-1.88,3.2,5
0.81,-0.18,-0.7,-3.32,-1.77,1.83,-5.37,-0.88,0.35,1.04,-0.64,0.77,-2.01,0.65,-2.42,-5.43,-5.35,-0.92,-0.9,-0.29,1.62,-0.3,-0.81,-0.89,2.29,-1.99,0.15,1.24,0.35,-2.23,-0.49,-1.4,22
1.16,0.12,-1.55,1.37,2.13,1.02,2.08,1.78,-0.61,-1.09,0.9,-0.31,3.05,0.36,-0.35,-1.12,-1.45,-0.1,-0.39,2.38,-1.45,-0.86,1.69,-2.16,0.42,-0.04,-0.57,0.51,-1.02,1.58,-0.72,-0.17,58
-0.83,0.75,-0.32,-1.49,-8.2,0.13,-4.95,1.0,-0.07,-5.74,0.09,0.78,3.9,0.59,-0.08,1.4,-7.84,1.94,1.16,6.9,-2.82,0.42,-3.71,-0.63,-3.42,0.76,0.59,1.35,-0.54,0.8,-0.11,-0.5,43
0.29,-1.7,-1.51,6.03,0.33,-2.99,4.5,3.63,0.53,0.21,-3.19,-0.81,-1.41,0.55,1.47,-0.52,6.71,0.3,0.48,-1.33,1.24,0.59,1.27,-1.03,3.97,-0.15,-2.81,-0.11,-2.3,-3.26,0.33,-2.73,11
-2.39,-0.62,-0.37,0.46,-1.4,-2.49,-6.0,-0.07,-0.41,3.09,-0.81,-1.54,2.53,-0.59,-2.11,2.41,-6.21,0.7,1.26,2.48,-1.17,0.27,-3.63,-0.88,-0.01,-0.44,1.44,0.06,-0.12,2.2,-0.81,-0.7,10
0.18,-0.65,0.61,2.2,-0.09,-1.86,-6.58,0.49,-0.91,-0.57,-0.7,-1.84,2.96,0.0,-0.22,-4.38,-4.94,-1.56,-1.3,4.31,-1.35,-0.19,-0.39,2.59,1.48,-2.18,-0.09,-1.84,2.2,0.63,-0.38,-2.84,23
-1.86,1.6,0.41,-1.02,1.21,-0.74,1.93,1.96,0.03,-3.29,-1.34,0.63,4.5,-1.38,1.2,3.03,5.03,1.29,0.75,0.99,3.68,0.4,2.23,-2.61,-4.08,-2.13,-2.93,-0.47,0.66,-0.72,0.83,3.69,50
0.29,0.76,-0.94,-2.11,-3.59,1.45,-10.75,-0.43,-0.82,-1.16,0.8,0.19,-2.43,0.71,2.34,-2.06,-2.64,-2.26,-0.75,1.43,1.02,-1.66,-2.84,1.78,5.3,-0.42,-0.43,-0.98,0.01,0.67,-0.34,2.59,43
1.06,-1.09,0.14,1.74,-1.3,-3.04,1.52,0.73,-1.05,-1.27,0.44,0.13,-0.61,1.29,-0.81,-2.55,-2.53,-0.51,1.56,-2.54,3.32,2.56,-2.17,-1.52,-2.07,-1.11,-1.06,0.86,0.44,2.56,-0.17,3.6,20
2.2,-0.63,-0.82,-1.14,-3.61,-2.35,3.64,1.89,0.02,0.21,-0.12,1.18,-3.54,-0.32,-0.76,2.19,1.55,-0.3,-1.16,-0.79,1.31,0.22,-1.18,3.02,-3.64,2.29,-2.24,1.06,-0.4,0.31,2.05,0.06,63
0.0,0.96,-0.86,0.46,-4.32,-1.62,0.08,1.23,-0.59,-0.94,2.83,-0.87,-1.55,-0.44,-1.54,0.6,-3.34,0.15,-0.94,1.81,-1.04,-1.53,-1.08,1.38,-0.33,-0.99,0.11,0.91,-0.1,2.42,0.43,-5.62,30
-0.07,0.48,0.61,2.98,4.34,0.14,4.3,3.34,0.48,0.79,1.35,0.47,-0.54,0.4,0.6,0.48,2.11,1.15,-0.58,-1.12,-4.37,1.54,2.76,2.4,3.38,-1.07,-0.27,-1.62,-0.98,4.05,-0.56,0.58,26
-0.54,0.25,0.67,3.16,0.78,-1.69,-11.67,-2.48,-0.08,1.31,1.14,0.06,3.66,-1.66,-1.97,3.02,-2.44,1.61,-0.88,5.75,-5.05,-1.43,-5.51,4.68,-1.01,0.26,-0.59,-2.72,1.28,0.21,1.85,2.91,13
-1.12,-0.62,-0.47,1.31,0.11,0.64,2.56,3.66,-0.11,4.2,-1.13,0.64,3.36,0.23,-2.46,2.41,-2.12,-1.26,2.3,3.09,-1.87,-1.0,2.81,0.4,-1.54,0.6,0.5,-0.98,-0.38,-0.78,1.3,2.06,17
-0.11,0.7,0.06,1.9,-1.25,-0.81,-5.12,1.07,-1.09,2.21,0.1,-1.72,7.32,-0.97,-1.04,2.66,-7.73,-0.26,2.16,-0.35,-3.15,0.48,-6.64,-3.06,0.02,-4.09,-1.49,-1.36,0.43,5.51,-0.4,-2.98,10
-1.35,0.85,-0.44,0.28,0.63,-0.57,-5.1,-0.44,-0.03,3.06,0.61,-1.04,-2.96,-0.28,-1.77,0.11,-1.5,0.97,-2.01,-3.61,-1.35,-1.03,-3.27,-1.2,2.35,-5.31,0.24,-0.3,-0.61,-0.2,-0.92,4.18,10
0.19,-0.61,-0.62,2.07,-0.89,0.89,-1.22,-0.53,-1.19,1.15,-0.27,1.14,-1.51,-1.3,0.92,0.23,0.86,1.61,0.31,1.33,-1.46,0.4,3.49,4.79,1.43,-2.38,-0.69,1.95,-1.74,0.3,-0.25,-0.67,4
0.52,0.26,0.18,-1.93,2.36,-2.62,-3.9,-1.04,-1.08,-1.78,0.93,-1.08,-3.05,0.83,1.31,0.42,0.63,-0.6,0.66,-3.22,-0.54,0.91,-2.37,-0.97,1.29,-5.53,0.24,1.63,1.1,3.82,1.06,0.84,58
-1.13,-0.34,-3.19,3.4,0.52,-4.99,-6.22,-1.35,-0.33,4.7,-1.75,0.77,1.08,0.26,-2.14,2.42,1.56,-0.72,0.99,3.18,3.86,0.26,0.27,2.58,-0.16,0.75,1.28,-1.42,-0.56,-2.79,-0.85,0.78,53
-1.3,1.51,-1.83,-1.1,0.79,1.81,-2.59,2.38,-0.72,-1.51,1.5,1.14,2.27,0.79,3.55,0.23,5.37,-0.15,0.58,-1.0,-0.46,-0.29,-2.43,0.85,1.27,-0.33,0.55,1.56,0.63,-2.18,0.51,1.22,53
-0.56,-0.92,0.28,-1.93,0.22,1.99,0.97,2.13,0.42,0.16,0.53,2.39,1.29,1.59,-0.16,0.14,4.77,1.62,0.69,1.82,5.61,0.76,3.14,-2.44,-2.26,-1.11,-1.36,0.9,-0.83,-3.49,0.43,2.54,39
1.36,-0.49,0.94,-1.92,0.83,1.38,-5.43,5.3,1.11,-4.14,-1.2,0.98,-0.76,-0.73,-1.21,-2.6,5.22,-0.19,-1.13,3.39,-0.93,-0.94,-5.83,-1.26,0.87,-2.44,0.34,-0.79,0.86,-2.51,-0.08,-1.69,41
-0.26,-1.39,-0.68,2.27,3.16,2.53,1.16,1.19,-0.45,-2.65,0.45,0.12,-1.11,0.08,4.75,-3.95,7.15,1.18,0.33,-0.6,-1.48,0.88,-3.91,-0.45,3.46,4.04,0.04,0.86,-1.37,-1.35,-0.77,-1.64,63
-1.62,1.75,1.84,0.3,-1.79,-1.61,-3.19,-1.97,-0.64,-0.23,1.68,1.21,-1.58,-0.25,0.16,0.02,-3.78,0.07,-1.46,-0.5,1.77,0.79,-2.66,-3.64,0.54,-1.08,1.17,-0.79,-0.6,2.18,0.33,2.38,27
0.16,-1.49,-0.41,-2.28,1.14,-6.05,-7.36,3.39,0.74,3.82,-1.01,-1.89,3.46,-0.54,-1.97,-2.26,-3.55,0.42,-0.71,2.1,3.59,0.69,-1.91,-1.44,-2.57,-3.59,-0.98,0.5,-0.05,-3.64,0.69,1.79,43
0.16,0.54,-0.17,-1.91,0.76,-2.35,-1.01,1.32,-0.27,-0.99,1.0,-1.4,0.76,1.06,1.84,-1.38,-6.46,-1.84,-0.21,2.3,-3.02,-0.85,-1.32,-2.77,0.96,1.59,0.77,-0.81,1.33,3.39,-0.79,-0.82,24
-2.54,-1.0,0.5,-1.35,0.59,2.81,-4.37,-0.53,-0.78,1.53,1.28,-1.28,4.2,0.47,1.44,0.87,2.56,-0.29,1.3,-0.21,1.32,-1.71,-4.77,0.69,-3.23,-1.17,-0.72,-0.54,0.12,-0.12,0.16,-0.34,4
1.48,1.62,2.05,1.62,1.0,0.51,8.41,4.4,-0.15,1.26,0.52,1.53,-1.9,1.42,0.59,-2.81,-3.12,0.19,1.72,-1.96,-3.7,0.91,3.9,0.95,2.73,-0.14,-0.12,-1.29,-1.23,4.08,0.56,-1.51,19
-0.3,-1.17,1.83,-0.19,0.93,0.88,-0.13,1.03,0.76,2.14,1.84,-0.7,1.68,0.82,-1.09,0.9,2.39,-0.93,1.15,0.56,0.6,-0.02,-0.95,-1.22,-0.38,0.73,1.13,0.31,0.83,-3.0,-0.25,-1.53,19
-0.17,-0.03,-0.77,0.74,3.78,-1.82,-10.14,-5.28,0.16,-3.84,1.93,-0.86,1.38,0.76,-0.27,-4.57,-1.85,-0.97,1.64,0.5,2.69,-0.19,-0.24,-1.44,6.84,-1.15,-1.27,1.09,0.03,0.63,-0.67,-1.92,61
0.34,-1.93,0.13,1.46,0.97,-0.07,-4.62,0.15,-0.68,-5.01,-0.09,-0.33,-3.45,-1.37,4.76,-1.73,6.89,0.44,-0.12,3.62,1.15,1.75,0.07,1.09,0.85,-4.37,1.3,1.29,1.95,1.14,1.49,1.11,52
-0.1,-0.05,0.7,-0.61,-3.83,1.75,3.74,5.61,-0.73,1.86,1.43,-0.99,0.08,-1.02,-1.84,-1.89,-0.9,1.04,-0.43,1.07,3.06,1.42,3.21,2.73,-1.7,-1.23,-1.85,-0.38,0.82,0.12,2.27,-0.78,33
-0.55,-2.11,0.48,-1.71,0.89,-3.63,-6.43,-0.86,-0.47,1.35,0.56,-0.33,2.48,-0.07,1.67,-1.19,-2.33,-0.27,0.39,-6.76,0.01,-0.77,-5.86,7.54,0.85,-0.62,-1.02,-1.44,0.94,4.43,-1.09,-1.18,57
-0.86,-0.62,0.04,-2.7,3.13,2.94,9.78,-1.48,0.27,0.71,0.48,1.5,2.62,0.58,-2.4,-2.27,-3.1,1.28,2.31,-3.75,2.47,0.68,6.6,-4.13,-4.18,-2.15,0.54,0.04,1.05,1.02,0.72,0.29,29
-0.79,0.55,-0.38,0.8,-4.4,1.48,2.3,0.33,0.54,2.39,-0.72,0.42,1.29,1.53,-1.18,-1.27,3.33,-0.77,1.61,-2.58,7.75,0.28,-5.71,-1.66,-4.7,2.21,-0.1,-0.08,0.49,-2.78,0.07,-4.21,12
3.12,2.38,0.64,-0.05,2.58,-1.12,-9.56,-0.94,2.13,-2.86,-0.11,-0.03,0.73,1.69,-2.72,1.11,-0.36,-0.81,1.53,4.24,-1.25,1.25,-4.16,-0.74,5.22,3.99,-0.34,1.67,0.57,0.84,1.15,1.96,50
-2.36,-0.85,3.22,0.75,0.26,1.28,-2.28,-2.21,-0.77,0.98,1.14,0.19,1.09,2.58,-1.89,2.38,-1.89,0.03,-0.08,0.35,-3.07,-0.49,0.3,0.23,2.03,0.49,-1.18,2.3,-0.17,-0.91,-1.16,0.99,10
-0.75,-0.53,0.63,-0.07,2.62,-2.29,3.02,-3.6,-0.54,-1.52,-0.42,0.29,4.74,1.07,4.54,-2.27,-1.59,-1.02,0.56,-1.23,0.31,1.3,3.42,-0.77,-2.83,0.82,1.09,1.0,-1.02,-1.34,0.31,-1.0,31
0.28,-0.31,0.25,1.43,-2.66,6.32,4.26,3.09,0.91,1.4,-1.09,-0.81,1.88,0.21,0.13,-0.71,2.52,0.74,-0.89,-3.28,0.56,0.56,-1.35,2.73,-2.26,-3.85,-0.93,1.04,0.85,2.56,1.09,-2.05,40
1.98,0.95,-1.07,3.96,-1.7,3.4,5.86,0.18,0.25,-0.46,3.44,2.7,-0.73,0.35,0.58,2.43,5.11,-0.06,-1.97,-1.31,1.86,0.07,-1.34,-3.19,-1.66,-0.73,1.92,-0.18,-0.97,1.66,1.35,-0.17,49
-0.05,0.52,0.75,-2.46,0.32,-2.1,-3.65,-1.37,-0.02,-3.34,-1.11,-0.58,-4.06,0.16,-1.08,-0.88,0.3,-0.86,1.05,0.76,-2.9,-1.02,-0.59,0.79,1.38,0.41,0.23,0.05,0.06,-4.09,-0.41,2.01,7
-1.82,-0.2,-1.52,-2.81,0.4,0.07,-7.46,1.7,0.67,3.77,0.62,0.71,-0.41,-0.28,-1.83,2.73,2.58,-0.02,1.66,3.84,2.95,-0.37,1.42,0.19,-0.37,-4.87,1.12,-1.46,-0.5,-2.59,-1.5,1.39,39
-0.41,-0.48,-0.47,-2.94,0.1,-1.44,-2.61,-0.97,0.14,1.56,0.45,-0.49,1.77,2.04,1.21,2.63,-1.07,-0.22,1.26,-4.89,-3.22,0.57,1.1,1.99,4.46,0.73,-1.25,-0.95,-0.33,-4.43,0.67,0.44,0
-0.1,0.97,0.38,2.73,-0.6,-1.12,-2.64,-2.46,0.62,0.46,1.37,-0.56,0.91,-0.39,0.69,4.91,1.66,-2.5,-0.92,-0.6,0.14,-0.67,-3.87,0.02,2.51,2.37,0.55,-1.43,-0.58,3.46,-0.48,-3.42,37
-0.01,-0.27,0.92,-4.48,-0.41,-4.91,-1.08,-0.32,0.72,-0.9,1.05,-1.57,-1.16,0.24,2.91,-0.84,-7.14,0.45,0.86,-4.2,-4.71,-0.63,-4.22,2.01,-0.21,2.71,-0.97,0.31,0.85,2.91,1.13,1.05,37
0.02,0.03,0.38,-3.39,0.74,0.97,-1.22,4.1,0.06,2.64,-1.84,1.06,1.73,-0.18,1.36,1.96,0.04,0.18,-0.95,2.63,-1.81,-0.55,1.76,1.21,0.97,0.36,0.5,1.04,0.6,-0.23,-0.03,-0.98,2
1.37,1.0,-1.7,-0.35,-1.2,-1.97,-0.58,1.47,-0.71,-0.77,0.86,-1.06,0.82,-0.06,-3.45,-1.28,-3.4,1.15,0.82,1.12,0.93,-1.1,0.02,0.79,-1.34,0.52,-1.07,-0.41,0.7,-0.23,0.24,1.69,63
0.85,0.04,0.34,-1.9,1.35,0.02,-2.21,-1.3,0.86,-3.6,0.3,0.78,-1.64,-0.5,2.03,-2.81,-1.75,-0.05,0.52,0.16,-1.12,0.6,-2.56,-2.45,3.27,3.94,-0.83,1.24,0.18,1.03,1.1,1.11,50
-0.23,-0.24,1.39,3.16,-0.51,-1.44,7.36,0.44,0.01,-0.76,0.52,1.61,-0.65,-0.4,-0.72,-0.7,-0.51,0.89,0.3,-0.52,3.5,-0.42,5.26,0.39,-0.44,1.22,-1.97,0.6,0.83,3.62,-1.24,-0.1,4
0.01,-0.43,-1.46,1.87,-0.49,-1.48,-9.49,-3.34,-0.55,-0.25,1.3,-1.05,4.29,0.19,-0.57,-1.87,-6.46,-0.67,0.47,1.64,-1.17,0.47,2.52,3.32,5.85,-2.44,-0.04,0.83,0.3,-0.11,0.27,-2.6,23
-1.18,0.92,1.04,-1.34,2.62,-0.88,1.6,0.49,0.36,1.07,1.13,0.46,0.75,-1.16,1.89,-0.71,2.36,-0.86,0.34,-1.63,-0.4,-0.06,0.65,-0.87,0.05,0.26,0.01,0.59,1.62,-2.88,-0.04,-1.5,41
-1.3,0.65,0.57,2.66,0.21,2.58,5.36,2.45,-2.29,-0.2,-0.0,0.52,-3.8,-0.48,1.82,4.31,11.63,-0.26,-0.21,2.71,1.79,0.59,4.1,1.7,-0.97,-0.13,-0.24,-1.21,-0.1,-0.72,-0.48,1.19,14
-1.21,-0.15,-0.13,1.56,-3.53,3.06,-6.93,-2.63,1.19,-0.46,1.82,-0.54,-0.42,0.75,1.64,2.1,3.05,1.91,0.43,3.11,2.33,0.71,-1.46,0.15,2.01,-1.31,-1.06,0.93,-0.72,-1.05,0.92,-1.3,40
0.11,-0.13,0.38,0.21,1.58,-2.76,-6.01,2.89,0.76,2.49,2.0,-0.4,-3.12,-0.44,1.13,4.37,6.0,-1.08,0.87,2.35,-0.88,-3.12,-0.99,1.56,4.45,-2.18,-0.57,0.02,-1.05,-0.34,-1.74,-2.0,39
-2.11,-1.07,-1.36,-1.26,-0.07,-3.0,-5.92,-0.9,-0.21,0.56,-0.62,-1.04,-0.56,-0.06,-0.31,1.4,-0.59,0.87,1.97,-1.21,-1.45,0.57,-1.43,5.04,3.37,1.99,0.51,-0.56,0.34,-0.76,0.63,-0.06,11
-0.25,-0.89,-0.56,5.37,0.5,4.47,5.14,1.01,-0.34,-0.24,-0.64,-0.66,1.77,0.3,1.9,-7.23,-0.14,0.26,0.14,-3.75,-1.74,1.42,-2.03,-0.49,-1.74,-4.85,1.0,0.73,1.84,0.91,-0.32,-0.39,34
1.63,-0.24,0.27,-1.46,-1.59,-0.7,4.99,2.7,-0.44,-1.67,0.61,-0.26,-2.0,0.5,-2.27,-3.27,-1.33,1.69,-1.14,-2.82,0.49,-0.1,0.56,3.24,-2.77,-1.62,-0.76,1.83,2.06,1.67,0.53,-1.66,20
0.31,-1.04,-0.71,2.03,1.51,-6.11,-2.44,-0.21,-0.4,4.93,-1.15,-1.13,3.35,0.15,-6.01,4.5,-2.88,0.82,-1.0,4.31,2.13,0.59,0.75,0.16,-5.15,-1.62,0.19,1.06,-1.15,0.67,-0.42,-0.04,39
-0.93,0.17,0.51,1.94,2.95,0.78,5.27,-0.11,-0.47,2.39,-1.15,-0.48,-0.61,0.36,-0.26,-0.66,4.08,0.19,-0.96,-2.0,3.2,-1.5,0.25,1.9,-2.98,2.48,0.81,1.21,0.28,2.47,1.46,1.65,57
0.15,2.07,0.04,-0.47,-1.03,2.37,-1.42,-2.94,0.48,-0.54,0.5,-1.91,-0.22,0.69,-1.19,-2.95,-3.28,-0.39,1.08,-1.66,2.8,0.85,6.53,0.44,3.07,-4.49,-0.84,-1.44,-0.32,-0.44,-1.03,0.64,42
1.13,1.32,-1.29,-0.55,0.58,0.63,-1.42,0.65,1.66,-0.29,1.36,-0.07,-2.66,-0.67,-1.34,0.14,-0.63,0.34,1.0,1.99,0.54,-0.49,0.51,-1.62,2.45,1.05,0.8,1.27,-1.1,1.77,-0.01,2.44,39
0.39,-0.08,2.07,2.04,-1.14,-0.1,1.83,1.5,2.28,-2.9,-1.34,2.01,-2.88,0.93,-3.83,-1.64,4.22,0.88,0.07,0.0,1.54,0.86,-2.63,0.28,0.29,3.45,1.12,-0.37,-0.03,-3.33,1.8,1.21,3
0.01,-1.73,-0.32,1.04,-0.34,-7.17,1.55,0.43,-0.1,2.65,-1.71,-1.59,-2.19,0.52,2.54,-3.4,-5.35,-1.78,1.82,0.4,-0.95,-1.11,5.77,4.19,0.31,0.11,-0.19,-0.67,-1.68,-1.32,1.1,-0.04,45
1.08,1.57,-0.13,1.9,-3.74,-3.17,-1.43,0.82,0.39,6.79,1.08,-1.64,-1.65,-0.33,2.67,1.14,-1.54,-0.44,0.36,-1.15,3.65,1.71,-0.03,1.87,1.68,0.8,0.42,1.34,1.04,0.33,-0.57,-1.87,61
-0.1,0.5,0.38,-0.46,-0.84,1.25,3.14,1.91,0.7,2.76,0.56,-0.76,-1.13,-0.32,4.01,0.98,-0.36,0.12,2.21,-1.89,-0.9,1.01,3.5,-1.45,1.48,-2.51,-0.7,-0.77,1.28,0.22,-0.89,2.23,26
-0.84,-0.1,0.22,0.48,-1.22,-2.22,-0.55,0.04,1.8,1.62,0.35,1.16,-0.32,0.18,-3.01,3.33,-3.7,-0.24,0.05,0.49,-4.31,-0.1,0.17,3.72,0.62,0.43,-0.54,-0.35,-0.11,1.58,1.59,-2.11,23
1.04,-1.93,0.54,-0.54,0.68,-1.7,0.54,1.17,-1.15,-0.48,0.62,-0.15,-0.02,-1.02,-1.96,-0.41,0.36,0.09,0.43,3.09,-1.02,0.78,-0.83,-0.96,-1.64,2.91,-0.88,0.16,0.21,-3.5,0.01,-0.69,10
0.52,-0.85,1.07,-3.07,0.22,-2.79,12.05,7.37,-0.2,3.88,0.16,0.79,0.73,-0.61,-2.43,2.8,2.2,-0.84,0.82,-3.36,0.21,-0.76,1.43,1.48,-2.97,7.33,1.53,-0.05,-0.61,-2.56,0.47,-1.3,44
2.66,-0.93,-1.04,2.14,0.84,-3.54,-3.62,-4.4,3.8,-1.1,-0.09,-0.33,-3.23,1.24,0.79,1.28,1.27,3.29,-1.52,1.53,2.52,-0.34,-1.29,-0.05,1.27,0.6,-0.66,-1.38,0.05,3.85,-0.07,-2.99,51
0.1,-1.14,-1.57,8.82,2.36,-2.92,-1.85,-7.8,-2.26,-0.85,-0.82,0.42,4.34,-0.02,-1.27,-7.49,-1.59,-1.53,0.76,-2.54,1.82,-0.38,-3.34,3.29,0.84,6.57,-0.58,1.78,0.65,-3.97,-2.02,-1.02,7
-0.62,0.5,0.85,-5.37,-2.15,-2.34,0.98,3.54,-0.57,3.42,0.05,-0.64,0.39,-1.04,-0.07,0.98,-6.82,1.11,0.74,-1.7,1.06,0.13,1.31,-1.11,1.61,2.01,-1.38,0.62,0.43,1.9,-2.75,-1.13,33
-0.74,-0.85,-1.1,-5.21,-0.33,2.88,-8.85,-1.87,-0.23,4.27,-0.43,-1.45,3.14,-0.8,-3.76,5.89,0.37,1.31,-0.01,-1.5,4.09,1.69,-1.86,1.93,4.58,5.11,0.76,-0.41,-0.07,-0.89,-0.46,1.18,17
-0.17,-1.09,0.32,-3.92,1.18,3.4,1.33,1.68,0.62,2.55,-0.97,0.61,-1.09,-0.42,-1.72,-1.31,1.63,1.9,0.93,-3.44,0.41,-0.37,0.2,4.19,-3.44,-2.36,0.61,2.63,-0.98,-0.18,0.79,3.26,16
-0.11,-0.12,0.76,-1.37,-1.86,1.21,-2.38,-5.16,0.98,2.51,-1.19,0.44,-2.41,0.76,0.96,1.18,-1.36,-0.66,0.03,-1.53,1.27,1.14,2.71,2.16,2.07,2.3,-0.77,-0.43,-0.72,-2.17,0.74,1.31,31
1.05,0.75,-0.08,1.08,-0.57,-3.21,-7.64,-3.21,-1.12,-4.19,-0.88,-1.04,-1.64,0.39,-3.24,0.97,-5.17,0.75,-0.53,4.03,-3.77,0.9,-5.24,-2.07,0.7,-1.27,0.4,-1.38,0.17,2.96,-0.95,-0.29,23
-0.49,1.69,0.65,-3.26,-0.88,-0.59,4.55,-0.82,-0.05,-3.49,-1.6,1.1,0.53,1.31,0.58,2.16,3.87,1.34,-2.22,-3.91,-1.84,-0.79,-4.71,-0.76,-4.7,2.54,-0.25,-0.28,0.32,-3.32,-1.9,-3.26,8
0.36,-1.1,-0.55,-2.24,-0.0,-4.86,1.12,-0.21,-2.04,1.65,-0.02,1.68,-3.22,-1.09,-5.02,-2.66,-12.35,-0.25,-0.03,-0.8,-5.2,-0.41,-1.84,0.46,-1.11,2.1,-0.31,-1.52,0.0,3.04,-0.3,0.63,45
1.57,-1.69,1.12,0.93,1.44,-0.07,2.99,5.58,0.19,0.61,-0.75,0.07,-1.87,1.84,-3.93,2.33,5.74,-0.18,0.32,2.83,-0.09,-0.29,-1.7,-0.2,-0.51,1.89,-0.05,0.65,-0.44,-0.05,0.5,-0.95,23
0.12,-1.21,1.28,1.91,2.1,0.48,-1.74,6.0,-1.16,-4.43,1.19,-0.33,-4.83,1.43,4.3,-5.17,11.61,-0.49,-0.88,3.06,-0.28,0.17,-2.02,4.24,1.55,-0.51,-1.16,1.51,-0.02,-3.13,-0.14,2.64,63
1.98,0.78,-0.17,2.48,1.81,3.09,1.64,-0.92,0.44,-0.84,-0.87,-0.57,2.46,-0.38,-1.41,0.64,0.3,-0.13,-1.48,5.48,-1.72,-0.69,-0.22,-5.32,-2.28,0.44,0.98,-0.87,1.54,-0.42,-0.18,-0.74,62
-2.09,1.02,0.24,1.02,-0.8,1.93,-1.89,-3.24,0.27,0.88,-1.16,-0.34,-0.73,1.25,-4.23,-2.02,-3.97,1.7,-0.39,1.13,0.4,0.96,2.04,3.91,-0.45,-2.38,1.47,-0.94,0.02,2.73,1.14,-3.37,51
-0.54,-0.5,0.23,-3.7,0.94,-2.57,-8.2,-0.23,-0.5,2.01,1.41,0.26,-1.44,-0.19,0.32,-0.65,-2.09,1.04,0.13,1.86,0.38,-0.43,-1.98,2.06,4.05,3.87,0.53,0.62,1.32,-0.92,0.23,-0.91,19
1.3,1.72,-0.18,-3.63,1.83,-0.75,-5.62,-3.35,0.41,0.49,-0.88,0.79,-2.67,0.08,-2.64,1.19,-4.62,-1.72,0.73,-1.1,-2.67,0.93,-0.78,-0.42,4.64,0.66,0.14,0.28,0.72,1.59,-0.86,-0.2,44
1.31,1.23,-1.13,-1.26,0.64,-1.89,-1.28,3.16,0.97,-1.52,-1.49,0.72,-3.11,-0.1,0.44,0.8,4.36,-0.03,0.95,0.82,2.95,0.85,2.0,0.55,4.93,2.44,0.25,0.23,-0.81,-0.16,1.52,1.44,48
2.39,1.52,-0.19,1.78,-0.09,2.33,10.13,1.12,1.97,1.29,0.31,-0.13,1.84,-0.74,0.46,5.59,3.94,-0.53,-0.8,-3.92,-0.25,0.35,-0.78,-5.77,-2.37,0.18,1.65,-0.35,1.49,1.36,1.06,-1.78,61
-0.72,-0.38,-0.04,-2.33,-0.2,1.9,0.45,-1.29,0.82,3.15,0.11,-1.26,-2.74,-2.24,-1.37,-2.0,-4.76,0.34,-0.26,-2.81,1.17,1.23,-0.26,-0.84,-1.69,-2.75,1.23,1.59,-2.19,3.32,0.45,2.38,52
-1.67,-0.58,-0.98,-2.34,-2.63,-0.53,-1.63,0.65,-0.18,-2.02,0.25,1.79,-0.41,0.35,-0.52,0.1,-0.28,1.42,-1.98,0.65,2.36,-0.62,-1.52,1.09,-1.32,0.73,-0.56,0.81,1.3,0.87,-0.29,-1.08,20
-1.38,0.65,-0.5,-0.08,-1.56,1.68,2.44,2.53,0.21,-0.54,-0.35,-0.25,1.49,-1.19,1.72,0.75,-3.16,0.22,-0.54,-0.5,-1.71,-1.25,-1.82,-2.16,1.17,0.88,-0.06,-0.58,-0.7,4.88,-0.69,-0.93,8
0.06,0.8,-1.16,0.61,1.59,4.51,-1.29,-5.95,0.44,-2.13,-0.22,-0.37,-1.03,0.24,2.35,-1.66,-0.62,0.49,-1.2,-0.33,-1.62,0.17,2.17,2.72,0.19,-1.67,2.18,0.31,0.33,4.02,1.01,1.18,41
-0.44,0.55,0.16,-5.03,0.81,-1.23,-7.16,3.83,0.76,2.75,0.22,0.19,0.44,1.15,1.52,-0.03,1.02,-1.03,-0.07,0.22,1.4,-1.06,-4.19,2.27,1.55,0.8,-0.85,-0.45,-0.7,0.05,-1.61,-0.87,8
0.55,-0.56,1.97,-2.35,-5.1,0.1,-1.13,0.82,1.26,0.58,0.16,1.68,0.02,0.6,-3.2,3.77,-0.8,0.98,-2.24,-5.45,-1.96,-0.18,1.47,4.68,2.6,-1.63,0.38,-0.24,2.32,-5.2,0.09,1.36,22
-0.58,-1.42,-1.59,-3.19,-1.34,-1.86,7.79,0.47,-0.46,-2.66,1.09,-0.4,1.68,-0.14,0.18,0.59,-4.26,2.57,-0.63,-4.1,-0.11,-0.69,4.31,-3.8,-0.69,-1.38,1.03,-0.31,0.27,0.85,-1.56,-3.58,3
-0.24,0.81,0.29,-0.15,4.39,-3.03,2.28,-0.11,-1.75,-3.23,0.05,0.85,0.53,1.84,-3.11,2.11,5.42,-1.56,-0.11,3.23,-6.04,-0.12,3.84,3.96,-3.84,0.04,0.15,-0.17,1.61,-7.25,1.73,0.95,9
-0.52,1.58,0.48,-0.11,-3.12,-1.98,-6.99,-2.26,-0.44,3.55,-1.58,0.09,2.8,-0.47,-1.79,1.15,-9.81,-0.57,0.08,-4.94,1.32,-0.45,-0.92,-1.99,6.19,-3.48,-0.02,-0.9,0.54,2.36,-0.08,-0.24,37
1.41,-0.2,-2.46,-1.89,0.15,-2.79,2.87,-3.57,-1.51,1.93,0.0,-1.11,0.03,0.76,-2.49,3.0,-3.74,-1.03,0.11,2.43,-4.89,0.18,0.02,0.64,-6.19,4.03,0.22,1.48,-0.45,-3.69,-1.75,-2.02,9
0.46,-0.13,-0.86,-1.22,-1.39,0.79,-0.89,-0.01,-0.25,2.63,-0.46,0.54,1.56,-1.39,2.07,-3.33,-7.96,-0.91,-0.27,-0.11,0.02,0.93,2.25,0.04,2.69,0.28,0.03,-1.09,-0.18,2.78,0.96,-2.29,54
-0.34,0.96,0.13,-0.95,3.1,2.16,2.48,-0.19,1.23,7.06,1.38,0.17,-0.84,-0.99,3.97,0.74,10.66,-0.2,0.93,-2.61,-0.71,-0.51,-1.13,4.4,-4.2,-2.35,-1.82,-1.95,2.02,-5.96,0.37,-8.42,41
0.14,-0.64,-0.61,-0.49,-1.83,0.53,-4.72,1.37,-0.52,-0.25,0.12,0.19,4.99,0.44,1.04,-0.09,-1.75,0.02,0.65,0.07,-0.87,-0.43,-2.77,-0.36,-0.28,-3.4,-0.41,-0.07,0.14,-1.51,0.06,-1.19,11
0.73,0.69,0.14,1.01,1.91,-0.56,-2.62,2.95,-0.28,2.48,-0.2,0.65,0.57,0.41,-1.26,-0.15,-2.25,0.4,-1.55,0.82,-3.2,-0.34,-0.18,2.26,5.41,1.32,1.29,2.56,0.18,2.03,-1.01,-0.98,31
0.6,1.09,1.39,-2.14,-0.37,-1.77,-3.05,-0.23,0.89,-2.64,-1.89,0.26,0.82,0.71,-0.61,2.46,0.25,-0.94,-0.59,-0.38,-0.51,1.23,-4.27,1.92,-0.05,5.17,-0.69,-0.49,0.05,0.85,0.41,2.79,37
1.73,-0.75,-0.97,2.25,0.24,-2.18,-1.82,0.67,-0.52,-4.24,-0.27,-0.73,-0.96,-0.87,-1.22,2.27,9.28,0.44,0.25,-0.06,3.75,1.8,0.32,-1.29,3.35,-1.89,1.01,1.78,-1.33,-3.76,0.29,-2.4,11
-0.41,0.89,0.36,2.42,-0.66,2.71,4.24,-0.01,0.29,-1.74,0.75,-1.18,-0.79,-0.4,-0.51,-1.65,5.38,-1.32,1.51,-1.66,4.07,-1.09,1.4,0.37,-0.08,1.14,1.19,1.79,0.96,-1.35,0.72,0.58,40
0.57,1.13,1.58,2.46,-2.05,3.65,2.36,-0.71,-0.07,-3.85,-0.42,-1.08,-1.5,0.52,-0.98,0.42,3.89,0.03,-1.68,3.82,3.99,1.12,-0.32,-1.38,-3.31,-0.39,0.45,-1.03,1.7,3.95,-0.17,-0.56,19
-0.16,0.47,-1.23,1.46,-1.37,2.03,3.3,2.48,1.2,-2.42,-0.18,-2.43,0.93,-0.35,-0.36,2.19,2.94,-0.66,0.12,2.96,-2.76,-2.68,1.11,-0.16,-0.43,0.87,1.77,0.05,-0.57,-1.67,0.47,-0.81,50
1.54,-1.16,-0.74,7.64,0.44,-2.98,13.01,4.72,-0.37,-1.67,0.25,0.49,5.64,0.41,2.38,3.13,5.58,-0.74,-1.61,-4.3,-2.49,-0.0,0.63,-1.29,-2.43,0.84,0.46,-0.55,0.04,-1.15,3.27,0.64,40
0.23,0.93,-0.37,-3.31,0.48,-1.56,-1.57,-2.57,1.11,0.58,-0.1,-0.83,2.65,1.15,3.8,-0.88,-5.15,0.93,-0.3,-2.7,-1.21,0.24,0.01,-0.22,-0.61,1.52,1.05,0.72,1.51,-0.47,1.78,2.56,54
-1.35,1.17,-0.78,-1.16,1.26,1.27,-3.05,2.78,0.88,-0.45,0.78,1.59,-1.67,1.38,-4.45,2.42,1.16,0.14,0.78,0.4,-7.19,-0.57,-3.92,-1.59,3.04,-3.78,-1.14,-1.49,-1.79,-2.34,-0.98,-2.61,30
0.54,2.03,-0.51,-3.29,3.73,-1.17,-5.8,-2.77,1.2,1.12,-1.17,-0.14,2.55,1.74,1.77,0.42,-2.56,-2.33,-1.73,1.8,-2.04,0.79,2.23,0.71,1.91,0.26,-0.23,0.49,-0.21,-0.89,0.19,-0.6,42
1.6,0.21,0.24,0.84,0.14,-0.32,6.85,4.77,-0.49,-2.23,1.25,-0.94,-3.27,-0.9,1.43,0.18,4.67,2.07,0.76,-0.85,3.07,-0.11,4.23,-0.38,2.06,0.92,0.28,-1.46,0.01,2.95,1.24,2.79,46
-1.75,-0.06,-0.07,0.97,2.54,4.48,4.96,-1.79,-0.65,2.02,0.05,1.48,-1.63,1.17,2.48,1.55,8.1,1.54,0.22,0.83,2.25,-0.03,1.27,-3.48,-0.03,3.92,-0.59,-0.4,-0.79,-2.44,-0.66,-2.0,55
-0.56,-0.12,0.04,0.9,4.08,-5.15,1.69,-3.1,-1.65,-1.9,0.18,-0.45,-0.57,-0.62,-2.52,2.67,-3.52,-0.8,-0.92,-0.18,-3.34,0.18,2.65,-4.39,2.56,0.33,1.75,-0.83,-0.82,1.6,-0.46,-0.38,55
-1.07,0.06,0.25,0.04,-2.89,-2.76,-1.63,-1.32,0.54,-1.53,2.96,2.03,0.27,-1.1,-2.99,1.96,-6.4,-0.5,-0.26,-2.11,-3.83,2.17,-2.33,-2.67,0.4,-1.23,1.56,0.5,-1.4,-1.79,1.48,3.7,59
-1.89,1.48,2.49,-0.14,3.94,2.65,-6.1,-1.64,0.15,3.78,-1.0,-0.59,-0.03,-1.03,-1.42,-1.52,8.57,-0.15,0.13,-1.06,2.56,-1.62,-5.83,2.23,-1.18,-0.82,-0.47,1.18,1.58,-4.85,-0.32,-2.64,8
0.84,-0.89,0.83,-2.39,0.01,-3.46,-0.24,0.47,0.44,-1.3,0.44,1.06,-2.06,-2.16,-4.05,0.87,1.2,0.05,-2.22,-5.58,3.59,0.24,-0.6,1.96,0.13,-0.67,-1.48,-0.6,-0.16,0.11,-0.16,3.57,44
0.97,0.45,-0.31,-1.03,1.7,3.13,1.12,3.05,1.23,-0.73,1.86,1.51,-3.95,0.48,1.29,2.82,10.27,0.2,0.58,-2.4,5.08,-1.93,-1.33,-5.0,2.34,-2.59,-0.82,0.93,-0.37,1.27,-1.34,3.28,6
1.12,-1.12,0.57,1.3,2.7,-2.4,-12.57,-4.59,0.76,-2.06,0.42,1.16,-0.18,-0.04,-1.99,-6.68,-8.31,0.52,1.22,2.33,2.97,1.73,1.31,-1.01,7.75,-3.85,-1.17,0.31,1.16,4.52,-1.64,0.17,61
0.84,-0.75,-0.51,0.54,-0.38,4.39,4.19,1.73,-0.04,2.66,1.04,0.06,-1.81,0.5,2.91,2.7,0.15,-0.8,1.02,1.74,-4.3,0.78,-0.89,-0.47,-1.3,2.7,-2.26,0.6,-1.48,3.24,-0.63,3.72,63
1.11,0.95,-0.36,6.57,-1.29,0.15,12.01,4.56,-0.56,2.08,-0.72,0.98,0.66,-0.01,6.21,3.68,4.52,-1.91,-2.0,3.36,-2.27,2.67,5.87,-3.57,-1.59,-0.71,0.07,-0.19,1.47,-0.02,-1.04,-1.74,15
0.83,-0.15,0.23,0.07,0.75,-0.82,3.77,-2.03,-0.71,-3.61,-0.85,1.01,-3.98,-1.42,-3.23,3.96,5.3,0.12,-0.35,-5.17,-5.69,-0.72,-0.18,2.7,0.16,-5.4,-0.35,0.66,-0.31,-0.78,-0.47,-6.36,59
-0.18,0.7,-0.28,1.21,-2.01,-1.43,3.14,0.4,0.21,-1.69,0.23,1.21,2.89,0.06,0.24,-0.33,-3.1,0.88,-0.19,-2.21,-2.14,1.02,-0.98,1.83,-2.21,1.59,0.46,-0.46,0.14,0.05,-1.23,1.54,20
0.81,-0.78,1.07,-0.39,1.49,0.71,-2.82,-2.4,0.1,1.25,-0.22,-1.34,0.51,1.26,0.09,2.15,-3.25,-0.83,-0.89,0.2,-3.92,-1.49,-0.85,-2.94,2.11,-2.08,0.71,-0.82,-0.3,1.45,0.75,-1.15,18
-0.06,1.31,-0.2,-3.14,-1.75,-5.32,4.94,1.7,-0.9,-3.27,-0.6,-0.83,3.98,0.33,-1.14,-3.12,-11.6,0.25,1.05,-2.82,-1.49,-1.32,2.61,-1.3,-2.43,0.35,-1.54,2.14,2.65,1.76,1.19,1.14,12
0.57,-0.08,1.41,0.42,-2.6,0.33,3.09,1.51,2.64,-1.47,0.75,0.72,-3.29,0.3,-1.82,1.52,-0.27,-0.9,-0.19,3.61,-1.51,0.84,2.26,0.97,-0.47,0.02,1.8,-0.33,-0.26,1.75,-0.2,-3.23,30
1.9,-1.4,-1.05,-4.64,0.76,2.02,-4.08,-2.52,-1.45,-5.57,-0.82,0.53,1.69,0.05,-1.04,-1.63,-3.6,1.18,0.55,1.45,-2.73,0.93,-0.81,-1.08,0.35,-0.51,-0.4,-0.43,1.25,0.38,0.21,-1.48,13
-0.41,0.54,-0.08,-3.33,0.23,-4.01,2.29,-0.84,1.14,-1.51,0.03,0.67,-0.72,1.05,-3.35,2.37,-4.64,-0.58,-0.63,-2.95,0.15,0.45,3.05,-2.14,4.59,5.24,0.37,-0.89,0.67,-0.04,0.15,0.29,4
-0.15,0.56,0.86,-2.56,-0.23,-3.25,1.1,0.61,0.81,1.9,-0.35,0.04,1.37,0.15,1.06,4.37,0.79,0.46,0.79,-3.52,3.27,-0.38,5.23,1.94,0.74,-3.17,1.63,-0.72,0.8,1.77,-0.83,-1.88,41
0.56,2.23,-0.81,2.56,1.26,4.19,7.42,1.58,1.31,-1.88,1.4,1.32,-1.24,0.13,-2.83,2.49,6.48,-0.94,1.22,-2.53,-0.96,-1.89,2.22,1.18,0.44,0.39,0.03,1.93,0.01,0.87,-1.61,2.83,35
-2.35,0.75,0.34,1.82,-4.53,3.97,1.94,-0.94,1.06,-1.85,-0.77,-0.21,-4.93,1.27,-2.39,0.62,0.09,-0.78,0.77,-1.04,2.36,-0.98,-2.82,-1.09,-0.11,-0.04,-0.2,-1.68,-1.28,4.81,-0.12,1.67,28
-0.34,0.06,-0.65,-1.32,1.28,-3.98,-4.4,-5.42,0.69,-1.82,1.34,0.23,-1.96,-1.66,-0.69,-3.31,-6.27,-0.46,-1.02,0.69,-1.97,0.77,-2.02,-0.82,1.3,3.52,-0.19,1.18,-0.25,-0.9,0.08,-1.12,19
-1.16,1.29,0.52,-0.2,-0.19,-5.72,-3.97,-1.69,-2.15,-0.21,0.96,0.76,-1.44,0.21,0.24,0.28,-1.63,-1.43,-1.01,0.59,2.16,2.68,-0.96,-0.31,0.34,0.5,-2.11,0.09,1.76,0.03,0.68,-0.01,62
-0.41,0.99,-0.52,-1.42,-0.61,3.82,1.24,0.12,-1.19,3.46,0.35,-1.11,-0.74,0.36,2.47,5.16,4.25,0.41,-1.51,3.96,1.42,-0.39,1.06,-1.72,-2.34,1.73,1.02,0.26,0.83,0.57,1.77,-0.39,37
-0.99,-0.78,0.45,-1.91,-1.8,-1.88,-7.18,2.31,0.68,-0.14,-0.46,1.1,-0.6,-0.41,-1.78,-1.83,-8.91,0.28,0.35,4.3,-2.63,-1.59,3.48,0.87,5.33,-1.69,-0.78,0.48,-0.73,0.22,-0.45,3.33,28
-0.0,1.13,0.13,-0.37,-2.91,-2.48,-0.06,-2.32,0.39,-1.88,-1.46,-1.08,-0.93,0.36,1.94,-1.38,-3.2,-0.6,-0.19,-1.69,1.15,1.81,-1.65,0.95,-1.13,2.43,-1.21,-0.49,-0.84,0.9,-1.13,0.32,27
-0.1,-0.1,-0.12,2.2,-1.84,2.77,3.38,-0.28,-0.86,-2.45,-1.42,1.54,0.97,0.93,0.6,-1.36,-1.58,-0.22,-0.68,2.12,-1.17,1.06,2.35,-2.9,0.14,-0.04,-0.79,-1.66,-0.9,-0.78,1.75,-0.04,34
0.87,0.59,1.6,-1.09,-0.01,-0.92,-11.53,-0.23,0.71,1.08,-1.04,0.22,2.25,0.9,1.92,-1.69,-2.37,-0.79,-1.33,2.87,2.09,0.1,-0.38,-1.29,3.2,-4.9,0.49,1.45,-1.16,-1.62,0.22,1.73,55
-0.26,-0.33,-0.35,0.7,-3.36,4.84,-0.23,-2.95,0.13,-1.94,-0.87,0.22,-4.79,-1.06,-2.64,-2.98,0.68,-0.11,0.2,-3.43,2.34,0.35,0.44,0.55,2.28,-1.63,-1.56,1.08,-0.11,-1.71,-0.91,2.9,42
0.22,0.53,0.54,2.89,-0.79,-0.41,7.41,1.54,-1.39,-0.67,-0.19,-0.9,-0.3,-1.53,0.76,-2.09,0.74,0.25,-0.96,-1.03,2.12,-0.9,-0.91,2.36,-5.29,1.82,-0.51,1.34,-0.1,4.74,0.36,0.48,62
-1.59,-0.34,0.29,1.37,2.46,1.79,11.03,4.3,-1.82,0.06,-1.82,-0.32,-0.6,0.41,-0.55,-1.73,3.01,0.12,-0.54,-3.32,-4.12,-0.7,2.56,-2.31,-0.55,-1.7,-1.26,0.49,-0.87,-2.68,-1.11,-1.15,29
1.37,-1.58,-0.01,-4.18,0.09,-0.25,-2.64,-1.64,0.91,3.18,0.5,0.47,-1.02,0.42,-1.69,-1.52,-10.55,-0.33,-0.93,1.2,-3.44,-1.14,-1.69,0.85,-4.32,0.51,0.16,-1.53,-1.06,3.2,-1.45,5.62,24
-0.99,0.64,-1.0,2.58,-3.41,0.49,2.6,1.39,0.5,-6.99,-0.76,-0.84,-1.91,0.57,-3.42,-3.61,1.39,1.41,-0.49,-1.92,0.41,-0.9,0.11,7.37,-1.56,-2.01,-1.15,0.59,-0.28,2.57,-1.11,0.77,47
0.04,-0.32,1.02,-2.65,2.3,-0.99,0.19,1.64,0.88,3.37,-0.17,-0.93,-0.62,-0.29,0.15,-1.26,2.74,-0.81,-2.18,-2.92,3.61,-1.52,-1.18,5.49,-4.94,-1.14,1.22,-0.65,1.78,2.46,-1.08,2.27,38
-0.0,0.46,1.52,-1.99,0.53,1.88,-7.65,-0.42,1.23,3.03,-0.15,1.04,2.45,-1.12,-0.15,6.04,3.09,0.36,1.8,-0.36,1.79,0.48,-2.45,5.48,1.99,0.74,0.38,0.24,1.01,4.46,-0.09,-0.02,19
-1.3,0.2,0.01,1.59,-1.73,3.7,5.64,1.06,1.56,4.38,1.07,1.15,-3.24,-0.07,0.24,0.27,-0.64,-1.39,0.6,2.01,0.37,0.88,3.47,2.16,-2.62,-0.89,0.56,0.87,-1.73,4.33,-1.13,-1.26,33
1.02,0.35,0.64,2.37,4.49,4.6,1.65,-1.34,-1.12,0.81,-1.07,0.55,3.97,0.51,2.34,0.57,2.61,0.31,0.76,-4.74,-3.72,1.46,-1.55,1.18,0.59,-2.33,0.44,-0.26,1.13,3.37,0.73,1.83,59
-1.77,-1.61,-1.36,0.93,-5.06,1.3,3.22,-2.53,-0.16,1.87,-0.72,1.13,-3.19,-0.17,-5.96,0.29,-5.05,0.82,-0.1,-2.4,0.03,-0.54,1.11,0.71,-1.28,-1.84,0.76,0.06,0.82,-0.49,1.41,-2.56,4
-0.19,0.4,-2.37,1.9,-1.02,2.78,-1.21,-1.03,0.41,-3.4,-1.51,0.45,-0.71,1.57,-1.25,1.76,10.41,-0.38,-0.26,4.02,5.67,-0.61,-1.97,0.56,-4.84,-1.4,-1.36,1.52,0.55,-1.14,0.84,-1.84,42
0.85,-0.1,0.59,1.45,0.14,1.94,3.67,-3.32,-0.47,-1.88,-1.15,3.11,1.59,1.13,1.63,6.13,8.56,-0.06,-0.13,0.83,2.41,-0.85,4.9,-2.05,-1.61,-0.98,-0.08,-0.77,0.8,-3.26,0.34,-1.61,2
-0.85,-0.85,-0.8,-2.44,1.41,4.57,3.09,-0.7,-1.59,-3.07,0.79,0.19,0.75,-1.5,-3.06,-2.92,-0.29,-1.04,-0.65,-2.22,-0.9,-1.76,0.7,2.18,-0.6,1.45,0.81,2.07,-0.39,0.89,-1.36,-0.46,16
0.22,0.64,0.87,3.96,-0.86,-0.62,0.14,-0.96,0.34,-5.38,-0.64,-0.17,2.02,-0.62,-4.22,-3.73,-0.64,-1.33,-1.44,0.11,0.17,-0.52,-0.02,4.25,-0.84,-0.81,1.91,-0.35,0.36,0.42,0.61,-1.21,34
0.48,-0.46,0.92,3.9,1.44,1.89,-0.62,-1.08,-0.54,-2.09,-2.14,1.11,-1.52,3.16,1.81,3.13,4.17,-0.22,-1.73,5.44,-2.78,1.42,2.56,1.15,0.98,-2.21,1.23,-1.11,-0.39,3.9,-0.05,-0.93,12
-1.04,-1.97,0.31,2.26,-0.88,2.96,0.17,3.12,-0.67,-1.83,-0.48,-0.87,-1.48,1.35,-2.37,-1.33,4.04,-1.61,0.17,-0.07,-1.06,0.44,-1.37,2.94,0.76,-0.54,1.14,0.61,0.12,-1.71,1.55,4.28,16
0.48,-0.37,0.85,2.56,2.7,-2.22,-7.22,-0.7,2.08,1.86,-0.46,-0.55,0.49,-1.14,-1.32,-1.71,-1.47,0.53,0.54,1.23,0.11,0.58,-1.94,-0.44,1.86,-6.05,1.19,-0.36,-2.11,1.96,-0.52,-1.47,28
0.73,2.49,0.51,-1.1,-1.64,-0.2,2.96,-0.62,-0.25,1.4,-2.03,0.1,0.02,-0.24,-0.08,-0.61,-0.25,1.69,-1.42,-3.17,2.08,-0.02,-2.14,0.44,-1.59,3.29,0.64,-2.15,-1.28,-0.71,-2.14,-3.01,10
-0.49,0.78,0.29,4.76,-4.36,-3.03,3.02,0.92,-1.11,5.26,0.68,1.26,1.42,-0.46,-1.55,-1.91,-6.08,-0.14,-0.03,-1.87,2.54,-0.85,-0.75,-1.83,0.13,0.75,-0.45,-2.85,1.33,-1.2,-0.56,-2.99,44
-0.04,-0.84,2.1,1.81,-2.48,-0.46,0.54,-2.51,0.17,2.11,-0.3,-0.91,3.67,1.23,0.71,1.17,-5.81,0.37,-0.32,0.14,0.81,0.85,1.95,-3.98,-1.52,-2.31,0.78,-1.33,-0.86,-0.23,-0.48,0.2,16
0.08,0.34,-0.13,1.11,-1.75,-3.18,-1.49,0.86,-0.22,-1.69,-0.94,1.69,4.2,-0.48,3.05,0.33,-1.92,0.4,-2.29,-2.68,0.61,1.25,-0.62,-2.98,5.21,4.33,0.3,-0.31,-1.82,-3.97,-1.73,3.68,59
-0.47,2.65,0.76,-1.35,0.36,3.23,4.64,0.09,0.51,0.18,-0.34,-2.4,-4.51,-0.11,-1.46,-2.48,-2.47,0.41,-0.85,-3.55,-2.62,0.91,-1.74,-3.09,-0.2,-2.1,-0.44,0.38,-0.68,2.5,1.23,0.14,52
0.25,1.24,-0.17,-1.16,-0.19,-0.0,-1.58,-3.14,1.32,2.2,-0.33,-0.33,0.98,0.04,-1.04,-2.48,-13.07,-0.6,0.24,-1.01,-1.34,-0.52,-0.63,-3.18,0.42,0.04,-1.65,-0.8,0.36,6.19,-1.01,2.76,51
-0.57,-0.04,0.37,-0.85,-2.7,2.6,1.26,2.81,-0.93,-2.9,-0.42,0.2,1.06,1.01,2.46,3.15,6.66,-1.55,-0.31,2.49,-0.7,1.17,-2.93,4.11,-2.44,4.13,-1.77,0.51,0.19,-0.0,-0.02,-2.41,37
1.42,-0.32,-0.95,1.99,-0.6,-2.0,4.22,0.87,-1.95,-1.67,1.24,0.68,-4.31,1.95,-1.48,1.8,2.64,-0.79,0.55,-0.74,-1.57,-0.21,-1.77,1.71,-2.29,1.01,-0.33,0.16,-0.71,1.93,0.34,1.81,20
-0.28,0.52,-0.48,-3.14,-0.06,1.43,-2.11,-1.31,0.27,3.64,-1.85,0.29,1.09,-0.74,-0.43,1.17,-3.87,0.33,0.42,-3.4,-3.19,-0.38,0.26,3.04,0.73,-1.09,-0.52,0.06,1.82,-0.5,0.42,0.42,36
-0.64,0.78,1.84,-2.0,-0.53,0.07,1.54,-0.82,0.91,2.7,0.83,-0.22,-0.71,-0.51,-5.27,3.92,-0.46,-0.4,-1.0,-5.17,-2.31,1.64,-1.16,2.57,1.9,4.31,1.93,-0.95,-0.41,-3.19,-0.7,0.76,19
0.13,0.02,0.85,-1.89,-1.64,-6.01,5.34,4.66,-2.19,-2.74,1.51,1.2,-1.83,-1.44,-2.87,-0.8,2.11,-0.43,1.16,-2.76,0.44,-1.68,-0.4,5.39,-5.8,-1.76,0.57,-1.45,1.38,-1.09,-0.35,-2.03,20
2.44,0.06,1.31,-0.99,-0.96,0.47,-3.7,1.14,-0.26,-2.94,-2.15,-0.47,-2.44,0.23,3.98,-2.52,-1.17,0.57,-0.11,2.28,0.49,0.74,0.25,1.19,4.86,2.49,-0.62,0.47,0.35,3.54,-0.51,1.46,60
0.49,1.8,0.26,2.67,1.48,-0.08,-1.54,-2.35,-0.41,2.28,1.07,-0.27,1.87,0.75,-1.0,2.78,3.05,-0.4,0.47,-0.34,-0.93,1.06,-2.83,-0.57,-1.83,-0.92,-2.54,0.14,0.97,-2.35,-0.41,-0.55,15
-0.75,-0.19,1.02,3.42,-2.22,-0.33,14.16,0.24,0.39,-0.1,0.76,-2.53,1.15,0.07,3.01,1.27,0.31,0.65,-0.87,-4.93,-3.66,1.08,1.04,0.41,-4.07,4.42,-1.1,-1.18,-0.85,-0.85,0.18,-1.03,20
0.02,-1.8,-1.04,-1.59,-0.67,-1.52,-2.52,-0.39,1.22,-0.78,0.54,-0.09,4.81,0.88,0.12,6.41,1.25,0.13,-0.15,0.61,-2.33,1.38,1.34,-3.83,-1.07,-5.49,-1.59,0.22,2.26,-4.92,1.22,-1.45,15
-2.06,-1.06,-1.77,-0.38,2.34,-0.46,0.12,-2.74,-0.38,-1.58,-1.83,0.79,-2.31,-0.22,-0.27,-0.16,2.01,-0.34,-2.11,0.14,-1.18,-0.65,0.01,2.61,-1.15,0.87,-1.43,1.15,-1.57,1.24,-0.21,-1.01,0
-0.74,-0.88,0.69,-0.87,-1.21,-2.02,-1.11,-0.07,-1.36,0.91,0.79,0.09,1.05,2.05,0.52,-0.39,-7.07,0.55,-1.0,0.6,-2.27,-1.55,-0.33,-0.08,0.19,1.02,-0.99,-1.47,-1.49,2.13,1.16,0.42,58
-0.6,0.68,0.49,3.97,1.93,0.41,6.98,2.12,0.05,0.7,1.34,-0.52,-2.16,-1.51,1.33,-2.18,0.44,-0.43,0.73,-2.73,-1.57,-1.14,-0.37,-0.11,1.83,3.73,0.75,-0.29,-1.82,3.38,-0.45,3.73,18
-1.47,0.85,-0.85,1.9,0.11,0.5,-1.92,-2.59,-0.69,0.79,-0.9,0.5,-1.19,-0.2,1.02,3.2,4.72,-1.13,0.52,0.22,2.77,-1.32,-2.46,-0.23,1.03,4.77,1.05,-1.72,1.5,-0.2,0.48,2.91,22
-1.33,-0.35,0.64,1.71,1.62,1.36,1.49,3.13,-1.13,3.78,2.21,-0.09,-0.71,1.07,-1.76,-1.49,2.54,-0.3,-0.52,0.47,-2.03,0.93,-3.56,-3.74,0.72,1.23,-0.38,0.94,0.39,-5.57,-0.35,-0.66,10
0.2,2.32,-0.21,4.09,2.83,-3.77,-8.44,0.27,-0.38,-0.41,-1.01,-0.38,-2.45,-0.06,2.15,2.82,7.26,0.77,0.1,5.94,-2.4,2.2,-1.22,-1.03,4.06,-3.18,-1.21,-0.1,0.91,-3.91,-0.36,-0.06,39
1.07,0.38,-2.26,-3.49,-1.39,1.16,-3.21,6.97,0.62,3.18,-1.76,0.93,0.79,-0.4,0.13,-2.21,0.68,-1.11,0.24,-1.8,1.99,0.53,-2.75,1.82,2.48,1.23,0.81,0.57,-1.23,-2.91,0.91,3.27,33
-0.23,-1.4,-1.82,3.19,1.92,-1.42,-0.99,-3.91,-1.62,-1.91,-0.78,-1.69,-4.91,1.27,-2.81,-1.62,6.24,-0.85,0.3,-4.72,-2.89,2.42,-2.64,6.11,0.71,0.5,-1.01,-1.07,1.26,-5.57,1.59,2.53,45
-0.1,-0.11,-0.2,0.68,0.37,0.65,1.38,-5.64,0.71,-4.64,0.43,0.49,-2.17,0.34,-5.28,-4.2,-5.33,-0.61,-0.88,-2.11,-3.57,0.11,-0.79,-1.55,-2.42,-2.71,-0.17,-0.54,0.79,-1.11,1.84,1.13,42
1.77,0.16,0.65,-3.48,-5.08,-0.54,-3.17,3.38,-1.15,-2.73,0.66,-0.48,-1.31,2.49,-2.13,-4.27,-8.21,1.22,2.97,4.76,-1.73,-1.11,1.45,-0.61,0.59,-1.95,-0.47,-1.0,0.31,-2.15,0.3,-0.96,56
-0.41,-0.39,1.99,0.65,0.21,-0.91,3.14,3.68,-0.47,0.65,-0.8,0.24,4.66,0.14,2.41,3.71,0.38,0.74,1.25,-2.95,-3.6,0.47,1.47,6.21,-0.63,1.11,0.28,1.95,-0.33,2.67,1.57,4.3,18
0.14,0.97,-0.23,1.3,-6.25,3.4,2.49,-2.12,0.41,-0.21,-2.51,0.86,-0.01,1.65,6.49,4.88,5.26,1.11,1.58,-2.21,1.36,-0.13,-3.15,0.83,-2.03,3.16,-0.51,0.67,-1.94,-0.62,-0.64,-0.74,61
0.73,0.07,-0.6,-1.67,-1.01,2.26,-1.57,1.12,-1.11,-3.21,0.23,1.28,0.8,0.23,-2.05,2.38,6.01,1.0,0.91,0.75,-1.7,1.78,-1.86,1.21,-2.44,-3.57,-1.58,-1.16,0.66,-4.36,0.79,-2.1,13
-0.16,-0.81,1.41,2.34,1.58,2.82,-2.28,-5.07,-0.39,-3.23,-1.11,-0.71,0.06,2.28,-1.54,-1.2,3.02,0.81,0.4,1.01,2.84,-0.11,-0.11,3.22,-0.15,1.05,1.05,1.19,0.68,3.41,0.45,-1.23,47
1.69,0.42,0.42,0.55,1.77,0.1,2.33,0.3,-1.18,2.94,1.28,1.15,-2.6,0.48,1.36,-1.14,-4.42,0.15,0.51,1.09,-3.51,-0.86,3.53,-1.32,0.83,-3.94,1.13,0.11,0.97,3.87,1.2,-1.19,6
0.09,0.66,0.64,0.48,-2.14,-2.57,3.0,-1.1,-0.27,-3.34,2.17,-0.33,-2.06,-0.07,-2.68,2.41,0.57,-1.08,2.56,5.0,3.37,-0.63,1.6,2.07,-4.44,1.5,0.02,-0.28,-0.01,5.84,0.51,-6.74,63
0.51,-0.9,-0.58,-3.64,-0.61,0.39,-0.07,-3.36,0.24,0.36,-1.24,0.93,-1.54,-0.27,1.82,-0.59,-2.95,-0.2,0.18,-4.91,0.02,-0.5,2.8,-1.24,0.18,-0.49,0.61,-0.48,0.67,-3.9,1.51,8.3,63
-2.33,-1.11,-0.27,-0.06,-1.33,3.47,0.4,-2.03,1.98,-0.88,0.64,0.4,0.03,-0.28,-0.3,2.67,6.48,0.8,0.44,-1.74,1.21,-1.83,-2.75,2.6,-2.64,0.82,0.4,0.2,0.19,-1.49,-0.74,-1.35,37
-0.02,0.29,-0.99,-0.81,2.42,-1.01,-1.7,0.73,0.32,-0.81,2.91,-1.4,0.56,0.7,-0.14,3.17,1.68,-1.13,-1.41,0.75,-2.7,-0.44,-2.67,0.79,-0.78,0.32,-0.62,1.55,-0.95,2.52,-0.24,1.31,15
-1.07,-0.75,-1.29,-2.09,-1.95,2.67,3.98,0.07,-1.5,1.24,-1.4,0.17,-0.44,-0.6,0.54,-2.06,-2.94,0.03,-1.64,-1.14,-1.57,0.0,-0.44,-0.32,-3.23,1.6,-1.26,-0.93,0.55,-1.82,0.05,0.7,24
0.02,0.39,0.34,-0.18,-0.59,1.52,0.76,-1.79,0.06,-0.35,-0.45,0.39,3.95,-0.38,-2.02,0.95,-3.23,0.3,1.17,-0.91,-1.78,0.15,-1.18,-1.93,-3.17,-2.32,0.24,-0.13,1.56,-0.2,-2.11,-0.99,10
-1.28,1.36,-0.15,1.84,-2.28,-0.13,-2.48,-1.38,-0.11,-1.7,-1.23,-0.84,2.26,0.41,-1.72,0.4,-2.89,-0.1,-0.24,0.46,-2.29,1.63,-3.47,0.43,-1.76,-2.71,1.68,0.46,0.03,0.97,-0.62,-2.5,10
-1.36,-2.0,-0.35,2.11,-2.99,-1.42,-1.16,0.11,0.35,1.2,0.28,1.13,-2.3,0.08,-0.35,1.3,-2.67,-0.79,-1.45,4.27,-2.76,-0.67,3.11,2.1,-2.67,-4.59,0.25,-0.95,-1.58,-0.8,0.27,2.43,17
1.19,1.28,-0.7,0.87,-1.03,3.53,-0.58,-0.08,1.15,0.81,-1.5,0.63,0.4,0.46,2.61,0.07,2.08,-1.06,-0.06,2.45,0.58,0.53,-3.61,-2.27,-2.48,1.49,-0.93,-0.02,-1.12,-0.2,0.64,1.55,2
-2.02,-0.15,-1.09,1.16,-2.41,0.55,0.4,-2.56,-0.01,-1.67,-0.52,0.86,-0.06,1.43,1.71,0.16,-1.6,-0.14,0.52,-0.39,0.99,0.05,-0.84,-0.42,-0.46,1.33,-0.88,-0.38,-0.34,2.23,-0.86,0.11,32
-1.12,-0.36,-0.06,5.82,5.55,-1.48,3.57,0.53,-0.2,3.63,-0.87,1.16,-1.78,0.76,2.08,-6.3,3.85,0.29,1.1,-2.35,-1.99,-0.29,-1.59,1.03,0.67,0.16,0.74,0.51,0.04,-2.64,0.72,-1.25,11
-0.81,1.46,-1.21,-2.93,-0.92,-0.24,-6.19,-2.81,-1.85,-2.86,1.14,-1.53,2.96,-1.48,-0.77,1.67,-2.93,1.14,-0.55,-1.47,3.04,-1.45,-1.55,-1.34,3.61,1.47,-1.24,-0.69,-1.34,2.53,-2.87,-0.39,31
-1.79,-0.63,0.86,3.74,2.74,0.23,-0.61,-1.56,0.31,-0.62,0.58,0.89,-1.48,-1.45,-1.0,0.45,1.83,0.08,-1.49,3.16,-3.0,1.75,3.56,3.43,1.05,-2.04,-1.29,0.03,1.02,1.62,0.25,0.37,12
-0.81,0.21,1.09,3.77,-0.36,1.23,-1.78,4.46,1.45,0.72,-2.09,0.82,3.66,0.85,1.66,-0.1,1.06,-1.04,-0.27,1.29,-0.13,0.8,-1.71,-0.69,5.06,1.64,0.11,-1.73,-0.56,0.88,-1.69,0.51,59
0.66,0.61,0.39,-0.23,-1.35,-3.53,3.03,1.31,1.77,-4.09,0.88,-1.37,-3.05,0.5,1.23,-1.21,-1.03,-0.33,-1.16,0.36,-5.36,0.18,-1.39,3.92,-0.95,3.8,-1.25,0.38,-0.43,-0.36,1.75,-0.41,37
-0.04,-0.84,0.32,3.23,-1.9,2.35,5.28,0.38,-0.14,-3.18,1.02,0.21,-4.55,0.2,3.19,-0.4,8.54,-0.43,0.98,-0.15,0.05,1.43,-2.25,-2.72,-0.45,1.39,-0.46,1.52,-0.46,-3.64,1.06,-1.0,21
-1.41,0.39,-0.24,-3.86,3.05,-3.2,-5.44,1.84,0.81,3.28,-0.57,-0.04,-1.8,-0.27,1.08,-0.65,-1.4,-1.53,-0.12,3.0,-0.94,1.26,-2.26,1.45,3.32,4.73,-1.38,-0.23,1.7,0.95,0.27,-3.51,19
-0.26,-2.8,2.35,-2.56,-3.41,-0.01,-3.48,1.7,1.69,-2.58,-1.23,-0.0,-0.34,-0.89,-1.09,5.51,3.16,0.55,-0.23,0.87,1.52,-2.42,-0.69,-0.31,0.75,-2.91,0.63,-0.32,-0.92,0.28,0.48,-1.18,31
0.37,-0.39,-0.5,2.1,0.05,0.21,1.28,-1.01,-0.17,0.19,-0.89,-0.65,0.23,-0.91,-1.56,-1.06,-2.84,0.14,-0.52,-2.04,0.27,-0.65,0.58,0.34,4.6,5.02,0.66,4.47,1.0,1.29,-0.28,1.32,60
-2.05,-0.51,1.33,1.31,-2.17,-2.48,-9.78,-3.42,-0.53,5.72,0.18,0.54,-3.61,0.18,4.84,1.51,-0.39,0.15,-0.55,4.14,5.32,-1.0,-1.72,-2.76,3.08,2.3,-1.22,-0.96,0.05,-1.4,0.22,3.23,11
-0.92,0.0,-0.31,-1.2,2.7,1.46,-5.27,-5.72,-1.41,-0.05,0.66,-0.7,-1.61,-0.14,-7.06,-1.09,-1.91,-0.1,-0.89,-0.66,-0.6,-0.43,-0.89,0.93,1.23,0.32,-0.86,-1.38,1.2,-2.17,1.41,1.22,52
0.48,-1.56,0.27,-0.65,-2.38,-1.34,-4.16,-4.72,-0.63,4.31,1.45,0.42,-0.06,1.89,-0.64,2.56,-5.0,-0.5,-0.02,-0.36,-0.87,0.78,-3.07,2.43,-1.55,2.6,0.42,-0.87,-1.08,0.44,0.31,-1.59,36
0.4,-1.74,-1.06,-1.5,-0.17,-0.05,2.79,1.23,0.34,-0.83,-1.52,-1.73,-1.23,0.17,1.55,2.85,9.1,1.58,-0.98,-0.2,3.38,-0.86,-0.1,0.08,-2.43,2.01,0.13,0.1,0.01,-3.82,-1.39,-0.97,12
0.32,0.54,1.21,-1.74,-3.77,1.48,5.04,1.18,-0.46,-1.54,-0.42,0.7,-2.08,-1.94,-0.63,-2.44,-5.88,0.84,-0.47,-2.21,-1.05,-2.41,0.15,1.23,-2.22,-1.23,0.02,-0.81,-1.84,4.99,-0.8,-1.46,22
-0.92,-0.76,-0.69,-0.69,-0.06,-1.38,-4.25,0.93,0.21,1.04,0.19,-1.82,0.76,0.03,3.01,0.56,0.56,-0.64,-1.15,3.02,0.58,-0.26,-1.07,-1.15,2.42,1.43,0.91,-0.27,0.89,-0.8,1.12,-2.96,11
0.1,1.2,-0.68,3.16,1.7,-0.58,5.06,2.27,-0.71,-0.05,-2.04,-0.38,1.36,-0.02,-6.69,2.51,-1.71,-0.77,-0.77,0.54,-1.61,1.13,0.59,-4.5,2.31,1.78,-0.93,-0.74,-0.31,1.6,2.47,-0.92,18
-0.4,-0.65,-0.91,3.81,0.27,2.08,-1.88,-1.13,-0.29,-0.1,1.57,0.84,-0.05,0.22,1.68,-3.18,0.37,0.56,0.43,-0.63,3.53,1.32,-0.34,-2.07,4.0,-2.86,-0.91,1.0,0.36,3.96,1.72,-2.73,32
0.03,1.86,1.03,-1.98,-2.46,-2.64,4.61,3.16,0.96,-6.07,-0.76,-0.37,1.14,0.34,-4.16,-3.38,-4.06,0.55,-0.12,1.98,-1.61,0.67,6.21,4.73,-0.46,2.99,2.34,1.78,-0.67,-3.13,-0.79,-0.91,44
-1.16,-0.76,0.51,-0.87,0.38,-2.65,9.5,0.63,-0.01,-0.24,-0.42,0.92,0.36,0.75,1.85,1.89,-2.2,-0.06,0.92,-4.61,-2.29,0.3,-1.07,-4.4,-4.74,-0.47,-0.71,1.38,0.15,2.65,-0.36,-0.52,24
-2.49,0.05,-0.91,-1.91,-2.49,-3.27,0.15,1.4,1.08,-1.72,2.18,0.93,0.73,0.46,-2.94,-0.86,-5.9,-0.01,1.25,-0.55,1.05,-1.23,-4.45,-0.0,-2.71,4.07,-0.57,-1.3,0.11,2.71,0.71,1.76,24
0.92,0.1,1.04,-1.1,0.85,2.55,2.02,4.97,1.13,-0.49,-0.36,-0.36,-0.36,0.91,-2.26,-1.38,0.45,0.06,-0.16,0.95,-2.33,0.93,-1.07,3.64,-0.07,2.28,0.11,0.12,1.07,2.37,-1.42,1.78,6
0.7,0.61,0.82,0.82,0.33,-3.67,-4.93,0.78,0.82,2.37,1.17,-0.4,-0.96,-0.47,-2.42,-0.92,-8.16,-1.38,0.33,4.69,-3.02,-0.73,-0.97,-0.81,1.78,-0.96,-0.96,-0.54,-0.68,3.28,-0.65,-1.52,24
1.37,-1.19,0.36,0.56,-0.18,5.53,-1.54,-0.75,-0.29,-0.51,-0.75,0.98,2.01,-0.35,1.88,2.5,2.31,1.09,-1.15,2.93,-3.04,-2.2,0.2,2.78,-1.3,0.09,0.47,1.2,0.11,1.1,-1.3,2.87,17
-0.56,-0.03,-0.56,0.41,6.13,1.42,2.29,1.54,0.15,-0.36,-0.88,2.08,-0.65,0.11,-0.91,1.54,7.41,-0.53,0.09,1.02,0.57,1.83,1.88,-2.84,-0.57,-3.65,-1.55,1.42,-0.68,1.06,-0.94,0.61,47
1.34,0.41,-1.62,-0.49,3.8,0.6,3.5,-5.07,0.05,0.34,0.84,0.81,-4.75,0.99,-2.08,-2.49,-0.28,-0.29,-1.07,1.06,2.61,-0.18,3.75,-1.78,-2.4,-1.69,0.43,0.44,-0.04,3.8,1.02,-4.3,23
0.06,-0.39,0.43,4.88,-0.12,-4.61,6.11,-1.53,1.94,-4.95,-0.47,0.43,-2.12,-0.48,2.9,2.63,1.86,-2.55,0.74,-1.13,-3.71,-0.73,-0.86,2.99,0.24,6.86,-0.37,0.58,-0.57,3.68,-0.61,2.2,37
-0.29,1.12,-0.13,-0.4,5.67,-0.52,-0.91,2.73,-0.89,-1.03,0.35,-1.24,-0.02,0.2,-0.84,-0.5,6.83,-1.0,-0.25,-1.55,3.44,-0.6,-3.17,-1.97,1.98,1.3,1.57,0.55,1.17,1.74,-0.3,2.02,4
-0.51,0.06,0.57,-0.75,2.67,0.69,4.36,1.5,0.18,3.0,1.44,-0.43,4.29,0.26,-3.04,-0.16,-6.25,1.57,0.8,-0.28,-2.23,0.93,3.66,-0.15,-2.88,-2.0,-0.1,0.71,0.31,3.35,-0.5,1.1,54
0.75,0.64,0.35,-0.95,-1.12,1.97,5.8,3.48,0.53,1.39,0.66,1.6,3.78,-0.72,-0.62,-3.11,-1.21,1.08,-1.32,0.63,4.37,-0.37,4.99,2.41,-5.74,-3.34,1.11,1.26,-0.54,1.97,-0.23,-2.49,38
1.27,0.28,-0.32,0.95,-7.6,2.61,3.97,5.56,0.43,0.51,-2.08,0.61,-2.85,-1.24,-0.72,-3.64,-1.7,-1.87,-0.95,-0.99,1.52,0.25,-2.61,-3.79,-0.42,-2.93,0.09,-0.63,0.78,-3.04,-2.37,-1.94,40
-0.08,1.6,-0.86,-1.09,1.67,-1.22,-5.11,0.18,-0.31,2.42,-0.49,0.69,-2.26,1.01,1.34,0.6,5.54,-0.85,-0.95,-1.5,1.47,1.46,-2.69,-2.88,0.97,-5.1,0.86,-1.55,0.54,-4.93,0.89,-0.19,5
0.11,0.05,-1.45,2.33,0.85,2.78,9.4,-2.55,1.3,-2.44,-1.96,-0.17,1.58,-1.0,3.98,2.42,7.64,-1.33,-1.09,-3.23,-0.45,0.01,3.57,0.95,-0.84,5.16,-0.88,-0.37,-0.77,-3.03,-1.56,-0.02,54
0.04,0.09,-0.47,-0.77,-2.01,2.09,4.63,-0.48,-0.59,2.86,0.5,-1.27,-2.13,-0.63,-0.07,3.19,3.91,0.27,-1.38,-0.89,4.67,-0.08,0.23,-1.55,-1.7,2.94,-0.61,-0.37,-0.56,0.4,-0.5,-2.98,12
0.31,1.07,-0.4,-5.15,3.55,-2.78,-6.65,-3.28,-0.95,-2.0,0.61,-0.62,2.23,-0.95,-4.2,2.85,-2.08,0.19,-1.6,1.32,0.26,0.99,-3.14,-6.46,-1.13,-1.68,0.58,-1.95,0.85,-1.47,1.41,-0.97,43
-0.23,-0.68,0.51,-1.69,-2.12,-5.21,-9.48,-1.47,2.45,4.98,-0.41,-0.98,-4.58,-0.39,-2.62,-5.72,-9.43,1.09,-0.0,3.02,2.08,1.69,1.23,2.26,-0.36,-1.23,1.74,1.47,0.6,-4.82,0.93,7.54,11
-0.28,0.18,1.06,-0.75,-1.3,3.26,5.33,4.62,0.67,6.29,-0.81,-0.64,-5.13,-0.51,-2.66,-0.15,-2.83,1.08,-1.29,-0.74,-1.24,-0.2,-0.2,-2.9,1.47,-0.32,0.37,-1.28,1.79,2.34,1.89,-0.93,29
-0.99,-0.54,0.89,-3.36,-0.17,0.62,-2.03,3.91,0.91,-1.01,1.11,-0.3,2.03,0.82,-1.51,-3.4,-2.55,-1.11,-0.91,0.98,1.99,-0.45,-1.98,-2.61,-0.94,-0.12,0.78,0.22,-1.11,-1.12,-1.65,3.08,7
-0.3,-1.28,0.22,0.23,-2.62,-0.71,-7.44,-2.28,-0.38,3.89,-2.51,1.82,-1.06,-1.44,-0.12,-1.24,-6.91,1.14,-1.41,0.07,-2.55,0.98,1.18,5.29,2.39,-2.84,0.16,-1.39,-0.6,-0.61,0.42,2.1,21
0.01,-0.22,0.71,-1.99,-1.2,3.38,-3.1,-2.42,0.08,-2.38,-0.63,-2.72,-0.94,-1.7,0.36,-0.34,-1.67,-0.42,-1.06,0.8,-0.5,0.07,-1.65,0.92,-0.83,0.21,1.19,0.58,-0.73,2.62,-0.63,2.82,14
0.24,0.78,-0.68,-4.05,-0.85,0.4,-9.65,-2.71,-0.59,-2.2,-0.52,-0.37,2.28,-0.75,-0.35,-1.43,-6.62,-1.11,-0.75,2.74,0.02,1.62,-2.08,-2.94,0.67,-1.2,0.27,0.88,0.91,-0.68,1.31,3.49,20
0.08,0.4,-0.57,2.32,0.16,-1.35,-0.53,-3.68,0.43,1.29,-0.3,-0.53,-0.08,-0.17,1.41,-0.37,1.72,0.39,0.62,0.08,-0.88,0.97,2.32,1.47,0.75,-1.29,-0.38,-0.11,1.64,-4.39,0.37,-5.8,29
0.04,-0.4,0.53,-1.16,1.69,0.1,3.08,-0.79,-0.06,-1.99,0.67,-0.72,-0.29,0.1,1.43,2.24,2.52,-0.62,-0.18,-1.44,-0.63,0.31,0.75,-1.98,0.59,1.85,0.94,0.75,1.2,0.6,2.29,0.24,1
2.06,1.07,0.03,-0.9,0.1,-0.8,3.11,1.52,0.23,2.96,2.18,0.36,1.64,-0.75,3.17,-0.42,2.21,-0.05,-0.81,-2.03,2.9,0.32,1.06,1.69,-3.98,-0.65,-0.0,-0.22,0.04,-0.75,-0.68,0.13,38
0.21,-0.42,-0.61,1.19,-1.91,2.12,8.8,1.74,0.07,-1.46,-1.76,-1.96,1.86,-0.92,1.43,-0.01,0.98,-0.85,-0.64,-3.26,-0.88,1.39,-1.07,-3.17,-3.55,0.74,0.55,-0.46,-0.8,-0.98,0.26,0.83,63
-2.01,-0.16,0.29,-2.48,1.63,1.44,-1.39,2.11,0.07,2.44,0.82,0.75,4.56,0.01,-1.24,1.16,1.69,1.61,0.72,0.42,1.25,1.72,-4.63,2.55,-4.81,0.69,-1.39,-1.14,-1.13,2.38,-0.47,-3.14,4
2.18,-0.77,-1.6,0.79,-1.65,2.2,2.24,-0.54,-1.06,0.37,-1.9,-0.51,0.42,0.56,-3.56,-1.52,-7.26,0.8,-0.88,-1.61,-3.62,1.36,-0.59,2.3,-0.08,0.44,1.01,-0.47,-1.11,4.03,0.8,-0.23,61
-0.64,0.5,2.12,0.54,-1.41,-0.6,-3.35,4.63,-1.22,0.07,-1.61,-1.11,0.5,0.29,-2.03,4.86,6.47,0.49,0.28,2.63,0.83,1.34,-5.17,1.25,1.61,2.36,-1.39,1.96,0.18,-0.49,0.12,-3.54,43
0.58,-1.19,-0.17,-0.21,4.02,-2.72,-5.26,-1.92,-0.84,-2.8,-1.15,-1.6,-0.56,-0.24,-3.33,-3.21,2.88,-0.21,-0.24,-1.67,1.16,1.27,-0.59,6.46,1.21,1.67,-0.48,-0.84,0.32,-2.12,-0.47,4.09,45
0.06,-1.35,-0.62,0.22,-2.11,0.31,-9.12,-0.98,0.47,-2.01,1.46,0.13,0.3,-0.53,-2.07,3.0,3.21,-0.33,-0.62,-2.83,1.92,-1.88,-3.15,3.79,5.08,-2.99,-0.41,0.96,0.35,0.54,-0.5,0.25,49
0.01,-1.92,-0.57,4.97,-5.52,1.48,0.13,0.78,-0.11,-0.15,-0.03,0.53,1.53,-0.62,-1.21,-1.35,2.22,0.84,0.31,0.23,3.26,-1.62,-2.49,0.74,-0.04,-0.27,1.37,-0.71,2.2,-3.17,0.38,-4.53,5
1.21,-3.0,-0.4,0.07,0.32,2.82,-2.48,-2.6,0.14,-2.08,1.1,-0.35,1.06,-0.21,-1.72,0.62,0.28,-0.89,-0.24,-0.7,-0.85,-1.53,0.02,1.37,1.7,-0.59,0.39,-0.33,-0.65,0.66,0.15,0.25,9
-0.35,0.52,0.02,5.54,-4.32,-6.81,0.02,-1.62,1.16,1.13,1.23,0.94,4.21,2.32,-0.0,0.09,-1.51,-2.56,0.03,-5.08,4.58,0.32,4.44,5.55,0.54,-4.53,-0.42,0.2,-2.04,-2.27,-1.57,-3.43,35
-1.43,-0.45,-0.45,2.26,-1.87,2.82,-1.82,0.88,-0.64,0.74,-0.1,0.83,-0.65,0.87,-2.54,0.7,3.01,-0.6,0.25,0.19,0.67,0.97,-1.41,3.42,-0.07,-4.17,0.34,-0.46,-0.17,1.5,0.53,-3.39,25
1.12,0.62,0.69,-2.92,2.23,-1.44,-2.1,-4.22,0.54,-0.93,-0.79,-1.24,-1.2,2.66,2.02,-0.33,-1.27,1.34,0.05,-0.07,0.01,0.88,-0.75,-1.61,-2.02,-0.13,2.62,-0.99,0.68,1.01,-1.81,0.08,42
-0.67,-0.75,-0.68,1.06,0.61,1.82,4.28,-3.87,0.92,6.37,-0.38,0.31,-1.53,-0.15,1.56,-0.57,-9.08,-0.36,-0.09,2.28,-2.21,1.28,5.14,-6.1,2.06,1.57,-0.78,-0.78,0.39,2.46,0.28,-3.24,20
0.04,1.86,-0.82,-1.71,-0.48,1.81,5.0,-1.25,0.98,-2.85,1.66,0.04,3.01,0.88,-2.46,2.32,-0.55,-0.01,0.38,0.22,-0.74,0.84,3.23,-0.91,-3.05,1.42,-0.18,-0.67,0.2,-1.16,-0.38,-0.48,34
-1.3,0.38,-1.23,3.03,1.47,-2.9,-4.12,-5.94,-1.38,-4.63,0.53,-0.38,-2.62,0.62,0.32,2.04,3.03,-0.39,-0.81,1.13,-4.81,0.19,0.1,3.62,0.84,-2.9,-1.7,-0.59,-0.06,-0.65,-0.26,-2.34,59
0.69,0.3,1.53,2.81,-1.58,1.14,-3.09,-9.3,-1.26,-2.68,-0.38,-0.42,3.45,-1.53,2.46,-3.02,-3.57,-1.02,0.16,-0.82,3.71,0.13,4.18,6.64,0.93,5.14,0.46,-1.19,-0.68,1.29,0.39,2.01,35
1.13,1.37,1.62,3.87,1.96,-1.73,4.53,-3.98,-0.57,0.89,-3.07,0.12,2.83,0.28,0.23,0.99,1.88,2.04,-1.64,-1.51,0.55,0.49,1.07,2.48,-4.42,1.32,-0.4,-0.56,0.71,0.48,0.67,-2.26,57
0.96,1.28,1.14,-3.51,-0.78,0.85,-1.61,1.12,0.72,1.5,-0.24,0.59,0.2,-0.46,0.98,-1.35,-2.17,-0.92,-0.76,-3.15,-0.28,0.08,-3.55,-4.44,1.85,0.02,-0.12,0.61,0.21,-3.05,0.86,-0.08,26
0.19,-0.67,0.12,2.26,2.94,0.82,-1.66,3.08,-0.02,-3.3,-0.94,-0.43,-1.16,-0.16,1.37,-2.02,10.22,-0.33,-1.31,1.53,2.47,-0.84,-1.38,1.33,1.56,-0.77,-0.23,-1.65,0.74,-1.41,-1.01,0.95,63
-0.97,0.1,0.06,1.06,-2.65,0.11,-2.9,0.08,-1.55,-3.59,-1.28,-0.39,0.83,1.56,3.23,-2.99,-2.35,-1.69,-1.41,0.24,-4.25,-1.56,-2.08,3.77,2.1,0.42,-0.12,-1.97,0.19,-0.38,0.66,-1.48,54
0.49,0.32,2.3,1.92,-2.73,1.55,5.07,2.21,-0.56,-3.44,-1.27,-0.58,-0.28,1.86,2.95,0.51,4.54,-1.11,1.31,0.11,-0.34,-0.02,0.21,-0.83,-0.56,0.65,-0.56,1.62,-0.65,-1.41,-1.62,-0.93,53
-1.37,-0.41,-0.6,2.5,5.15,1.51,-1.2,-2.9,-0.3,-4.06,-0.06,1.7,-2.26,0.96,-1.61,1.93,5.6,-0.28,0.15,3.37,-2.61,-0.83,0.27,5.16,0.26,1.73,0.87,2.67,1.54,5.88,-0.03,0.97,0
0.28,-1.42,0.33,3.98,-0.34,-0.11,6.93,0.41,-0.87,-1.81,2.06,-0.72,1.32,-0.89,3.95,3.88,5.9,-0.43,0.43,-4.43,-3.06,0.74,-1.73,4.89,-1.15,3.94,0.33,0.81,-1.31,2.34,0.64,0.93,37
-0.28,0.22,-0.89,-3.13,-1.78,2.52,-3.09,-2.38,2.07,2.86,0.66,0.01,-2.17,0.81,-1.49,-1.68,-9.36,1.65,2.37,-2.29,0.17,-0.92,0.76,0.05,2.08,-0.83,2.53,-0.62,1.4,4.39,0.74,4.41,52
-0.59,0.09,-0.0,2.96,2.57,2.15,2.83,0.2,-0.85,-0.07,0.72,0.01,2.34,-0.78,-0.93,-0.92,2.76,0.3,-0.17,-1.33,-1.2,0.88,-2.44,2.33,-0.33,3.13,-0.35,1.18,1.12,1.63,-0.97,-1.06,7
-0.71,-1.67,0.17,0.84,0.25,-1.34,-0.91,-0.37,0.25,-1.33,0.46,-0.37,-0.21,0.79,6.63,0.19,4.1,-0.48,0.1,0.89,-1.09,-0.65,-0.32,3.77,-0.9,0.07,-0.29,0.64,-1.43,0.88,0.64,-1.58,57
0.94,-0.52,0.73,-0.44,-1.39,0.55,-5.86,-6.08,-0.34,-1.87,-1.96,-0.08,2.05,-1.36,-4.3,-0.27,-8.22,0.06,1.4,4.68,-3.29,-0.28,1.31,-1.01,0.82,0.51,1.49,1.57,-0.62,-2.14,1.51,-2.53,16
-0.76,-1.02,0.37,2.24,-1.27,-0.19,-10.35,3.34,-1.04,-2.82,-1.53,1.32,0.26,-0.32,3.84,-0.74,7.55,0.11,-0.04,3.13,2.34,1.39,-1.89,3.54,2.52,-6.84,2.26,0.78,-1.76,-1.47,1.01,2.17,52
0.01,-0.52,0.35,0.84,2.45,2.16,-3.19,-3.1,0.11,1.14,0.84,0.09,-1.9,-1.11,1.12,-1.61,0.52,-0.67,1.96,3.77,0.62,-0.96,2.29,-1.2,0.83,-3.39,-0.68,1.92,0.12,1.74,-1.24,-2.77,1
-0.5,-0.04,-0.54,-4.7,2.96,2.1,-1.53,1.89,-1.16,-2.63,-0.17,-0.66,-0.51,-0.12,-3.2,-1.85,1.54,-0.7,0.97,-2.05,-0.74,-1.08,-5.71,0.25,-3.19,-0.56,-0.71,0.83,-0.12,1.37,-1.36,3.81,45
1.17,-0.91,0.17,1.92,1.48,-3.97,-0.61,-0.2,2.06,-0.81,0.74,-1.33,-0.55,-0.15,-1.12,2.85,5.89,-0.28,-0.99,-1.25,3.16,-0.91,0.94,1.01,2.71,-0.38,-0.46,0.49,-0.41,-0.3,0.6,-3.99,9
0.54,-0.59,0.12,1.22,2.56,2.04,3.18,-1.87,-0.08,1.14,-1.44,0.42,-2.07,-1.48,-2.1,3.24,9.2,-0.06,-1.81,-3.58,-3.18,-0.66,-4.79,5.03,-2.11,2.52,-0.8,-0.76,0.08,-1.66,0.02,-5.12,4
0.97,0.82,0.29,-0.35,-4.65,3.55,6.22,-3.65,-1.92,-0.95,-1.14,0.0,1.35,2.32,1.86,0.54,0.8,-1.13,0.2,-5.4,-1.37,-0.79,-0.36,5.16,-5.07,1.15,-1.86,0.41,0.26,-1.75,0.06,-3.38,54
0.03,1.7,-0.12,-4.0,-1.4,1.0,-3.27,-3.09,-1.34,1.48,0.95,0.31,0.62,-1.0,2.4,-2.3,-10.15,0.08,-0.81,-0.71,-1.23,-0.35,1.55,0.12,0.52,-0.31,-1.09,-0.74,-0.62,3.26,0.54,2.1,63
-1.53,1.36,-0.38,0.95,-3.75,1.34,-0.23,1.77,0.5,3.64,-1.83,0.7,4.88,0.56,-5.55,3.9,-5.04,0.06,-1.56,2.3,-1.42,-0.88,4.94,3.57,1.69,-0.73,-1.03,0.37,-0.83,-0.93,-0.39,-4.12,23
0.77,-0.87,2.17,-2.06,-1.3,4.79,-2.66,-2.75,-0.48,1.87,-0.2,-0.75,0.3,0.66,-0.32,1.28,3.48,-1.1,-0.31,-0.51,3.17,0.92,-1.26,0.49,-2.18,-1.26,-0.34,-0.52,-0.45,-2.01,-0.23,-1.36,37
-0.04,1.09,-0.17,-0.18,0.28,2.17,10.11,-0.34,0.97,-2.12,0.38,2.16,1.58,-0.55,1.18,-3.73,-3.33,-1.42,1.31,0.04,-1.44,1.94,4.46,-4.93,-2.95,-1.69,2.39,-0.74,-1.18,0.49,-1.38,-6.75,28
1.61,-0.05,1.8,2.17,5.58,1.94,6.39,-0.64,0.14,2.36,-0.61,0.52,-6.34,-0.81,-1.3,-0.58,9.41,-0.75,-0.39,-3.45,1.25,0.88,1.77,0.21,-0.44,-2.2,-0.27,1.15,-0.95,0.04,0.16,-0.05,19
-0.75,-0.93,-0.57,-3.31,0.29,0.29,-7.18,-0.09,0.78,4.25,-0.31,0.3,1.79,1.62,-0.53,-1.57,-9.2,1.36,-1.07,-3.31,-2.69,-0.12,0.04,-1.39,5.95,-1.94,-1.76,-1.58,0.35,-1.4,-0.03,5.07,27
0.65,0.31,1.12,4.06,2.12,-0.53,3.39,1.62,0.23,1.24,-2.02,-0.41,2.72,-0.12,2.22,2.13,3.85,0.53,0.21,-2.39,0.26,0.03,-1.33,-2.24,2.86,3.32,0.79,-0.15,2.23,0.51,0.91,1.05,60
2.18,-0.77,0.43,-3.03,-1.06,0.79,-0.26,-1.11,-0.5,-1.38,2.17,-0.41,-0.81,-0.25,-1.94,-3.86,-8.83,-0.55,-0.28,-0.62,-2.09,-1.17,1.15,-2.25,0.46,-1.4,0.75,-1.57,-0.7,0.81,0.32,1.4,58
-0.84,-0.11,-0.87,-2.53,0.98,-0.64,-3.31,-2.79,-0.04,-3.81,-0.42,-0.51,-0.19,-0.75,-1.76,-0.82,1.08,0.94,-1.66,-2.88,1.88,-2.17,1.01,0.47,1.2,-4.51,-0.68,-1.54,2.11,-0.29,-3.05,-2.29,0
-0.27,-2.15,0.11,-1.54,0.22,-0.54,0.85,1.65,0.43,3.1,-1.25,0.85,1.89,-0.44,-1.33,0.78,-0.96,-1.27,-1.32,-2.22,0.68,0.54,-0.44,1.42,0.45,2.07,-0.06,-0.21,0.99,-0.34,0.19,-1.5,10
-0.25,0.91,0.71,-3.27,1.05,0.08,-4.26,1.94,-0.31,4.07,0.45,0.08,-1.75,-0.31,1.24,1.37,-1.69,0.32,1.44,-0.36,-0.72,-3.03,-1.3,0.26,3.62,2.75,1.63,0.87,0.73,0.74,0.96,5.03,4
0.27,-1.01,0.03,2.41,0.41,-1.41,-0.08,-0.63,-1.57,1.42,0.74,1.36,2.76,1.06,-1.13,-1.16,-2.61,-0.56,0.97,2.3,-1.68,-0.59,-0.71,-0.43,-1.06,3.55,-1.1,0.65,0.57,-3.53,-0.18,0.83,38
-0.93,0.19,1.7,2.46,2.92,2.4,-2.02,-1.03,0.44,-0.5,-0.18,-0.68,1.41,-1.05,-2.87,-2.8,-1.6,-0.89,-1.49,1.89,-1.32,-0.18,0.75,-2.36,1.94,-3.1,1.05,0.54,2.7,0.33,0.49,-0.19,55
0.08,0.42,0.07,1.87,-2.84,-4.08,6.23,-2.05,1.17,2.29,-0.32,0.48,1.93,0.2,1.37,3.41,-4.84,-0.82,-0.33,-3.0,-2.31,0.66,2.66,-0.74,-3.07,-0.98,-0.46,0.07,0.42,-0.39,0.3,-2.46,56
-0.86,-2.92,1.77,0.02,-1.48,1.41,-3.16,-2.82,0.89,-1.18,1.25,-0.25,1.08,-1.54,0.51,0.53,0.41,0.39,-1.45,1.98,0.24,-0.17,1.29,1.37,-0.74,0.42,-0.78,-0.58,1.62,-3.1,0.28,2.15,11
0.96,1.05,1.57,-4.68,-1.67,0.36,-5.25,-4.2,-0.8,-1.74,-1.21,0.73,-1.26,0.66,0.65,5.44,3.85,-0.67,-0.93,-1.54,3.44,0.1,3.0,0.71,3.31,1.72,0.08,-0.58,0.75,-3.98,1.61,2.83,27
-2.33,0.26,-0.41,3.09,-7.14,-7.81,-2.22,-4.05,0.62,-3.01,-0.7,-0.01,4.19,-0.01,2.76,-0.88,-6.34,0.52,-2.21,-5.28,1.73,0.57,3.37,6.35,2.0,-2.53,-0.93,-1.13,-0.06,-1.59,0.14,-5.6,35
0.02,0.65,-1.59,-4.16,1.58,-6.77,2.46,3.48,-0.27,5.14,1.92,1.16,-0.4,-0.67,-3.96,5.71,-3.1,0.19,0.9,0.51,-1.9,1.29,4.63,3.31,-0.79,4.98,1.18,-0.38,-1.85,-2.09,-0.22,3.77,23
-1.07,-0.2,1.65,-6.71,0.13,4.01,6.58,3.26,-1.76,0.66,0.15,-0.68,-3.03,0.94,0.5,1.89,0.71,0.69,-1.04,-4.31,-2.23,-0.46,3.09,-2.62,1.45,1.25,-0.39,1.31,-0.43,-1.8,-0.96,3.97,54
0.76,0.46,-0.79,-0.33,-0.6,1.55,-3.22,0.98,-0.24,0.39,-1.12,0.15,0.99,0.36,1.51,-0.37,0.35,-1.25,0.7,0.62,-0.39,-0.82,-1.01,0.57,0.98,-0.91,1.47,-0.18,1.75,-0.81,0.01,1.74,6
0.54,-0.77,1.26,-1.55,1.83,-0.27,-5.08,1.02,-0.03,-0.21,-1.79,-1.82,0.6,-0.03,-6.25,-0.69,-2.53,-0.34,-2.28,1.21,-3.12,1.06,-1.15,-1.74,2.82,-2.36,0.45,0.13,0.43,-3.87,0.37,-0.13,0
-1.36,-0.35,-0.0,-1.95,-1.66,3.82,-8.69,-1.27,-2.2,2.36,1.16,-2.48,-0.72,0.2,1.58,-1.37,-1.41,1.24,0.14,1.36,3.41,-1.17,-0.93,2.44,5.04,3.87,0.42,0.34,-0.66,0.38,-1.78,4.27,11
-0.55,-0.59,1.82,0.8,-2.56,0.62,-3.52,-2.79,0.39,0.52,1.61,1.65,0.22,0.6,3.23,-0.47,-3.59,-0.24,-0.62,-0.74,1.49,-0.63,-0.08,-0.32,2.38,-0.24,-1.62,0.3,-0.71,2.25,-1.54,1.04,52
-0.58,-1.95,-0.78,3.09,1.57,-1.8,4.67,0.15,1.29,-2.03,0.47,1.88,0.98,1.91,0.61,1.62,2.22,0.69,-0.12,-3.61,-3.73,-0.32,-2.44,0.32,-4.17,-1.85,-0.03,-2.32,-0.95,0.64,0.57,5.13,44
0.37,-0.89,0.02,5.1,0.13,-1.19,0.56,0.49,-1.12,-3.35,-1.1,0.38,-1.08,0.58,-0.07,-0.49,3.02,-0.05,1.52,1.06,2.87,-0.23,-0.39,-4.63,2.31,-2.04,-0.64,1.05,-1.85,1.62,0.5,1.03,9
0.21,-0.85,1.2,-2.28,2.37,-0.05,3.01,8.71,1.92,-2.11,0.83,-1.3,0.34,0.11,1.15,-2.75,2.68,0.74,1.06,-2.11,-3.69,0.86,-0.54,5.01,2.57,1.33,-0.3,0.07,0.73,1.45,0.42,1.36,11
0.16,-0.34,-0.52,-0.31,0.61,-5.14,-0.13,-2.6,0.14,-1.43,1.78,1.06,-2.9,-0.49,-1.79,3.15,-3.51,-0.16,-0.36,-2.55,0.09,-0.37,-1.47,-4.64,3.54,0.81,-0.16,0.74,-0.46,4.29,0.47,-2.0,37
-1.59,-0.72,1.32,1.1,3.8,-1.7,9.62,-3.66,-1.29,-2.61,-0.62,2.21,-2.26,-0.62,-3.7,-3.65,3.2,0.23,1.85,-5.91,1.58,0.51,2.77,0.88,-3.32,2.0,1.04,-0.51,-0.93,-2.8,0.34,-0.31,47
0.66,2.24,-1.3,-0.17,-0.76,0.38,7.64,0.54,-1.08,-3.91,-0.15,-1.45,0.26,-0.13,0.78,1.93,-1.62,0.56,-1.58,-0.87,-2.77,-0.8,3.64,-3.91,-4.14,-4.09,0.03,-0.76,0.54,1.71,0.26,4.06,8
-2.09,-1.2,0.21,-0.92,-2.61,-2.54,-1.52,2.6,0.49,-1.11,0.83,1.47,-1.78,-1.23,-2.05,1.62,5.23,-0.67,0.48,-3.12,4.49,0.2,-2.51,-0.34,-0.37,-2.3,0.65,0.04,-2.08,-3.87,1.55,1.84,25
0.26,-1.38,-0.7,-2.16,0.32,-3.15,-6.24,0.74,-0.76,-1.87,-0.86,-1.03,-1.27,-2.59,0.85,1.32,6.3,0.54,2.13,1.26,4.38,-0.67,-1.15,-0.45,1.14,-1.55,-0.06,1.67,-1.54,-3.54,-0.53,-0.49,46
-1.46,0.89,-1.64,1.73,2.91,1.25,0.05,-0.11,0.78,-0.05,1.28,-0.08,1.61,-1.15,0.46,-1.03,0.18,-0.86,0.02,0.09,0.22,0.01,-0.6,-2.59,1.04,-1.42,-1.22,0.74,0.1,3.04,-0.13,-0.23,6
0.31,-1.19,0.71,0.74,-1.2,-0.94,-1.94,-2.7,-1.1,-0.72,-0.21,-0.73,4.98,0.35,-2.07,-2.14,-8.14,-0.7,0.4,0.29,-0.13,-0.03,-0.89,-1.98,-4.05,-3.83,0.9,2.3,0.21,1.28,0.57,0.22,45
-1.01,-0.46,-1.17,2.6,-1.05,2.66,7.98,4.24,0.84,-5.93,0.25,-2.26,-4.96,-0.73,-1.09,-4.35,4.96,-2.57,1.27,-2.76,-3.14,-1.24,-1.91,1.7,-0.39,-1.47,-1.2,0.16,0.75,0.45,0.95,-0.14,49
0.62,-0.31,1.54,2.36,-1.49,1.66,-2.8,1.69,1.17,-1.06,-0.77,1.46,0.99,1.2,-1.29,0.35,3.7,-0.3,2.29,0.76,-1.38,1.22,-2.5,2.06,1.05,-2.04,-0.15,-1.23,-0.38,-2.71,-1.38,-1.39,49
-2.06,-0.56,-1.55,-4.64,-3.87,0.38,-4.5,-0.98,-1.04,-1.22,1.28,0.2,2.82,-0.35,3.37,-3.42,-7.44,1.9,-0.23,-1.43,-1.94,-1.27,0.62,2.35,-0.4,-0.86,-1.07,1.4,-0.42,-3.34,-0.88,2.74,26
0.52,-0.34,-0.16,1.83,2.21,2.09,-0.84,-3.64,0.69,-1.21,-0.73,1.06,6.94,1.19,2.99,-0.42,2.79,1.0,1.31,-4.36,-0.4,1.25,-3.02,-0.22,-3.05,-2.9,0.3,-1.46,-1.33,-1.59,-0.72,0.33,56
-0.1,-1.45,0.34,-0.95,1.12,0.52,-9.56,0.62,1.02,-3.26,-0.31,0.2,2.07,1.25,-3.0,5.12,5.0,-0.32,0.23,-1.18,-0.74,0.13,-2.88,-1.0,5.63,-4.51,-0.16,-0.6,0.45,-2.13,-0.86,2.75,52
0.28,0.3,0.98,0.69,0.48,1.36,1.91,1.06,0.09,-4.12,0.97,0.35,1.29,-0.94,-4.74,-3.53,-1.18,-0.71,0.0,3.08,-0.28,1.72,1.38,-0.58,-1.97,-0.62,-1.17,-0.36,-0.47,-1.06,-0.48,-0.43,38
0.68,-0.38,-0.03,1.59,1.58,-1.08,0.77,-1.78,1.18,-4.24,1.85,-1.57,-0.05,-0.2,0.32,-0.92,7.66,-0.06,-0.74,1.22,5.92,-0.98,-1.9,0.67,-3.16,3.56,1.89,0.29,-0.56,0.02,0.77,-0.51,9
-0.38,-1.64,0.56,2.65,-1.09,0.55,-10.49,-6.49,1.26,-0.32,-0.73,-0.47,1.77,0.37,-0.7,0.16,1.37,1.72,-1.3,0.57,2.94,-0.16,-3.25,-1.23,2.95,-2.81,1.28,1.47,-0.44,-3.47,-0.17,-3.39,27
-0.98,0.48,1.66,2.85,0.65,0.28,1.96,1.39,-0.01,-0.03,1.36,0.33,-2.29,-0.25,0.23,1.95,-2.0,-1.87,1.19,0.69,-3.27,-0.77,-2.03,-2.14,4.43,4.8,0.45,-0.67,0.17,5.39,1.96,3.31,50
1.48,2.04,-1.61,2.89,0.92,-2.83,-1.35,0.11,0.63,-4.15,-0.06,0.31,-0.06,0.76,4.41,0.97,3.4,1.15,-0.83,-0.35,-2.57,-1.55,-4.88,-0.51,2.81,2.95,-1.39,-0.26,-1.48,1.73,-0.93,-0.39,50
0.02,-0.62,0.7,1.84,0.36,1.58,5.01,-1.09,-0.78,-1.25,-1.62,0.21,-1.29,0.86,-0.61,0.31,0.33,0.03,-0.68,-5.28,-0.91,-1.26,2.25,2.92,2.92,1.2,-0.14,0.31,0.21,3.64,1.2,1.48,47
-0.42,-0.21,0.6,-2.74,-0.64,0.84,-8.04,-2.93,-0.57,2.99,0.58,1.5,-1.35,2.67,-0.09,-4.54,-5.09,2.19,-0.08,0.13,2.35,1.56,-0.22,3.24,1.3,-2.14,0.47,-0.14,0.73,0.71,-1.39,-1.19,42
-0.68,1.13,0.27,-2.01,-2.67,1.26,-8.57,-4.31,-1.74,2.29,0.15,-1.68,-3.44,-1.53,3.18,7.91,9.63,-0.12,-0.25,0.64,6.38,-0.2,-2.07,3.07,1.94,0.85,0.36,0.04,-0.79,0.22,-1.53,-3.27,62
0.64,1.12,1.18,-0.21,1.65,2.27,3.69,1.66,-0.73,1.84,-0.49,-0.07,-3.08,-0.31,1.79,3.59,4.49,0.91,-0.7,-3.47,-3.67,0.03,-3.54,-2.94,1.13,0.05,0.57,-1.11,2.01,0.84,-0.46,1.33,50
-1.47,-0.06,1.34,0.09,-1.83,-2.13,-0.33,-0.39,-0.72,-1.74,0.6,1.65,-1.23,3.09,-0.75,1.03,1.22,1.36,0.44,3.43,0.46,0.29,1.65,1.07,-1.03,3.4,1.01,-1.28,-0.12,-4.2,1.21,1.68,11
-2.06,0.9,1.06,-3.6,0.23,-0.55,-8.87,-3.79,0.22,2.56,-1.55,1.14,1.37,-0.69,-0.02,2.76,-0.7,0.35,-1.48,-0.78,3.7,0.96,1.16,2.55,1.42,-0.96,-0.94,-0.08,-1.93,-0.55,-1.06,2.62,25
-0.46,-1.12,0.26,2.32,1.07,2.31,10.29,1.59,-0.87,-2.24,-1.31,1.06,-6.1,0.95,-1.38,-1.31,1.98,2.36,-0.41,-1.22,-0.52,-2.06,-0.15,-4.28,-0.66,0.32,0.27,0.12,1.01,5.52,1.02,-0.47,42
2.73,-0.26,0.78,-1.65,-4.05,0.82,2.31,2.32,-1.32,-5.33,0.35,-0.64,-0.26,-0.85,-4.43,-2.58,-2.03,-0.21,-1.42,1.35,2.51,-1.6,-1.39,-0.52,-1.65,2.3,0.99,0.63,0.71,0.43,-1.22,-1.92,34
0.95,-0.57,-0.41,-2.87,0.83,-4.94,0.73,-0.21,-0.39,0.44,0.36,-0.96,-3.69,-0.85,0.78,1.76,1.83,-0.56,0.03,-2.74,0.61,-0.47,-1.24,0.39,-2.44,-1.13,0.47,0.16,-0.68,-0.11,-1.11,-0.32,9
0.75,0.26,1.34,-0.18,-1.65,2.98,-4.48,1.62,0.49,-1.86,0.52,-0.73,6.07,-1.93,6.08,-5.47,1.26,-0.62,0.74,3.86,3.25,-1.48,0.1,-2.04,-1.1,1.03,1.28,-0.66,-0.31,-7.33,1.7,4.92,30
0.47,-0.46,0.12,1.84,-3.54,0.25,-1.37,-2.1,-0.28,-1.16,-0.98,0.85,2.0,1.0,4.26,2.15,2.02,-0.65,-1.1,-0.15,0.68,-1.73,1.78,-0.55,1.42,-0.88,-0.56,-1.38,0.33,-3.94,0.46,-0.57,6
-0.5,1.75,-1.06,1.99,-0.03,3.8,5.75,0.05,-0.45,-1.68,1.01,-1.74,-3.25,-0.91,-2.51,-0.42,2.93,0.04,-0.5,-3.07,-0.17,-0.07,-0.97,0.52,-0.69,-3.99,0.2,1.28,1.17,5.76,0.82,-5.26,33
-1.09,-1.79,-0.55,-0.65,-3.56,-0.59,-3.47,-3.64,-0.35,1.7,-0.49,0.66,0.98,-0.53,2.74,-1.3,-6.23,-1.73,0.49,1.13,-1.28,0.31,2.08,3.28,0.16,1.17,2.63,-0.52,1.92,-1.93,-1.91,-1.24,42
0.68,0.22,-0.67,0.41,2.73,-0.2,-1.65,-1.73,-0.28,1.58,-0.63,0.32,-2.0,-0.27,0.27,-5.13,-3.24,-1.23,0.34,0.8,0.48,-0.08,-3.73,-5.99,1.63,2.64,0.76,0.08,-0.22,-0.74,-0.76,0.07,52
1.21,0.58,0.13,2.17,-6.9,-7.2,4.28,3.83,-0.81,-5.37,0.94,0.71,-1.24,0.17,0.44,0.87,-2.41,-0.59,-0.23,-5.1,-3.66,-0.99,3.66,9.44,0.42,-1.73,1.84,1.48,-0.45,-1.07,0.47,3.9,44
0.14,-0.95,-1.25,0.22,-3.19,0.4,8.77,4.76,-3.21,1.65,-0.24,0.41,0.34,0.31,3.49,1.66,-3.23,1.24,0.15,-2.01,-2.14,0.19,3.61,0.55,-0.71,-0.55,0.47,1.15,-0.82,4.38,0.23,0.15,18
2.69,0.1,0.8,2.21,-3.4,-2.95,3.98,1.67,-0.45,2.24,1.57,1.24,0.31,-0.57,-2.04,0.27,-7.34,-0.86,-0.92,-2.19,-1.81,-1.4,-1.39,1.45,0.15,2.78,-0.25,-0.16,1.04,3.62,-0.6,-1.25,24
0.69,0.91,0.36,-3.68,6.76,0.14,-3.31,4.9,0.5,4.23,-0.86,-0.58,4.15,-1.27,4.13,-1.5,3.21,-0.47,-0.58,3.34,-2.72,-0.03,-4.48,-0.5,-2.64,1.06,-0.06,-0.66,-2.97,-1.32,-1.35,-1.12,12
-0.28,1.27,0.13,0.47,4.2,-2.4,3.05,-1.14,-1.51,3.0,1.44,0.59,-5.22,-0.02,1.57,1.61,3.29,1.73,0.45,-3.61,1.46,0.87,3.83,0.18,4.23,0.1,-1.0,1.56,-0.23,3.35,-0.99,-0.32,51
-1.47,-0.34,0.69,-1.21,1.76,-2.45,3.18,-1.9,1.83,-1.24,-0.28,0.05,0.18,0.24,-3.43,5.15,3.22,0.81,-1.7,-0.7,2.53,0.17,2.32,-1.58,-3.5,-1.73,0.68,0.81,-1.22,1.15,-0.38,-1.78,31
-0.55,-0.58,0.53,-1.19,0.42,-0.68,-5.62,-1.89,2.3,1.91,0.59,-0.11,-1.89,0.93,-0.57,1.61,-0.78,-1.26,-0.47,1.55,1.04,-2.31,1.23,0.84,1.88,-0.99,1.36,0.6,0.45,0.25,-0.13,2.19,14
-0.78,0.29,0.27,2.51,2.83,-0.37,-2.48,0.67,0.28,-0.51,-0.91,-0.54,0.9,1.74,2.34,0.81,9.62,-0.16,1.16,0.91,0.94,-0.09,-0.97,1.38,0.36,-1.23,-1.37,0.19,0.78,-4.17,1.08,-0.15,55
0.25,0.9,1.03,2.4,-1.24,2.3,2.57,-1.3,-1.68,-2.27,-0.41,-0.8,-1.91,-0.18,-0.6,-2.72,-3.11,0.44,0.39,-1.25,-1.4,-0.73,0.18,-2.13,3.83,1.99,0.62,-0.87,-0.67,1.46,0.75,0.57,44
-0.3,-0.46,0.72,-2.09,-0.28,-0.5,-0.68,-2.96,0.47,-1.19,-1.65,-1.59,2.28,1.51,0.56,-4.02,-5.74,0.63,-0.93,-4.09,-3.21,0.05,-2.42,0.92,-1.51,-0.01,-0.57,0.75,0.97,-2.22,-0.08,-0.78,63
-2.49,-0.62,-0.39,0.06,3.2,-1.77,-2.33,-1.96,0.15,-0.88,1.41,-0.62,-0.89,-1.15,-1.62,0.31,-1.73,-0.17,0.99,1.67,0.26,0.09,2.01,0.45,1.63,0.46,-0.75,-1.26,-1.14,3.75,1.21,1.92,0
-0.17,-0.81,-1.05,0.06,2.69,0.47,-9.07,-5.44,1.25,2.53,0.62,-1.01,0.07,-0.82,-4.62,0.97,-4.71,0.38,-2.05,-1.66,0.6,1.33,-0.2,-1.57,4.2,-3.82,-1.09,-0.46,0.89,1.52,-0.68,4.47,21
-0.81,-0.58,0.47,-0.1,-2.17,-0.21,-4.16,-0.04,-1.38,-1.56,1.42,-0.7,3.16,-1.8,-1.76,3.42,-0.24,-0.34,1.31,-0.86,-0.31,0.33,-0.3,1.08,-0.72,-2.37,-0.3,0.19,-0.3,-2.57,-0.55,7.04,15
-1.45,-0.29,0.85,3.72,-0.79,1.14,5.61,3.58,-1.03,-4.07,-1.08,1.17,-2.77,0.06,-4.28,1.3,6.16,-0.36,0.68,0.71,0.04,-0.12,-0.6,0.44,0.06,1.89,0.34,0.29,0.49,0.12,-1.84,2.21,20
-1.21,-0.51,1.0,-2.8,2.74,0.18,7.2,3.71,0.3,0.33,-0.99,1.83,-0.05,1.16,3.0,-3.24,-0.76,-0.77,-0.03,-4.23,-4.48,0.27,-1.15,2.43,-1.75,3.5,1.53,-1.45,-1.05,1.1,0.82,1.21,37
1.17,-1.98,-0.05,-3.3,-4.22,1.2,4.91,-2.8,0.22,3.04,-0.03,-0.77,2.7,-0.09,2.81,7.22,0.89,-2.63,1.45,-6.62,-0.14,1.64,-4.06,-0.44,-8.37,-2.83,-0.1,0.31,-0.14,1.08,-0.26,-4.47,3
-0.35,0.39,0.58,-0.03,2.19,-2.77,-2.14,0.69,-0.11,-2.42,-0.89,1.99,0.06,1.07,3.43,-0.2,5.45,0.42,0.05,0.17,0.61,1.06,-2.91,1.51,0.41,3.97,0.74,0.4,-0.36,-1.74,1.56,2.3,50
0.46,1.72,-0.89,1.34,0.37,1.04,3.26,-0.44,-0.58,-1.68,1.37,0.59,0.72,1.39,1.03,1.96,4.13,-0.83,1.3,1.83,1.87,-0.46,0.85,-3.55,-3.82,-1.78,0.59,-1.63,-0.91,0.03,0.55,0.58,50
-0.0,0.13,-0.75,0.74,-1.11,-2.02,0.34,-3.51,0.14,-3.71,-0.24,-1.01,-3.85,-1.43,0.74,0.44,1.05,0.21,-3.33,1.63,2.05,0.64,-1.29,-1.78,-1.23,1.78,1.08,1.5,-0.1,2.3,0.44,-1.66,21
-1.69,1.12,1.25,-4.75,-1.27,-3.97,-0.09,0.06,-0.52,-1.07,1.93,1.82,-2.47,-1.64,5.28,-1.75,-0.35,-0.31,0.09,0.92,3.23,-2.58,-1.55,-1.13,-3.15,3.11,0.5,-0.61,0.89,-0.07,-1.1,-1.77,45
-0.1,-1.25,0.09,0.5,3.81,1.36,3.99,2.73,0.46,2.7,0.13,-1.49,2.29,0.24,-2.84,-4.94,3.08,0.58,0.34,-3.49,2.12,-1.06,0.87,3.21,-3.59,0.03,-0.42,-0.27,-0.09,-4.06,-0.86,4.8,34
-0.25,1.23,-0.04,-0.69,2.69,3.73,0.29,2.81,0.24,-4.3,-2.24,-0.04,0.06,0.25,4.26,1.39,12.91,1.32,1.86,-1.38,-0.58,-0.05,1.78,3.18,4.94,1.33,-1.4,-0.44,0.93,-3.85,-0.39,0.73,58
0.26,2.06,0.61,2.13,2.35,3.22,-3.58,-3.5,1.22,5.24,0.43,0.27,-1.84,-1.36,-3.17,0.13,0.59,-0.14,-0.41,3.49,1.65,0.99,-1.35,-2.62,0.63,1.37,-0.58,1.74,-0.05,-0.77,0.49,-0.02,51
0.13,-0.98,-0.88,0.91,-0.51,1.67,-0.24,1.09,0.75,-0.26,0.6,-1.1,-1.8,0.22,-2.79,-0.13,-0.5,-1.87,1.2,1.18,-0.15,-1.14,-0.22,-2.25,0.6,-3.34,-0.44,-0.56,1.34,1.34,0.07,0.14,49
1.56,-2.87,-0.85,2.55,0.96,0.87,4.66,4.39,0.22,-1.46,-1.27,-0.18,0.12,0.82,-0.47,1.79,7.13,0.93,-0.21,1.51,-0.76,-1.17,-0.67,1.13,0.42,3.76,0.58,-0.23,0.7,-0.81,-0.9,-0.42,23
-0.09,0.34,-0.73,-3.7,-5.51,-0.36,-5.72,-2.23,-0.96,0.33,-0.89,1.66,3.01,0.46,-0.94,0.5,-7.24,-0.86,1.04,0.54,1.05,0.14,-0.56,4.11,0.58,4.92,-0.42,1.98,-0.35,-1.64,0.65,-0.39,43
0.42,0.44,0.36,-0.33,-1.87,-3.23,9.57,0.89,0.54,-0.62,-0.03,0.27,5.0,1.34,-3.73,-1.68,-8.17,-0.84,2.1,-3.82,2.04,-1.15,4.35,-0.47,-0.39,6.79,-1.27,-0.97,1.18,0.25,-2.05,-1.88,15
-0.33,-0.24,0.02,-1.8,-0.53,-2.33,3.49,-1.94,0.65,1.22,0.65,0.87,3.71,-0.37,-0.63,1.0,-10.9,0.99,0.39,-1.3,-2.19,-0.15,3.91,-3.57,-0.51,2.15,1.84,1.06,-0.03,1.14,-0.1,2.78,55
-0.02,-0.43,-0.17,-1.88,3.65,0.09,-9.84,0.12,1.19,0.6,0.42,1.22,3.39,-1.27,4.19,-2.38,0.81,0.08,0.92,1.79,-0.9,0.73,-1.26,-0.91,2.06,-5.6,-0.22,-0.74,1.08,-2.15,-1.32,0.3,55
0.44,-1.71,-0.35,1.33,-2.23,-2.24,0.93,-0.27,-1.4,-1.47,-0.93,-0.18,0.07,0.44,-0.88,-0.57,-2.72,-0.93,-0.14,-0.64,-1.57,0.17,0.27,2.31,1.18,1.61,-1.3,-1.32,0.44,-0.25,-0.59,-2.46,25
2.72,-0.12,-0.47,1.62,-2.74,3.14,5.79,0.08,0.09,1.73,-0.74,1.36,-2.23,0.02,0.72,2.14,-0.66,1.52,1.27,-2.21,-2.18,-0.59,0.37,-1.67,1.89,2.35,0.78,0.38,0.18,0.75,0.44,-0.23,55
-1.41,-2.33,0.88,-0.43,1.28,-1.9,-2.18,0.05,0.94,1.34,-1.46,-0.73,2.42,-0.31,-2.4,-1.2,-5.78,-0.64,0.16,0.04,-0.3,-0.37,7.08,1.4,1.61,-3.65,0.57,0.42,0.98,-1.6,0.07,6.13,60
-0.76,0.26,-1.33,4.9,-1.65,-1.36,0.85,1.1,-0.29,-2.66,-0.06,-0.86,0.32,0.77,0.83,-0.9,-1.17,1.12,-0.65,1.22,-4.91,-0.13,-1.95,-0.93,0.57,-2.48,-1.19,0.12,-0.85,-0.48,0.46,-1.19,50
0.91,-0.14,-0.03,-2.36,-1.72,3.13,4.48,1.68,-1.07,1.9,-2.33,0.45,-0.13,0.76,-2.63,1.82,-3.05,0.79,2.62,-0.08,0.12,2.17,0.45,-5.04,-0.06,1.63,0.25,-1.76,1.06,0.51,-0.22,-0.94,22
0.85,-0.55,-0.6,0.53,-4.93,-5.71,2.13,1.52,0.49,-4.14,-1.7,1.3,4.53,-2.11,2.6,-0.48,-7.99,-1.29,-0.67,0.95,1.23,0.89,1.68,-2.47,-0.81,1.73,1.58,-0.26,-0.16,1.67,-1.0,-0.05,14
0.69,0.33,-1.2,1.53,-3.45,0.76,1.12,-1.02,-0.07,-4.5,-0.39,0.12,-1.57,1.79,-0.27,-0.27,-0.01,0.21,0.04,0.98,-0.54,0.37,1.26,1.41,-2.07,-2.79,-0.61,-0.99,0.0,0.57,1.49,1.27,42
-0.13,-1.56,1.07,1.6,-0.63,3.26,-0.13,0.6,-2.16,0.16,-0.54,-0.32,2.98,0.98,2.72,1.17,0.94,-0.07,0.51,-0.0,-0.59,0.2,1.05,2.64,0.02,0.45,0.58,1.05,-0.59,1.6,-0.49,4.99,6
1.3,0.26,1.02,0.94,0.67,-1.48,-0.19,-2.34,-1.44,1.16,0.82,0.51,0.78,1.82,-1.26,1.46,-1.37,1.56,0.67,0.48,0.33,0.75,-1.72,-0.47,-3.36,1.74,-0.82,0.61,1.06,0.54,1.16,2.87,39
-1.97,-0.6,0.78,2.52,-4.62,0.15,0.52,3.04,0.32,2.26,0.1,-0.29,-1.77,2.07,-6.35,5.97,-1.8,1.77,-0.03,1.18,-3.11,0.77,-0.18,-2.53,1.39,-2.72,0.09,-0.08,-0.21,-2.59,-0.23,2.81,20
0.12,-0.08,0.88,5.32,1.62,-0.23,6.01,1.26,0.91,-1.07,2.16,-1.27,-3.55,-0.63,3.6,1.19,6.11,0.64,1.23,0.38,-2.45,2.33,-2.63,2.66,-0.76,3.2,-0.61,0.75,1.18,5.82,-0.38,-1.02,52
-1.24,0.99,0.99,2.94,2.14,2.76,1.22,-1.24,0.47,-2.07,1.82,-1.63,0.8,-1.31,-0.21,1.45,5.36,1.32,-1.24,-1.04,1.79,-1.09,2.12,1.15,2.33,0.96,-1.22,0.96,-0.3,1.69,-0.42,3.22,35
-0.0,-0.24,-0.43,-1.29,3.8,-0.83,-10.33,0.8,-1.2,3.9,-0.06,-0.78,5.28,-1.89,-0.56,0.68,-1.84,0.41,-0.1,-0.94,1.51,-0.88,-4.25,-1.78,2.31,-3.35,-0.41,0.68,-1.54,1.09,-0.79,3.96,2
0.01,0.5,-0.76,0.3,0.82,0.57,-2.3,1.71,-0.13,1.09,1.78,0.63,0.72,-0.15,1.24,3.94,4.69,-0.66,0.47,0.79,3.97,-0.62,0.43,-1.46,2.01,-1.27,-1.39,0.36,-1.26,2.71,-0.38,1.33,60
0.98,0.11,0.34,3.54,-3.65,-3.94,2.95,4.41,0.36,-0.36,-0.77,0.24,-1.96,1.45,-1.94,2.43,-1.17,-0.25,-0.93,1.27,-1.52,0.39,-3.6,-0.99,-1.13,1.25,1.68,0.29,0.75,1.68,0.75,1.27,20
-0.14,0.33,0.62,1.29,-1.72,0.84,2.3,2.69,1.78,0.73,0.91,0.27,0.32,-1.29,-3.12,1.71,-0.73,-0.83,-1.07,0.73,-0.2,-0.41,0.55,-1.54,-0.54,-0.84,0.12,0.92,1.7,-0.32,-1.43,2.33,5
0.12,-0.53,-0.53,2.87,-1.71,-2.94,-5.79,-3.79,0.08,1.55,-0.32,-2.06,-1.89,-0.1,-1.06,-0.4,-10.55,0.6,0.26,3.33,0.75,-0.02,0.36,0.28,4.12,1.31,-0.29,0.21,1.45,8.86,0.68,-0.18,0
0.0,1.43,-0.05,1.05,-2.23,6.59,13.01,2.09,-0.6,2.58,-0.6,-0.74,-1.63,-1.21,-0.09,-3.29,-6.15,-0.66,-1.38,-2.51,-3.41,1.31,4.3,-3.45,-1.66,0.64,0.87,0.83,-1.42,1.39,-0.89,3.51,17
0.27,0.18,0.82,-1.37,0.0,-2.54,2.63,0.77,-0.84,0.48,0.47,0.11,-1.85,-1.36,1.51,-4.14,-0.71,-0.69,-0.57,-2.32,1.81,-0.92,2.25,-0.4,-0.56,-0.6,-1.29,1.34,-1.86,-3.41,-2.11,0.08,54
0.75,1.16,0.1,0.17,-1.47,-0.36,-2.66,4.82,-0.83,0.29,1.37,0.77,-1.25,-0.77,1.8,1.99,8.26,0.64,0.63,1.71,0.19,-0.64,-2.79,3.66,1.01,-0.35,-1.16,-0.32,0.32,-2.91,0.06,-3.28,31
0.9,0.52,1.47,-0.39,-2.02,-0.39,4.0,-0.28,-0.98,1.81,-0.47,0.41,0.73,1.63,1.08,-1.43,-5.26,-0.73,-0.09,1.53,-0.06,1.5,2.32,-3.18,-2.37,1.66,-0.43,-0.49,0.35,-1.6,-0.39,-0.56,56
1.65,-0.06,-0.46,0.79,5.42,-3.37,9.58,6.25,-0.84,0.28,-0.11,-0.09,-2.1,-0.1,-1.71,0.37,7.72,-0.1,0.88,-2.44,-0.6,0.23,0.28,3.69,-0.83,2.68,-1.16,-0.53,1.68,3.05,-0.77,-4.72,31
0.11,-0.38,-0.26,0.95,1.2,0.86,5.14,3.25,0.59,-0.71,-0.19,-2.26,1.26,1.51,-1.29,-2.7,-2.5,-0.62,-1.0,0.12,-3.38,-0.09,0.79,-2.04,0.61,-0.37,1.3,-0.96,-0.21,0.55,-0.17,-2.6,50
0.63,0.33,0.94,-0.21,3.47,0.75,5.04,-0.6,-0.57,-0.38,-0.07,0.27,-2.9,-0.48,-2.16,3.24,8.42,1.26,-0.92,-2.98,3.16,-0.25,3.51,-1.86,1.69,0.85,0.61,0.08,-0.75,-1.69,0.38,0.83,35
2.44,-1.27,-0.1,5.07,-3.83,-1.65,2.72,-1.83,-0.48,-3.15,-0.99,-1.11,-1.37,1.23,-0.02,-0.08,-1.64,-1.81,-1.33,-3.12,-1.46,0.09,-2.52,-1.5,0.76,-2.09,-0.94,1.01,-0.37,1.49,-0.88,-2.08,10
0.36,-0.84,-1.02,0.93,-2.34,4.67,-6.11,-5.0,-0.1,-4.28,1.43,0.37,-8.25,0.68,-1.66,-1.59,3.62,-1.46,-1.1,2.55,1.31,-0.67,-2.51,0.38,1.83,-0.6,-0.41,0.57,0.41,-0.47,1.74,3.86,29
0.57,-0.7,-2.33,0.09,-2.14,2.83,2.54,-3.15,0.43,2.8,-0.35,0.04,1.37,-0.58,1.14,-0.37,-0.63,-0.73,-1.43,-1.12,6.58,1.06,4.08,-1.44,-2.26,-1.73,-0.17,0.49,0.57,0.97,0.07,-2.32,38
0.81,-2.0,-0.04,-2.81,3.05,0.4,-19.95,-1.78,0.56,1.7,0.63,1.58,2.69,-0.46,1.51,1.25,1.49,0.83,-2.1,4.72,-1.26,0.13,-6.53,0.47,5.72,-2.04,0.02,0.17,-0.76,-2.83,-1.0,0.15,53
-1.84,0.07,-0.62,-1.79,-2.46,-1.93,-0.51,4.31,0.02,-0.07,0.32,-0.22,2.34,-0.26,-1.14,0.23,-3.9,-0.33,0.16,-1.2,-4.03,0.92,-0.37,4.78,-0.45,-1.55,0.92,0.94,1.31,-0.44,-0.91,-0.24,46
0.47,1.01,-0.94,0.62,-2.35,-0.23,3.79,1.81,-0.18,5.13,0.17,-0.92,1.22,0.72,1.29,3.45,-2.28,1.06,0.89,-1.61,1.89,1.37,1.77,-1.71,1.84,2.53,-0.47,0.0,-0.3,1.9,0.48,-1.23,38
-0.5,-0.89,-2.33,0.93,-1.44,2.81,4.11,2.87,-1.78,-3.33,0.28,-1.68,0.13,0.68,2.92,1.8,7.63,-0.79,-0.25,3.08,0.27,0.4,1.03,-2.66,-0.59,-0.17,-0.73,-0.37,-1.17,-2.6,-0.36,-3.46,50
-1.51,0.54,0.61,2.22,0.54,1.27,4.2,1.92,-0.22,-1.79,-0.54,0.14,0.51,-0.4,-0.45,0.92,2.49,0.05,-1.47,-1.6,-0.68,0.35,0.79,-0.39,1.33,-0.12,-1.44,-1.7,-0.36,1.73,-0.11,0.84,58
-0.66,-0.87,-1.24,0.57,1.39,-0.29,2.76,1.71,0.35,-2.59,0.0,-0.73,3.05,0.56,3.62,-2.62,4.75,1.56,-0.35,-1.15,3.24,-1.04,1.26,0.16,-2.68,-2.38,0.29,-0.3,0.51,-0.57,0.67,-0.74,35
-0.05,1.04,-0.38,-0.52,0.34,0.79,-6.21,-1.93,1.4,3.78,1.91,0.54,-1.14,-0.22,4.45,-2.87,-5.99,-0.16,1.29,4.26,-1.54,0.18,-0.32,1.51,2.51,2.89,0.18,-1.88,1.03,2.86,-0.83,0.71,0
-1.24,-0.65,-1.7,-1.73,3.81,-2.87,-4.98,-2.91,-1.22,-1.4,-0.76,-1.21,1.37,-1.49,-4.63,-3.49,-6.94,0.31,0.92,0.92,-2.61,-0.68,-2.33,0.58,-2.6,-3.68,0.29,-0.58,-0.51,2.96,-0.18,-1.83,42
-1.69,-0.26,-0.82,-0.12,0.55,-1.83,4.98,2.7,0.88,-1.65,-0.37,1.09,-0.65,-0.8,2.49,-0.29,4.95,-0.93,0.3,1.25,3.65,0.34,0.86,-0.42,-4.28,0.59,0.68,-0.98,1.3,1.16,0.89,-0.55,43
1.56,-0.42,0.41,-0.21,-1.73,1.6,0.68,-1.51,0.27,2.79,-1.36,-0.53,-3.19,1.75,-5.64,0.88,-5.67,1.6,-0.68,1.61,-2.57,-1.63,-0.59,0.66,-0.23,1.65,2.07,-1.0,-0.07,2.15,-0.66,-2.16,26
0.98,1.37,0.69,0.88,0.53,-5.04,-0.02,-1.29,-1.65,0.72,0.34,-1.74,-4.35,-1.55,2.39,2.64,1.31,-2.42,1.79,-0.9,0.79,-0.52,-0.35,-4.73,1.48,-1.72,-0.94,0.02,-0.55,0.24,0.87,-0.16,16
0.86,0.6,-0.56,0.89,-5.07,2.24,5.44,4.16,-1.13,1.89,-1.15,1.86,-2.11,1.64,1.32,2.98,4.59,-2.25,-1.87,-3.14,0.45,1.85,0.18,1.43,2.7,3.1,1.98,-0.19,0.53,-3.0,-0.88,-0.88,40
0.78,-1.56,-0.32,3.09,0.62,-0.28,-5.94,-6.17,-1.42,-1.71,1.27,0.2,-2.13,-0.14,0.92,-0.2,1.28,0.05,0.06,0.21,1.89,-0.91,-0.49,-2.6,1.78,-4.09,-0.84,-2.39,1.19,-0.15,1.4,2.0,27
0.87,-0.71,1.31,3.67,-0.07,-0.76,2.54,-4.79,1.83,3.96,-2.01,0.42,0.55,-0.32,-3.88,-0.65,-6.04,-2.08,-1.91,-2.99,-0.2,-1.25,-1.03,1.47,-1.41,2.95,-0.47,-0.09,0.51,2.35,1.17,-0.4,28
-1.21,-2.09,-0.13,1.06,-1.93,-3.66,-12.56,-2.46,0.8,2.07,1.53,-1.03,0.28,-0.54,4.43,4.19,-2.15,-2.4,0.19,0.85,-1.89,-1.06,-0.53,4.35,5.85,-4.56,-0.03,0.66,0.81,2.41,-0.39,-0.79,37
0.26,0.61,0.08,3.7,1.81,-1.34,2.34,2.65,-1.0,-4.77,1.39,-1.41,3.64,-1.52,-2.79,-1.37,6.01,2.81,0.69,2.54,-0.02,1.02,-1.76,-1.38,-2.94,0.54,0.07,-0.68,-1.03,-5.29,-0.76,0.06,34
0.35,-0.54,0.18,-0.22,1.19,-2.62,-3.15,-0.48,1.21,-2.04,0.39,0.48,-1.14,0.96,-2.59,-1.41,0.48,0.91,-1.79,1.05,1.53,0.75,-0.82,-0.54,1.56,1.67,-0.01,0.63,-0.42,-2.13,-0.38,1.24,3
-0.58,0.21,-0.64,2.06,0.64,0.77,-4.26,-0.15,-0.37,1.66,-2.14,0.92,1.89,-0.14,1.51,0.07,4.75,-0.67,-1.31,0.61,4.18,-1.72,-0.89,2.13,0.35,-1.04,0.04,-1.15,0.43,-0.22,-1.07,0.29,1
1.23,1.15,0.28,1.71,0.33,-5.21,-9.65,-1.88,0.35,1.73,0.63,-0.82,-0.5,-1.28,6.3,1.11,-0.33,1.73,-0.98,4.05,-1.17,-0.42,1.27,1.68,2.78,-4.3,2.65,0.71,-1.53,-0.6,-0.04,-0.76,39
-0.68,0.21,-1.59,0.96,-4.76,-2.66,4.19,0.07,1.97,1.91,0.03,1.59,-0.0,0.21,2.65,2.56,-8.91,-0.53,-0.31,-4.31,-5.4,1.11,-1.27,0.42,0.64,0.36,-1.02,-2.56,-1.92,4.61,-1.83,-1.46,55
0.38,0.49,-0.94,-0.89,1.07,-0.19,-2.11,-2.04,0.43,-0.85,0.15,-0.03,1.06,0.62,0.19,0.36,-5.21,-0.89,-0.12,1.2,-4.78,0.54,-1.29,-1.59,-2.3,-3.22,-0.86,1.19,0.89,2.27,-0.51,1.64,36
0.87,0.47,0.97,2.78,2.02,3.06,6.38,1.38,-1.09,0.94,-1.0,2.02,1.05,0.39,2.22,2.01,8.0,0.39,-0.18,2.62,-3.56,-0.65,3.16,0.91,-0.59,4.31,1.27,0.55,0.09,-6.39,1.7,-0.53,50
0.51,-0.05,0.42,-0.75,0.66,2.51,-3.52,-4.11,-1.21,-0.96,0.13,0.94,0.63,2.1,-1.05,-0.95,-4.25,-1.2,0.01,0.81,-1.1,-0.34,-0.72,-1.98,0.61,-0.81,-1.74,-0.85,0.03,1.8,-0.07,0.72,13
0.52,0.15,1.33,1.29,2.63,5.25,-1.05,3.44,-0.14,1.09,-0.89,0.49,0.48,1.26,1.54,1.07,12.08,0.08,-0.27,1.78,2.21,1.41,2.18,2.65,0.14,-2.5,1.0,-1.14,0.29,-4.01,0.19,4.35,18
-0.39,-0.7,-1.08,-3.53,1.44,1.24,-1.72,-0.51,1.95,-1.72,-0.54,0.2,0.61,-1.92,2.49,-0.71,0.12,-0.33,0.09,1.21,-1.22,0.89,-0.31,-0.03,-0.57,-0.33,1.92,0.46,-1.26,1.03,0.85,-2.23,53
1.42,-0.69,0.29,-3.9,-1.64,-0.23,-2.17,1.59,-0.32,0.58,0.91,-0.71,-1.31,-0.68,-0.9,-0.56,-4.17,-0.49,-2.12,-2.67,-2.13,-1.16,-3.69,-0.51,-1.27,-4.39,-1.01,1.95,1.22,1.52,0.86,-0.39,31
0.78,1.01,0.99,0.61,-1.3,0.13,3.33,0.95,0.51,-0.7,1.79,-0.43,-0.59,0.86,-1.94,-4.0,-3.29,-2.43,-2.3,-3.74,-2.03,-0.08,0.41,1.02,0.69,-1.26,-1.15,-0.21,-0.31,-1.81,0.61,-0.42,34
-0.3,-0.76,0.05,-2.78,1.92,-1.84,-1.56,-1.66,2.01,-3.74,0.86,-1.39,0.24,0.81,1.15,-0.98,-3.46,-1.49,-0.84,-0.45,-1.6,-0.04,-1.61,-3.15,1.78,1.94,0.49,0.43,-0.38,2.15,0.04,-0.1,31
0.2,-0.37,-0.04,-1.33,-2.74,2.91,-7.95,-2.64,0.63,-1.81,1.67,0.04,-0.02,-0.28,-1.15,3.24,-5.12,-0.62,-0.54,3.74,-3.23,1.25,-0.91,-1.46,3.42,-1.3,-1.58,-0.28,1.11,2.13,-0.21,2.17,1
0.54,0.3,0.01,0.76,2.41,2.51,-6.24,3.45,-1.31,-2.36,0.2,0.52,2.34,-0.61,-4.52,2.02,9.82,-0.91,-0.09,2.55,0.45,-0.31,-2.86,5.47,-0.98,-3.16,1.17,-2.02,-0.59,-2.17,1.1,2.28,34
-0.65,0.36,-0.19,7.85,-3.43,-2.58,6.58,-0.03,0.07,-1.98,-0.25,0.77,2.16,0.11,-6.39,2.34,-4.04,1.24,1.88,-4.45,-1.56,-0.03,-0.03,-3.14,3.54,2.07,0.68,3.54,1.13,-0.69,-0.82,1.97,51
0.14,-0.67,0.8,-1.7,-2.09,-0.49,-6.31,-1.08,0.92,-0.03,0.63,0.73,2.36,1.53,-0.38,3.14,-0.81,1.42,0.8,-3.69,-0.21,-0.63,-4.57,2.98,0.18,-0.44,-0.37,1.6,0.85,-0.06,-0.03,4.22,25
1.16,0.49,0.35,0.54,2.9,2.03,-2.93,1.53,-0.52,4.21,0.43,1.46,0.34,1.32,-4.13,3.23,6.49,-0.63,0.95,1.79,-2.06,0.67,-3.43,5.19,-2.89,0.32,0.15,0.3,0.13,-2.59,0.1,1.09,19
-0.75,0.47,-0.18,0.21,2.01,5.3,3.26,1.04,-1.4,-0.96,-1.19,-0.6,-0.29,-1.19,0.4,-0.59,8.42,1.07,0.36,-0.74,-1.64,2.45,0.79,2.73,-0.49,-0.83,2.44,-1.31,0.98,-3.26,0.14,-2.53,14
-0.73,1.03,-0.11,-0.45,2.55,3.03,-0.61,0.16,0.17,2.62,-1.03,-1.08,2.55,-1.2,-1.72,-1.6,-6.82,-0.4,1.58,0.53,-1.34,0.06,-2.84,-2.51,2.11,5.13,1.35,1.69,-1.26,5.41,0.16,2.61,4
0.75,-0.62,1.13,2.3,0.83,1.31,-0.12,2.09,0.26,0.97,-0.31,-1.54,-2.14,-0.67,1.97,0.13,2.54,-0.44,0.5,1.15,-0.23,2.69,1.78,-1.96,3.54,-2.47,0.04,-0.88,0.56,0.68,-1.41,1.99,47
0.21,-0.41,-0.55,0.66,-0.93,1.81,0.06,-0.81,0.2,0.96,1.65,-0.06,-1.06,-0.46,-0.52,2.16,1.03,0.56,-0.87,-0.39,-0.74,0.48,-1.08,0.97,0.71,0.13,0.67,0.45,-0.45,1.74,1.55,-2.11,26
-0.77,-0.83,2.08,-0.54,-1.23,-0.38,-1.54,-0.6,1.04,0.37,0.88,-0.76,1.45,-0.43,-2.13,1.29,-1.85,-1.26,0.21,2.06,2.83,-0.98,-2.13,-1.8,-0.54,2.7,-0.55,1.45,0.4,1.93,0.5,-3.14,22
-0.71,1.2,0.7,0.11,-1.14,4.74,-0.18,-0.09,1.81,0.6,-0.72,1.16,-2.25,0.74,1.19,-2.94,1.03,1.25,1.39,2.64,0.98,-0.06,2.07,-0.69,-2.89,-4.02,-1.91,-0.13,0.01,-1.76,-0.89,4.19,43
-0.34,-1.12,0.08,2.26,-2.68,2.76,5.7,-1.88,0.52,3.4,1.71,-0.84,-0.14,1.42,-3.64,3.05,-6.09,-0.93,0.55,-2.52,-2.68,-0.64,4.95,-1.1,1.49,-2.9,0.28,-0.43,0.84,2.51,0.36,-1.98,61
-0.44,-0.1,0.21,2.0,2.32,0.67,10.56,6.96,0.74,3.53,-0.53,-0.39,-1.36,-1.27,-0.16,4.08,11.39,1.83,-0.48,-2.13,-0.01,0.03,-1.66,-3.56,-5.59,-3.71,0.13,0.11,0.23,-2.45,0.97,-0.63,14
1.54,-0.9,-0.98,7.67,7.17,-1.11,-4.05,0.83,-1.92,2.86,0.12,-0.45,-3.56,-0.24,6.72,-5.04,9.05,1.6,-0.04,2.73,-0.51,-0.74,-5.25,-5.99,1.5,-4.61,-0.75,-0.25,0.4,-2.89,-0.03,3.55,18
0.55,1.05,0.43,0.06,-2.59,-1.85,-3.51,-0.74,-1.03,3.53,0.43,-1.33,3.59,0.91,1.69,-2.52,-10.39,-0.88,-0.66,-2.79,-0.12,-1.43,0.98,-0.96,2.85,-2.27,-1.3,0.07,-0.24,0.57,-0.65,1.05,49
-1.25,-0.73,-1.14,-3.34,3.87,-1.55,-6.61,-6.53,-0.3,1.69,-2.13,-0.14,1.97,-1.3,0.37,0.82,-7.47,-0.67,0.31,-0.59,-1.35,0.5,-0.73,-2.73,-0.16,-0.96,-0.86,1.62,1.46,3.07,-1.04,2.82,51
0.41,-0.15,-0.54,-4.71,-0.88,-2.14,-8.43,0.25,-2.06,-1.91,-1.53,0.65,0.41,0.12,0.95,1.34,-0.7,-0.41,0.6,1.82,1.72,1.86,-2.82,0.63,-1.16,-1.96,-0.13,-0.28,-0.97,0.77,-0.49,2.36,56
0.47,-0.34,-0.13,2.54,-1.31,2.74,-2.26,-0.17,-2.56,-2.95,0.29,1.54,-2.06,-1.95,-3.38,1.52,4.26,-0.47,-0.33,3.72,0.41,1.27,-0.49,1.61,2.27,2.92,-1.02,0.83,0.2,-1.13,0.68,2.38,11
0.49,1.36,0.06,2.12,-3.45,-1.46,3.75,-1.26,0.84,-0.74,-0.62,-0.97,4.4,0.56,-2.98,-2.66,-12.59,1.42,-0.6,0.5,-4.79,1.31,-2.31,-1.59,-3.31,3.7,-0.82,0.73,-0.73,0.74,0.89,-0.56,36
-1.2,-1.64,-0.34,1.65,-0.5,1.73,4.3,0.22,-0.38,1.83,0.92,0.25,2.05,-0.81,1.11,-1.2,-3.82,0.87,-0.34,-1.56,-1.98,-0.03,0.15,-1.28,-2.87,-3.38,0.19,-0.82,-1.06,2.88,-0.69,-1.16,20
-0.16,0.83,-1.61,1.47,-3.46,1.11,8.94,1.91,1.04,0.56,-1.25,-0.15,1.74,0.82,-4.86,3.48,-5.82,0.8,-0.37,-1.5,-2.61,-0.48,2.51,0.16,-0.47,2.47,1.48,0.9,0.5,4.06,-0.94,-2.12,44
-0.54,-0.46,0.88,-1.15,-1.59,-0.92,2.63,3.71,-0.62,-3.22,-0.54,0.63,-4.94,1.16,2.73,0.82,3.87,-0.87,-0.12,-1.42,-1.02,0.09,-1.31,-3.22,1.14,-3.04,0.53,-1.17,-0.27,0.14,-0.13,0.46,5
0.18,0.72,-0.17,1.99,1.39,2.32,5.82,0.93,-0.08,-0.45,-0.05,-0.84,-5.14,0.85,2.24,4.33,10.22,0.75,-0.25,1.86,0.07,1.36,0.52,-3.77,0.29,0.79,0.28,-0.05,1.3,0.0,1.65,-2.06,55
0.36,-0.81,1.57,-0.92,-0.1,4.96,-2.9,-0.64,0.53,0.7,-2.03,-0.1,-2.3,0.06,2.18,2.15,6.73,-0.23,-1.58,2.22,2.36,-0.4,0.02,-0.06,-0.56,-2.45,-0.05,0.57,-0.5,0.02,-0.85,1.26,46
-0.02,0.65,-0.83,-0.64,-3.98,2.76,12.01,6.73,-1.06,0.97,0.07,-0.31,5.82,-2.08,0.87,-1.27,-6.19,-1.07,-1.24,-4.01,1.8,0.68,1.07,-6.3,-1.52,1.47,-1.02,-1.0,-0.89,3.04,0.06,-0.76,38
-0.43,0.69,-0.09,-2.4,-2.34,0.42,4.09,2.71,0.21,-1.96,0.29,-0.78,2.06,1.64,1.51,-2.19,-3.95,0.38,1.34,-5.74,-4.06,0.89,3.26,1.83,2.66,-1.95,-0.43,0.57,0.26,-2.62,0.33,-0.19,26
1.9,0.41,-0.2,5.02,-2.15,-2.08,5.55,-2.5,-0.58,-0.17,-0.56,-0.1,-1.0,0.76,0.06,-1.79,-7.46,-1.8,-1.03,-0.16,-5.23,-0.89,-0.58,-1.13,-2.6,2.35,1.08,0.7,2.08,0.51,-0.02,3.27,61
-0.85,-0.03,-0.6,3.81,-4.92,2.45,10.19,-0.63,1.7,-0.12,1.05,-1.28,-2.94,0.9,1.51,-0.73,-1.44,0.6,-1.9,0.31,1.78,-0.6,5.21,-3.36,-2.66,-1.3,1.08,-1.15,0.37,0.91,-1.26,-0.51,12
0.1,-2.08,0.03,-0.05,0.2,1.14,2.04,-2.72,0.72,-2.55,-0.44,-0.28,0.95,-1.62,3.74,-3.55,-4.51,1.02,0.09,1.42,-3.81,-0.35,2.71,-1.32,-1.15,-1.49,1.72,0.46,0.89,0.29,0.47,-2.01,28
-0.15,0.29,0.25,-1.61,-0.31,-1.46,7.53,2.1,-0.5,-1.86,-1.54,1.18,-6.48,-1.19,-0.75,-3.1,-1.85,-2.06,1.04,0.88,3.26,0.84,1.53,-6.77,0.09,3.56,1.01,-2.72,0.2,2.14,1.9,0.61,46
-0.21,-0.9,-0.5,3.39,5.8,-1.22,1.47,0.55,0.01,2.21,1.37,1.28,0.38,0.77,-2.45,-2.29,-1.46,0.42,0.51,-0.64,-3.72,0.62,-1.34,2.53,-1.8,-3.34,-0.84,-1.05,-0.21,5.52,0.07,-0.6,6
0.25,0.5,0.74,-1.74,2.62,-3.47,3.04,-0.76,-0.72,0.95,0.2,-0.93,1.2,0.65,2.77,-0.66,-4.64,1.03,-0.48,-7.89,0.32,-1.99,0.57,-3.94,0.98,-3.19,-0.58,-0.12,-1.24,3.79,-0.61,2.55,54
-1.7,-0.22,0.68,1.5,-0.52,-2.62,-8.39,-4.57,1.6,3.35,0.05,0.63,-2.75,-0.33,-3.17,-4.85,-7.97,-0.37,-0.07,1.52,5.41,-0.27,-1.89,-3.56,3.26,-0.35,-1.78,1.16,-0.72,1.41,0.86,0.17,3
