"X_0","X_1","X_2","X_3","X_4","X_5","X_6","X_7","X_8","X_9","X_10","X_11","target"
-1.93,0.26,-1.35,-0.68,1.7,-0.34,-0.95,-0.52,-0.77,0.94,1.27,-0.79,-0.0
0.99,0.47,-0.84,-1.8,-1.24,-1.39,-0.41,1.34,-0.59,0.39,-1.76,-1.15,-0.0
1.23,0.41,0.21,1.03,1.7,-0.03,-0.82,1.06,-0.8,-0.81,1.17,0.79,0.0
1.15,-0.7,-1.2,0.77,0.25,1.53,-0.43,0.77,1.83,-0.03,-1.01,0.22,0.0
-0.98,1.85,0.54,-0.67,-0.1,-0.37,-0.36,0.39,-1.56,-1.85,0.12,0.45,-0.0
-0.74,-0.05,0.49,1.6,0.38,-0.34,-0.79,-1.36,2.0,1.1,-0.39,1.83,0.0
-0.03,0.77,0.57,-0.36,-0.87,0.76,1.01,0.07,0.85,-2.56,0.85,0.31,0.0
0.51,1.84,-1.23,0.88,-1.28,-1.53,0.51,-1.53,0.61,-0.37,-0.14,-0.97,-0.0
-0.71,0.61,-0.1,-1.91,0.34,-1.67,0.09,0.12,-2.89,-0.23,1.51,-0.24,-0.0
0.36,1.5,0.66,0.01,-1.57,3.56,0.56,-0.58,-1.7,-1.46,-0.02,0.71,0.0
0.22,0.82,0.51,0.97,-0.74,0.4,0.11,-0.15,0.23,0.69,-0.88,0.58,0.0
0.44,-0.77,1.19,0.65,-0.54,-1.55,-0.39,1.49,0.22,0.48,0.15,-0.12,0.0
0.06,0.3,-0.02,-0.08,0.75,-0.01,0.15,-0.88,1.48,1.38,-0.58,-1.01,0.0
-1.74,0.24,0.58,-0.61,1.89,-0.2,0.04,-2.23,1.79,-0.36,1.02,0.03,0.0
-1.63,0.56,-0.2,0.09,1.11,1.63,-0.25,1.12,1.29,0.02,1.71,1.26,0.0
-0.47,1.93,0.89,0.58,-0.5,-1.15,-0.52,-1.17,0.44,0.45,1.15,-0.05,0.0
0.51,0.12,0.13,0.27,1.74,0.1,0.16,-0.36,1.22,0.05,0.56,0.19,0.0
1.34,-1.39,-1.29,0.84,0.9,0.45,0.71,0.26,0.88,0.86,0.82,-1.28,0.0
0.16,1.43,1.0,0.19,1.54,1.07,-0.3,0.12,1.75,-0.52,2.65,0.9,0.0
1.01,-0.14,0.16,-0.83,1.04,0.23,0.94,0.54,-0.21,-2.17,1.28,-0.15,0.0
-0.59,-0.71,-0.22,-0.06,1.1,-1.38,1.27,0.02,0.52,0.71,0.68,0.25,0.0
1.63,0.1,-0.1,0.07,-1.0,-1.18,1.4,0.47,-0.97,1.99,-0.96,-1.32,0.0
0.9,-0.2,2.19,-0.92,-0.06,-0.24,0.02,0.34,-0.25,-1.8,-1.35,0.72,-0.0
0.19,-0.32,0.1,-1.68,-0.34,1.4,0.18,-0.23,0.73,0.75,-0.78,-0.55,-0.0
1.3,0.73,0.45,-0.43,-0.53,-0.18,2.81,0.01,1.66,-0.95,0.81,-1.85,0.0
0.8,1.53,0.28,1.58,0.94,-0.71,0.37,-0.1,0.85,1.0,0.05,-1.09,0.0
0.47,-0.03,1.29,-0.44,-1.45,-0.45,0.19,0.5,0.75,-0.94,-0.8,-0.46,-0.0
1.32,0.51,-0.05,-1.05,0.81,-0.22,-1.06,-0.94,0.31,0.52,0.86,-0.13,0.0
-0.73,-0.01,-0.96,2.27,-0.61,-0.68,0.25,-0.67,-0.63,1.38,0.39,1.16,0.0
-1.38,0.87,0.36,1.95,-0.38,-1.56,1.77,0.05,0.2,-1.92,0.13,1.09,0.0
-1.18,0.93,1.55,-0.95,0.94,-0.57,-1.01,-0.57,-1.72,1.11,-0.94,0.68,-0.0
0.1,0.18,-0.11,0.66,1.66,-0.41,0.22,-1.24,-0.96,-1.23,-0.73,-1.26,-0.0
1.05,0.56,0.73,-1.28,0.93,0.07,-0.57,-0.58,1.5,-1.43,0.87,2.12,0.0
0.14,0.35,-1.02,0.2,-0.22,-0.61,-0.2,0.94,-0.09,0.36,-1.16,-1.12,-0.0
-0.59,0.3,1.5,0.16,1.58,-1.72,-0.38,1.62,1.5,-0.88,-0.34,-0.18,0.0
-0.38,0.76,-1.18,0.43,-0.53,1.06,0.04,-0.02,-1.03,0.65,-0.49,0.03,-0.0
-1.8,-1.46,0.07,-0.19,-0.4,-0.27,-0.51,0.21,0.07,0.23,-2.23,-0.6,-0.0
1.25,0.68,-0.42,0.49,-0.18,-1.06,-1.12,1.0,-1.0,-0.54,1.17,0.03,0.0
-0.36,-0.71,-1.36,0.34,0.41,-0.37,-0.19,-0.39,0.65,0.27,1.21,-1.05,-0.0
0.94,0.14,-1.76,0.66,0.25,-0.54,-0.64,0.5,-0.07,-2.35,0.63,0.18,-0.0
-0.34,0.7,0.93,0.57,0.06,0.02,2.31,-0.57,1.56,0.5,-1.21,0.41,0.0
-0.46,0.35,-0.96,1.11,-0.54,0.29,-0.39,1.25,-0.86,-0.78,1.08,0.03,0.0
0.42,0.96,0.82,-1.26,0.67,1.68,-1.26,-2.43,1.42,0.14,0.07,-0.72,0.0
1.84,-0.27,0.5,-1.19,-1.23,-1.13,-0.76,0.81,0.3,1.6,-1.37,0.05,-0.0
0.54,-0.52,0.69,-0.59,0.36,2.04,-0.7,-0.2,-0.09,-3.0,0.48,0.33,-0.0
1.56,0.42,-0.48,-1.72,0.13,-0.79,0.56,-0.61,0.41,-0.3,0.91,-0.53,-0.0
1.28,1.86,-0.46,0.12,-0.97,-0.2,-1.2,-1.82,0.76,0.19,0.18,-0.64,-0.0
-1.04,-0.89,-0.94,0.02,1.31,-0.42,0.13,1.81,-0.57,-0.37,2.39,0.9,0.0
-1.55,-0.03,-0.02,-0.55,-0.8,2.1,-0.21,1.39,-0.39,-1.59,0.02,-0.82,-0.0
0.64,-0.74,0.17,0.55,-0.07,1.27,-0.89,1.38,-0.21,-0.78,0.58,-0.33,0.0
1.4,1.05,-0.8,0.77,-0.23,0.84,1.07,-0.71,0.64,-0.54,-1.29,-0.4,0.0
0.42,1.6,0.1,1.38,-0.66,1.72,0.85,-0.96,-1.09,-1.24,-1.25,0.71,0.0
-0.54,-0.41,0.16,0.57,-0.41,0.88,-1.01,-1.38,0.91,-0.8,-0.65,0.12,-0.0
0.28,0.75,0.29,-1.3,0.84,0.97,1.58,0.87,1.9,0.54,0.1,1.09,0.0
-0.85,0.38,0.36,-2.07,0.3,-0.56,0.68,-0.95,0.67,1.9,0.57,0.68,0.0
-1.11,1.35,0.36,0.04,-0.61,1.3,-0.2,0.33,-0.88,-0.48,1.03,-0.27,0.0
0.72,1.22,-0.31,1.26,1.33,-2.3,-1.61,-0.78,0.45,0.98,0.31,1.01,0.0
-0.3,1.33,0.48,-0.35,-0.77,1.06,1.93,0.35,-0.5,0.89,0.32,0.27,0.0
0.44,-0.1,-1.4,0.07,-0.79,-0.95,-0.75,-1.21,-1.57,-0.91,0.05,1.26,-0.0
-0.1,-0.77,-0.76,-1.25,1.48,-1.38,0.2,0.26,0.62,-0.58,-0.26,0.95,-0.0
-0.32,1.03,-1.42,1.15,1.66,1.14,-1.22,0.79,0.61,0.65,-0.8,1.84,0.0
0.56,-1.68,-2.13,0.11,-0.19,1.76,-1.62,-1.16,0.78,0.32,-0.18,0.71,-0.0
0.68,0.01,0.61,0.35,1.38,0.33,-1.7,-0.47,0.99,-0.25,-0.1,1.16,0.0
-0.21,-1.27,1.29,-0.32,-1.08,-2.36,-0.65,0.83,0.31,0.11,1.09,-0.19,-0.0
-0.4,-0.19,-1.03,-0.36,0.32,0.19,0.78,0.53,-0.87,0.22,-0.12,1.48,0.0
-0.71,-0.48,2.26,-0.95,1.69,0.12,0.69,0.39,0.83,0.65,-0.17,-0.59,0.0
0.54,0.44,-0.01,-0.84,0.2,-1.98,-0.08,1.61,1.61,1.01,1.09,0.16,0.0
-1.74,-1.97,-0.72,0.5,0.44,1.33,0.35,-2.47,0.19,-0.6,-0.17,-0.04,-0.0
0.23,1.31,-0.53,-0.48,0.38,-1.82,1.0,-0.31,0.74,0.12,0.61,-0.45,0.0
0.32,0.48,-0.45,0.69,-0.03,-0.47,0.74,0.61,0.28,0.36,-0.38,0.1,0.0
1.11,1.08,1.5,-0.77,0.04,-1.58,-0.52,0.79,0.52,-0.36,-0.6,1.15,0.0
-0.53,-0.23,-1.13,0.08,0.58,-0.8,-0.09,-0.34,1.95,-0.49,-0.12,0.24,-0.0
-1.22,0.38,0.25,-0.36,0.3,0.79,0.31,0.11,0.12,0.41,0.64,-0.15,0.0
0.94,1.15,-1.17,0.92,-2.06,-1.66,0.08,-0.75,-0.26,1.42,-0.66,1.1,-0.0
0.1,-0.29,1.2,1.07,-1.02,-0.57,0.08,0.37,-1.38,-0.87,0.57,0.59,-0.0
-0.27,-1.2,-0.33,-0.97,-0.32,0.78,0.11,1.7,0.05,0.14,-2.08,-0.74,-0.0
1.1,-0.81,2.29,0.26,0.76,-0.28,1.19,-0.86,0.24,-1.21,-1.47,-1.03,0.0
0.59,-0.54,-0.1,1.04,1.17,-0.28,-1.33,-0.43,-0.18,-0.64,0.05,-0.1,-0.0
-0.48,-0.6,0.26,-1.01,-1.67,1.13,-1.17,-1.99,0.26,0.62,0.48,0.74,-0.0
-0.06,2.33,-0.59,1.06,0.07,-0.41,-0.09,0.24,0.3,-0.61,0.52,0.36,0.0
-0.49,0.2,0.49,-2.38,0.77,0.21,-0.75,-1.34,0.18,1.34,-0.81,-0.71,-0.0
0.76,0.04,-0.99,0.77,0.8,1.0,0.03,0.88,-0.5,-0.86,0.49,-0.43,0.0
1.58,-1.37,-1.03,-0.71,-1.6,0.8,-1.31,1.51,3.61,1.96,0.59,-0.21,0.0
-0.7,-1.44,1.61,-0.23,0.17,0.34,1.28,0.78,-0.57,0.75,-0.32,-0.38,0.0
1.21,-0.53,-0.16,0.61,-0.44,0.81,-0.31,0.19,0.01,-0.08,0.17,-1.54,-0.0
0.04,0.07,-0.34,-0.79,-0.88,1.73,-0.07,0.34,-1.45,0.34,-0.24,1.19,-0.0
0.16,0.37,0.88,1.73,-0.2,0.33,-1.19,1.0,-0.85,-1.11,-0.68,0.18,0.0
-0.54,-0.27,1.87,-0.11,-0.9,-0.63,-0.2,-0.24,-0.29,-1.57,-0.24,0.83,-0.0
-1.43,0.82,0.46,0.94,0.4,0.38,-0.04,-0.16,0.52,0.11,0.58,0.13,0.0
0.81,0.43,0.01,-0.8,-0.43,0.73,0.24,0.01,-0.85,0.3,-1.63,-0.67,-0.0
1.29,0.6,-0.41,0.52,1.62,-0.85,-1.64,-0.2,-1.16,2.01,1.06,0.14,0.0
0.81,-0.16,-0.7,-1.18,-0.75,-0.35,-0.4,1.11,-1.53,0.75,1.84,1.99,0.0
-0.78,0.77,-0.68,-1.54,-0.12,-0.05,0.41,1.33,0.81,-0.24,0.27,-0.71,-0.0
-0.8,-0.52,-1.59,0.54,0.34,-1.42,-0.31,0.36,-0.04,-0.53,1.06,0.11,-0.0
-0.32,0.8,-2.33,-1.59,0.46,0.64,0.36,-0.68,0.1,-1.31,1.3,-0.52,-0.0
0.98,0.81,0.28,1.06,0.14,-0.41,0.09,1.6,-0.01,-0.78,0.93,2.0,0.0
0.58,0.2,-0.72,0.08,2.55,0.27,0.4,-0.08,-1.48,0.2,-0.45,0.21,0.0
0.84,0.84,0.73,0.77,0.33,0.54,0.05,3.47,0.5,0.85,-0.01,0.62,0.0
0.88,0.6,-0.34,0.49,-0.38,0.68,-0.54,2.18,-0.57,-0.39,-3.3,0.07,-0.0
0.19,-0.67,-0.42,1.04,-1.32,0.32,-0.51,0.18,-0.07,2.21,0.31,-0.07,0.0
-0.24,0.39,-0.74,0.54,-0.64,1.31,-0.83,0.14,-1.27,0.11,1.01,1.4,0.0
-0.63,-0.05,1.14,0.18,0.93,0.4,-0.15,0.16,-1.1,0.17,0.72,-1.17,0.0
-0.76,0.87,-1.04,0.22,1.06,0.03,0.21,-0.75,-1.22,-2.55,0.27,-0.43,-0.0
-0.38,-0.54,-0.84,-0.93,1.02,0.67,-3.27,-0.21,0.0,-0.56,0.34,0.37,-0.0
0.29,0.83,0.79,-0.51,-2.37,-0.94,0.92,0.3,0.73,-0.59,1.83,-0.43,0.0
-0.22,0.53,1.7,0.46,0.03,-0.62,-1.1,2.8,-0.78,-0.35,1.19,-0.69,0.0
0.89,0.31,0.81,0.1,2.77,1.14,1.24,0.25,0.85,0.93,0.74,0.31,0.0
0.63,0.42,0.72,1.82,-0.8,-0.62,-0.62,-1.13,0.3,-0.16,-0.57,-1.14,-0.0
-0.15,-0.36,-1.26,0.51,0.68,1.24,-0.6,-1.3,0.08,0.43,-1.15,-0.71,-0.0
0.53,0.25,-0.65,0.48,1.33,0.38,0.68,0.82,0.24,-1.08,-1.32,0.93,0.0
-0.22,0.51,2.06,0.63,-0.51,0.64,0.54,-0.94,-0.44,-0.21,-0.09,-0.42,0.0
-1.19,0.86,-0.07,1.44,-1.46,-1.14,-0.23,0.22,0.41,-0.56,0.35,-1.66,-0.0
-0.85,-0.08,0.25,-2.11,-0.79,-2.24,0.65,1.05,-0.57,1.85,1.02,-0.49,-0.0
1.71,-0.25,1.26,-0.51,-1.37,-0.19,1.67,-0.15,-1.55,-0.73,0.49,-1.01,-0.0
0.43,0.19,-0.29,-1.4,-0.97,-0.17,-1.04,-1.66,0.02,-0.44,-0.28,-1.24,-0.0
-0.3,-0.3,-0.95,0.87,-0.17,-0.47,0.06,1.45,1.11,-0.9,1.82,-0.67,0.0
-1.54,0.21,-0.28,0.47,0.03,0.49,-0.46,-1.13,-0.21,-0.38,-0.95,0.08,-0.0
0.11,0.6,1.56,-1.58,0.02,0.48,-1.44,-0.25,0.13,0.92,-0.31,-0.89,-0.0
1.27,0.98,0.46,0.88,-0.52,2.16,2.14,-0.37,1.02,0.8,-1.19,-1.48,0.0
0.54,1.16,0.27,-0.03,-1.11,1.25,0.03,-0.2,-1.15,-0.36,-2.16,0.03,-0.0
-0.01,-0.03,-0.8,-0.51,-1.46,-0.3,-0.72,-0.9,-2.19,0.33,-1.87,-0.74,-0.0
0.15,-0.18,-0.07,0.43,-1.13,0.52,1.01,-0.05,0.77,-0.3,0.92,1.46,0.0
-0.93,1.73,1.51,1.44,-0.48,-0.87,0.42,-1.24,-1.44,0.8,1.48,0.37,0.0
-1.08,1.09,-1.08,-0.31,0.14,1.19,-1.85,1.06,-0.83,-0.22,1.54,-0.36,-0.0
-1.61,-2.03,0.1,0.3,1.31,0.35,-0.76,1.23,-2.47,-0.46,-0.44,-1.65,-0.0
0.45,-0.24,1.39,1.06,0.23,-2.81,-1.19,-1.39,1.49,-0.3,-0.91,1.95,-0.0
0.53,0.84,1.89,0.03,0.72,-0.85,-0.77,-0.24,1.03,1.05,-1.2,0.14,0.0
0.89,-0.06,-1.75,-0.72,1.35,-1.87,0.47,0.79,0.68,-0.2,-0.68,-2.38,-0.0
0.53,1.91,1.23,-0.08,2.42,-0.79,0.14,-1.21,-0.01,1.57,-1.64,0.53,0.0
0.93,1.16,1.34,0.68,-0.63,-0.33,0.52,0.1,0.71,-1.22,-0.12,-1.27,0.0
-0.08,-0.5,-0.16,1.38,0.56,0.41,-1.35,-1.18,1.64,1.09,-1.23,1.35,0.0
0.04,-1.07,1.76,-1.8,1.59,-1.06,1.13,-0.37,0.16,0.33,0.04,-0.52,0.0
-0.04,0.59,-0.26,-1.77,-0.12,-0.57,0.86,1.95,0.64,0.46,0.35,-1.54,0.0
-0.48,-0.86,-0.39,-0.55,-0.46,1.28,0.14,1.08,0.61,-0.6,-1.52,-1.3,-0.0
0.37,0.6,-1.48,-0.48,-1.95,0.6,-0.81,0.2,0.43,-1.09,-0.23,-0.02,-0.0
-1.85,0.19,-0.01,-1.33,-0.41,2.28,-0.84,0.14,0.74,-0.65,0.14,0.61,-0.0
0.23,-0.06,0.12,0.4,-0.63,-0.49,-0.33,0.99,-0.45,0.17,1.23,0.52,0.0
-1.27,-0.96,-0.27,-0.2,0.91,-1.19,1.52,1.19,2.7,0.93,2.06,-1.58,0.0
0.45,-1.37,0.24,0.32,0.46,0.27,0.18,-1.11,-0.0,0.02,-0.06,-0.71,-0.0
1.24,0.04,-0.23,0.96,1.08,-1.28,1.07,-0.28,-0.25,-0.38,0.75,0.35,0.0
0.19,-0.33,-0.35,0.68,-1.42,-1.34,-0.25,-0.3,-0.28,-0.13,0.56,-0.18,-0.0
0.62,0.47,0.21,-0.2,1.01,-0.7,-0.8,1.08,-0.94,-0.27,0.2,0.7,0.0
0.53,0.58,-0.34,0.61,-0.69,0.65,-0.68,0.27,-0.08,0.74,-0.2,0.77,0.0
-0.57,-1.11,0.77,-0.75,1.1,0.22,-1.69,-1.04,1.05,1.08,-0.02,-1.52,-0.0
1.0,-0.37,-0.39,-1.53,0.39,-1.52,2.55,-0.76,-1.14,-0.09,-1.24,-1.15,-0.0
1.36,0.08,1.09,0.1,0.37,-0.47,1.68,-0.47,-0.44,-0.84,0.53,-0.24,0.0
0.11,0.03,0.31,-0.7,0.27,1.94,-0.47,0.4,-1.57,-1.78,0.59,0.21,-0.0
0.1,-0.69,0.26,-2.03,-0.22,-2.11,0.63,-0.84,0.11,-2.1,0.28,0.15,-0.0
-0.54,0.56,-1.29,-1.38,-0.08,1.85,0.05,-0.72,-0.41,0.6,-0.42,-2.44,-0.0
-0.69,0.92,-0.14,-1.06,1.69,-0.41,-0.34,1.51,0.14,0.23,0.2,0.26,0.0
0.38,-0.59,-1.3,1.8,0.63,-0.02,-1.38,-1.52,0.65,-0.37,-1.28,-0.94,-0.0
-0.45,1.16,-0.13,-0.52,-0.78,0.87,-1.0,0.25,-0.84,-0.15,0.2,-0.39,-0.0
0.55,0.84,-0.88,-1.02,-0.95,-0.73,-1.78,-0.27,-0.62,0.28,0.7,0.92,-0.0
-1.83,0.91,0.49,0.19,-0.02,0.38,-0.27,-1.19,1.53,-1.65,0.21,-1.57,-0.0
0.19,1.61,-0.38,-1.16,0.17,-0.84,0.57,-0.04,-1.11,-0.48,1.41,0.01,-0.0
0.06,0.27,-2.02,0.47,-0.69,1.3,0.24,-0.67,-1.61,0.04,0.64,0.43,-0.0
-0.29,0.46,1.68,-0.38,-0.64,-1.01,0.28,-0.76,-0.29,-1.05,0.4,0.87,-0.0
0.89,0.11,0.52,2.03,-1.52,0.35,0.23,-1.22,0.03,-2.22,0.86,-0.68,-0.0
1.47,0.17,-0.0,-0.7,1.09,-0.68,1.67,-0.71,-0.52,0.79,-0.21,0.04,0.0
-0.2,-0.05,-0.58,-0.3,-0.88,0.49,-0.61,1.01,-1.37,-0.76,0.36,-0.48,-0.0
0.02,-0.53,0.08,-1.52,0.64,-1.58,-0.15,-0.4,-0.37,-1.02,-0.84,0.06,-0.0
0.16,1.7,-0.65,-1.55,-0.04,-0.57,1.14,1.98,0.5,-0.2,1.8,0.61,0.0
0.84,-0.66,0.32,0.81,-0.07,0.78,-0.95,-0.38,0.29,-1.44,-0.49,-0.27,-0.0
-0.05,-0.15,0.2,0.54,0.39,0.01,0.26,-1.71,1.7,-0.27,-0.1,-0.04,0.0
-1.67,1.83,0.61,-1.26,-1.78,-1.06,2.11,-2.44,-1.79,-0.89,0.76,-1.43,-0.0
2.18,-0.86,0.89,0.55,0.73,0.17,1.05,0.84,0.35,-0.56,-0.73,0.3,0.0
-1.33,-0.86,-0.62,0.76,0.64,0.79,-0.15,1.56,0.46,-1.0,-1.39,1.65,0.0
-0.56,-0.1,2.29,-0.03,-1.95,0.47,0.27,-0.97,0.77,-1.1,-0.53,-0.1,-0.0
0.08,-0.16,-0.72,0.36,2.01,1.22,-0.34,-1.82,-1.52,-1.61,-0.74,-0.26,-0.0
-0.21,0.6,1.34,0.14,-0.15,0.84,-0.26,-1.31,0.4,0.49,1.82,0.16,0.0
0.45,0.16,0.98,0.12,0.39,-0.55,-1.15,-0.01,0.36,1.68,-1.17,-0.84,0.0
0.14,0.77,-1.76,0.87,0.95,1.16,-0.04,0.18,1.04,0.63,-1.78,0.61,0.0
-2.03,-0.06,-2.35,-1.02,0.1,0.59,0.52,0.5,0.96,1.15,0.42,-1.36,-0.0
0.07,-0.48,-0.14,0.05,-0.41,1.53,2.66,-1.32,-0.62,0.44,-0.29,-0.74,0.0
0.64,-0.29,0.65,0.23,0.15,0.47,0.8,0.53,-0.8,0.9,0.0,0.42,0.0
0.77,1.19,1.38,-2.82,-0.42,0.64,0.1,-2.29,-0.77,-0.12,-0.0,-0.39,-0.0
-1.15,-0.34,0.72,-0.91,1.5,-0.33,-0.85,-0.8,-1.18,-1.25,-0.51,0.51,-0.0
0.33,-0.4,-0.83,-0.35,-0.73,-0.06,-0.43,0.34,0.13,0.99,0.2,-0.67,-0.0
2.32,0.11,-0.82,1.08,-1.33,-0.13,-0.46,-1.64,-0.39,-0.73,1.31,0.91,0.0
0.37,0.18,-0.18,1.41,-0.3,-0.56,0.32,-1.74,-0.43,2.0,1.71,0.77,0.0
0.19,-1.86,1.45,-0.36,0.95,0.18,-0.85,0.7,-1.69,-1.92,-0.85,-1.48,-0.0
-1.2,1.02,2.4,-1.09,0.2,-0.03,0.16,-2.39,0.38,-0.18,-0.07,-0.66,-0.0
0.51,-0.71,0.7,1.32,-2.06,0.7,-0.35,-2.76,-0.24,-1.43,0.59,0.05,-0.0
-0.96,-1.38,-0.23,1.61,0.73,-0.46,0.69,-0.29,-0.58,-0.27,0.53,0.42,-0.0
1.34,-1.0,0.72,-1.95,0.43,-0.14,-0.96,-0.03,0.17,-1.03,0.26,1.32,-0.0
2.17,-0.01,-0.22,-0.5,2.07,-0.62,0.58,-0.75,-0.9,0.78,0.69,-1.37,0.0
2.06,0.23,0.95,-0.78,-0.83,0.96,-0.23,1.26,-1.44,0.77,0.17,-1.35,0.0
-0.68,0.02,-0.2,1.13,-1.4,0.14,-0.96,1.26,0.34,0.63,-0.89,-0.96,-0.0
0.31,0.44,-0.84,0.4,1.22,-1.41,-0.07,-0.15,-0.51,0.61,-0.98,-1.1,-0.0
1.12,1.29,0.31,-1.4,0.2,-0.93,-1.84,0.46,-0.74,0.7,-0.35,0.79,-0.0
-1.08,-0.41,1.43,0.86,1.07,-0.97,0.98,-2.51,-0.45,-1.32,-1.25,-0.22,-0.0
-0.88,-0.78,1.63,-0.19,-0.63,-1.37,1.45,-0.64,-0.18,-1.07,2.03,-0.32,-0.0
-0.46,0.46,1.42,0.34,0.53,0.09,0.03,0.42,-0.44,0.08,-1.55,1.06,0.0
-1.03,0.95,-0.86,-0.46,0.17,1.59,-0.75,0.86,0.75,-0.2,-0.34,0.88,0.0
0.03,1.84,-0.73,-1.0,-1.12,0.2,-0.19,0.48,-1.02,-1.58,-0.13,0.8,-0.0
-0.31,1.19,1.05,1.6,-1.34,1.36,1.75,-0.66,-2.59,0.65,-1.31,0.84,0.0
-0.26,3.2,-0.56,0.3,-0.53,0.17,-0.23,0.27,0.6,1.41,-0.4,0.23,0.0
0.73,-1.65,0.0,-0.37,-0.63,-0.32,1.16,-0.36,0.08,0.08,1.09,-0.38,-0.0
0.47,-1.67,-0.5,-1.66,0.01,1.26,1.33,0.88,-1.01,-0.21,-1.9,-1.14,-0.0
-0.69,0.78,-0.14,-0.4,0.33,-1.35,1.29,1.53,-0.03,1.71,-2.84,0.7,0.0
0.17,-0.04,-0.78,-0.8,-1.07,0.86,-0.1,1.43,-0.56,0.55,-1.68,1.04,-0.0
-0.14,0.6,-0.13,1.48,-0.65,-0.55,0.09,-0.34,0.2,0.29,-0.0,-0.37,0.0
-0.02,-0.8,-0.83,-0.93,-0.78,-1.08,-2.56,0.97,-1.52,-1.0,-0.33,-0.53,-0.0
0.38,2.01,-0.98,1.42,-1.7,-0.28,-1.18,0.03,0.37,0.71,1.59,-0.84,0.0
-0.39,0.03,-1.96,-0.04,-0.77,-2.84,-1.74,-0.01,-0.27,1.31,-0.94,-0.27,-0.0
0.1,-0.48,2.31,0.91,-0.98,-0.53,-1.65,0.74,0.38,-0.31,0.28,0.95,0.0
-1.22,0.31,-0.08,-0.43,-0.26,0.46,-0.62,-1.66,-0.0,0.77,-0.9,-0.63,-0.0
-0.85,0.84,-0.69,0.41,-0.4,0.63,0.58,-0.83,0.0,1.12,0.55,-0.03,0.0
-0.19,-0.32,-1.27,-0.83,-1.23,0.01,-0.6,-0.27,1.78,1.08,-0.05,0.74,-0.0
0.36,-0.01,0.99,0.83,-0.38,-0.15,1.02,1.02,-1.87,-1.24,-1.58,-0.39,-0.0
-0.89,-0.06,-0.52,-1.2,-0.17,-0.81,-0.47,-0.28,-0.92,0.38,0.12,1.21,-0.0
1.12,-1.53,-0.78,0.4,1.06,0.97,1.21,-0.72,-0.7,-1.04,0.83,-1.44,-0.0
-0.12,0.03,-0.25,-0.64,0.69,-0.06,0.88,0.81,-0.44,-0.36,2.01,1.15,0.0
0.39,-0.47,-0.4,2.11,1.38,0.78,0.55,-0.26,-0.73,2.11,1.84,0.11,0.0
0.95,0.68,0.58,-0.06,-0.78,-0.88,-0.45,0.16,-0.76,0.46,-0.99,0.62,-0.0
-0.66,-0.92,-0.68,0.23,1.47,1.55,0.37,1.57,0.45,0.54,0.65,-0.51,0.0
-1.17,0.19,-0.71,0.6,0.77,0.15,-0.42,-0.08,-0.7,-0.78,1.15,-2.03,-0.0
-0.23,-0.36,0.91,1.08,0.23,0.52,-0.26,-0.84,-1.06,0.68,-1.26,-0.49,-0.0
-1.49,0.09,-0.87,0.74,0.53,0.09,-1.56,1.69,1.14,1.5,0.19,-0.53,0.0
-1.45,-0.68,0.99,-1.29,1.86,0.58,-2.47,-0.5,-0.11,0.33,0.23,-1.55,-0.0
-0.45,1.35,-0.6,0.86,0.37,-0.22,0.79,-1.56,0.11,-0.31,-0.0,-0.3,0.0
0.41,-1.4,-0.73,1.89,0.01,0.18,0.96,-0.4,0.63,0.84,-0.71,0.87,0.0
-0.12,0.79,-0.74,-0.41,0.19,1.49,-0.92,-0.57,1.15,-0.82,-1.15,-0.04,-0.0
-0.08,-0.5,-0.22,1.54,-1.18,0.83,0.03,0.07,2.5,-0.0,-0.48,-0.04,0.0
1.62,1.29,1.71,0.43,-0.13,0.24,0.13,0.96,-1.69,-0.25,0.4,-0.01,0.0
-1.73,0.62,0.92,0.84,-0.2,-0.96,0.1,-0.93,0.98,0.62,0.27,-1.6,-0.0
-0.42,1.02,0.82,0.11,-0.64,0.02,-0.47,-2.61,2.67,0.53,1.45,-1.28,0.0
0.93,0.64,-1.73,1.18,0.99,-1.22,-0.07,-0.73,-1.7,0.72,-0.93,-0.73,-0.0
-2.2,-0.63,1.34,-0.47,-0.01,-0.24,0.99,0.21,1.33,-0.3,1.5,1.76,0.0
0.43,-1.04,-1.59,-1.43,2.5,0.47,1.16,-0.93,-1.34,-0.08,-0.63,1.1,-0.0
-0.26,-1.29,-2.08,-1.01,0.1,-0.24,0.0,-0.17,0.93,-0.25,0.65,0.64,-0.0
-1.01,0.38,-0.18,-0.23,0.25,1.4,0.12,-0.97,-0.34,-0.2,1.57,-2.21,-0.0
-0.64,0.18,-0.16,0.47,-1.36,0.16,0.64,0.25,-0.26,0.39,1.01,-0.8,-0.0
0.78,-1.06,-1.86,0.74,0.38,0.09,-0.59,-0.71,0.23,0.38,-0.78,1.01,-0.0
-0.99,0.45,0.16,-0.67,1.69,0.32,-1.48,1.87,-0.81,-0.08,-1.14,-0.97,-0.0
-0.64,1.54,1.09,0.67,1.43,0.04,0.14,-0.09,-0.38,0.99,-0.34,0.05,0.0
0.22,-0.47,-1.71,0.68,-2.19,-0.68,0.85,0.13,1.51,-1.83,0.59,0.26,-0.0
-1.59,-0.05,0.66,0.1,-0.11,-0.37,0.31,-0.38,1.11,0.35,-1.19,-1.25,-0.0
-0.45,-1.38,-0.09,-0.06,0.11,-0.5,0.12,0.35,-1.57,-0.99,-0.69,0.04,-0.0
1.94,0.37,0.67,-2.03,-1.47,-0.25,-1.69,0.44,-0.53,0.3,1.79,1.0,0.0
1.62,0.93,0.03,3.21,2.45,0.27,0.16,-2.26,1.27,0.01,0.86,1.06,0.0
-0.77,-0.0,1.51,0.06,0.68,-0.27,1.17,-0.09,0.34,0.94,-1.36,-0.43,0.0
-1.75,0.71,-0.14,1.25,-1.35,0.14,0.03,0.87,0.3,-0.36,-0.96,1.14,-0.0
-2.18,-0.63,-0.05,1.66,-1.54,0.06,-1.63,-0.25,1.0,-1.07,0.38,-0.27,-0.0
-1.67,0.43,0.03,0.72,-1.39,-1.53,0.62,-1.13,0.15,-0.47,-0.35,-0.6,-0.0
-1.21,-1.05,0.22,-0.28,-2.14,0.31,1.33,-1.39,-1.87,0.19,-0.85,-0.17,-0.0
-1.67,0.19,1.33,1.15,1.31,0.09,1.18,-0.42,2.9,2.23,-0.25,-0.35,0.0
0.41,-0.27,1.35,-0.04,-1.05,-0.64,-1.2,0.28,0.47,1.43,0.39,-0.16,0.0
-0.37,2.34,-0.3,1.12,0.03,0.85,0.55,-1.55,1.24,1.87,-2.24,0.58,0.0
1.4,1.15,0.87,0.32,-0.49,-0.21,1.85,-1.4,-1.43,-1.9,0.75,1.0,0.0
-1.83,1.41,-0.05,-0.85,-0.46,-0.74,0.42,0.55,-0.59,0.47,-0.11,-0.76,-0.0
-2.05,2.1,0.93,0.47,-0.74,-1.77,0.14,0.63,1.07,0.38,0.12,-0.84,0.0
0.37,-0.05,0.58,-0.12,-0.75,2.45,0.5,-0.44,1.02,-1.32,-0.8,1.11,0.0
-0.3,0.51,-2.32,0.09,-0.1,1.18,0.98,1.12,-1.27,0.76,-0.09,-1.51,-0.0
1.13,-1.06,-0.5,0.66,0.06,-1.59,-0.87,-1.86,0.55,-0.41,0.08,1.16,-0.0
-0.67,-0.72,-1.72,-0.29,-0.26,0.01,0.86,-1.79,0.16,-1.28,1.83,-0.49,-0.0
-2.69,-0.67,-1.5,-0.49,-0.55,0.58,-0.67,1.04,0.26,-0.76,-0.66,-1.26,-0.0
-0.7,0.24,1.11,-1.14,-0.82,-0.02,-0.48,0.44,-0.57,1.39,0.33,0.79,0.0
-1.24,0.14,1.4,0.54,-0.17,0.35,-0.79,1.15,2.47,0.92,0.43,0.77,0.0
-1.14,2.22,-2.49,0.12,-0.59,-0.04,1.51,-0.66,1.33,0.12,0.22,1.73,0.0
1.38,-0.26,-2.31,0.11,-1.56,-1.46,-1.36,-0.58,-0.11,0.42,1.24,0.64,-0.0
-0.56,2.63,-0.61,-0.46,-1.24,-0.52,-0.06,-0.01,1.44,0.46,1.11,0.64,0.0
1.37,-0.89,-1.67,0.15,-1.06,0.19,1.42,-0.29,-0.63,0.11,-0.5,0.43,-0.0
1.59,1.16,-0.77,0.98,-1.25,-1.35,2.0,-1.99,-0.83,0.72,0.83,-0.63,0.0
1.0,0.83,-0.58,-0.26,1.98,0.1,-0.11,1.16,-0.44,1.67,1.51,1.12,0.0
-0.02,0.24,-1.07,-0.26,-0.28,-0.42,0.92,-0.85,0.42,0.34,0.31,0.25,-0.0
1.37,-0.0,-0.97,0.25,0.06,-0.31,-0.1,-0.68,0.31,-0.19,-0.04,-1.06,-0.0
-0.16,-0.42,0.22,-0.48,0.73,-0.4,-3.2,0.55,0.56,-1.43,0.35,-1.82,-0.0
-0.75,-0.7,0.69,-0.06,-0.16,0.29,-0.73,-0.66,-0.66,-0.26,1.22,1.26,-0.0
0.78,-0.31,0.11,0.18,0.31,0.23,-2.43,-1.05,1.21,-0.6,1.89,-1.53,-0.0
2.55,-2.88,-0.06,-0.56,0.45,-1.04,-0.55,-0.05,1.29,0.42,-0.15,-3.1,-0.0
-1.44,0.21,-0.2,-0.76,-0.54,0.96,-1.84,-0.07,0.75,-0.33,0.4,-0.37,-0.0
-0.81,2.21,-0.29,-0.26,-0.2,0.52,-1.74,-0.27,1.11,0.43,-0.3,0.35,0.0
-0.68,0.71,-1.06,0.62,-0.53,-0.0,1.86,-1.84,-0.95,1.16,1.63,0.41,0.0
0.93,-0.25,0.17,-1.66,0.17,-0.4,-0.41,1.58,-0.15,0.54,-0.61,-0.57,-0.0
-0.74,0.62,-0.81,-0.95,-1.13,0.61,0.22,1.88,-0.29,-0.22,-0.49,-0.11,-0.0
1.61,-0.93,2.36,0.49,0.19,0.44,-0.01,-1.24,-0.12,0.55,-0.36,-0.08,0.0
-1.36,-1.26,-0.33,0.65,1.18,0.48,0.84,1.18,-1.81,-0.32,1.14,0.05,0.0
-0.19,0.67,1.54,-0.54,2.05,0.52,0.1,0.13,1.11,-0.84,0.32,0.4,0.0
1.65,0.57,-0.38,1.59,-0.28,-0.94,-0.31,-0.94,1.08,0.47,1.11,-0.23,0.0
-2.57,-1.36,1.3,0.4,-0.03,0.8,0.96,-0.33,0.35,-0.88,-1.6,0.58,-0.0
0.08,-1.11,-0.12,-0.05,0.63,-1.93,2.34,0.91,1.04,2.03,1.97,0.94,0.0
0.14,-0.03,-2.45,-1.04,0.78,0.62,0.63,0.75,-0.67,-0.83,-2.76,-1.7,-0.0
-1.13,-0.2,-0.31,0.28,-0.17,0.59,-0.6,0.55,-0.23,0.61,-0.27,-0.74,-0.0
0.28,-0.04,-0.01,2.33,-0.23,-1.06,1.7,-0.94,0.64,0.34,-0.95,-0.62,0.0
-0.42,-0.01,-0.92,1.62,0.31,-1.36,-0.19,-0.2,-0.61,0.88,-2.03,-1.5,-0.0
-0.32,0.85,-0.11,-0.86,1.13,-0.08,-1.47,-1.18,2.77,1.51,0.36,-0.86,0.0
1.7,0.55,-0.9,-0.92,-0.4,0.87,1.59,0.29,0.32,0.93,-0.66,-0.87,0.0
0.13,0.0,-0.93,1.45,-0.22,0.16,0.7,-1.98,1.34,1.15,-0.19,-0.38,0.0
-0.03,1.05,-1.16,-0.7,1.13,-1.71,-2.34,1.84,0.46,-1.76,2.03,0.53,-0.0
-0.15,0.45,0.49,-0.01,-0.02,1.38,0.08,0.08,1.54,-1.24,-0.59,0.78,0.0
-0.05,0.57,-1.22,1.19,-0.81,-0.55,0.47,-0.47,-1.66,-1.98,0.1,-0.37,-0.0
1.22,0.15,0.73,1.12,-0.47,-0.97,-1.08,0.19,-0.37,0.34,0.63,-0.55,0.0
1.07,1.39,-0.97,0.76,1.51,-0.98,0.06,0.03,0.94,0.66,1.1,0.71,0.0
2.38,0.38,-1.75,-0.47,0.55,-0.28,-2.02,-0.08,2.69,-1.28,1.33,-1.89,-0.0
1.07,-0.01,0.64,1.39,-0.76,-1.0,-0.39,-0.85,0.34,0.46,-0.08,-0.06,0.0
-0.9,0.45,1.36,0.57,0.34,0.68,-2.05,1.38,-0.21,0.25,-0.91,1.36,0.0
0.1,-0.2,2.19,-2.67,0.36,-0.36,0.03,0.61,1.25,-0.04,-0.63,-0.24,0.0
-1.44,0.23,1.23,-1.0,0.55,1.47,0.33,0.37,0.76,-1.76,-1.56,0.37,-0.0
1.61,0.24,0.75,-0.65,0.8,-0.3,-2.35,-1.06,-0.25,0.91,1.15,-0.01,0.0
-0.17,0.86,2.49,-0.22,1.28,2.12,0.49,-2.2,0.01,0.73,-0.17,-0.74,0.0
-0.02,0.35,-0.42,-0.31,-1.52,0.61,-0.43,0.51,-0.76,-1.0,-2.44,0.14,-0.0
0.04,0.91,1.1,-0.76,0.48,1.3,0.26,-0.95,1.55,1.16,-0.21,-1.51,0.0
-1.69,0.52,0.74,-0.62,-0.71,0.53,1.4,0.94,-1.03,-0.41,1.79,-1.93,-0.0
-0.5,-0.18,1.16,0.86,-0.95,0.95,0.43,0.82,0.66,-0.36,-1.67,0.08,0.0
0.75,0.21,-0.87,0.3,0.56,0.71,1.0,-0.68,0.99,-0.18,-0.23,-0.44,0.0
0.21,-0.83,0.78,-1.38,0.39,-0.97,0.26,-0.34,-0.1,-0.55,1.58,-0.94,-0.0
-0.61,-0.49,1.21,1.21,0.2,0.81,0.42,1.3,-0.17,-0.47,-1.34,-1.34,0.0
-0.26,0.31,0.93,0.25,1.33,-1.78,-0.22,-0.3,1.02,-1.37,-0.22,-1.14,-0.0
1.01,-0.52,0.07,0.07,1.14,-1.88,0.2,-0.48,-2.12,1.65,0.74,0.47,0.0
-0.34,-0.24,0.05,2.2,1.02,0.72,-0.09,-1.13,-0.43,2.16,0.67,0.23,0.0
-0.44,0.13,-1.33,0.29,1.43,0.24,1.59,-0.4,0.15,-0.33,0.92,0.04,0.0
-1.68,0.49,-0.02,2.1,-0.72,0.38,0.53,1.38,0.84,1.08,0.3,-0.91,0.0
0.75,1.51,-0.51,-1.14,-0.31,1.5,-0.72,-1.04,0.44,-0.45,0.72,2.11,0.0
0.52,0.59,1.11,0.41,0.2,-0.11,-0.33,-0.5,1.01,-1.31,-0.18,0.87,0.0
-2.04,0.09,1.53,0.36,-0.88,-0.42,0.18,-0.72,-0.93,-1.18,0.24,0.2,-0.0
0.15,-0.62,-1.73,-1.31,-1.03,1.16,1.72,0.5,-0.17,0.12,-1.22,-0.08,-0.0
0.08,1.0,0.39,1.71,-0.07,-0.05,-2.54,-2.97,0.0,-0.24,1.83,0.63,-0.0
0.66,0.49,-0.25,-1.08,0.51,-0.73,0.26,0.02,1.47,0.75,-1.92,2.14,0.0
-0.42,-0.34,-0.86,-1.06,1.05,0.79,0.77,-1.21,-0.54,0.69,1.72,-0.8,-0.0
1.57,1.58,0.31,1.51,1.77,0.54,-1.53,1.43,0.15,-1.75,-0.35,0.12,0.0
1.0,1.06,-0.7,0.15,1.36,-1.35,-1.35,0.62,-1.48,0.75,-0.93,0.74,-0.0
-1.45,1.2,-0.11,-1.6,-0.21,-0.34,0.16,0.65,-0.56,0.34,-0.26,0.75,-0.0
0.75,0.44,0.73,-1.44,0.21,-1.76,-0.24,-0.59,1.64,-0.18,-0.83,-0.5,-0.0
1.15,0.72,-0.32,-0.32,-0.66,0.48,-2.04,-0.81,0.19,0.74,0.33,0.39,-0.0
0.71,-0.14,1.34,0.91,3.62,-0.32,-1.72,0.18,-1.51,-0.61,-1.59,-0.83,0.0
0.15,-0.72,1.26,0.09,2.0,-1.02,-0.65,0.62,-0.41,0.98,1.58,-1.49,0.0
-0.43,-2.07,-1.2,-0.11,1.13,0.74,-0.49,-0.46,-0.86,-0.61,0.39,-0.49,-0.0
1.5,-1.33,-0.95,0.66,0.14,0.25,-1.64,-1.2,-1.06,-2.1,1.71,0.23,-0.0
-1.21,-1.02,0.92,-0.12,0.61,-0.52,-1.08,1.06,-0.96,-2.88,1.59,-0.12,-0.0
-1.44,0.48,0.39,-0.16,-0.74,1.18,0.27,-0.25,-1.22,0.12,0.22,-0.43,-0.0
0.75,-1.36,0.52,-0.65,0.57,-0.86,0.56,-1.47,1.24,1.39,-0.77,0.16,0.0
-0.65,-0.46,-0.23,-1.31,0.47,-1.91,0.71,1.58,-0.3,-0.1,2.13,-0.53,-0.0
-1.2,2.58,1.02,0.19,0.29,0.66,-0.55,1.47,0.25,0.77,-0.18,-0.32,0.0
0.36,-0.18,-0.87,-0.11,-0.62,0.7,-0.21,0.42,-0.76,1.93,1.69,2.02,0.0
0.24,-1.97,-0.29,0.27,0.87,2.67,-0.94,-0.19,-0.93,1.01,0.91,0.6,0.0
-1.15,-1.01,-1.41,-1.09,1.84,-0.26,-0.77,-0.79,-0.72,0.22,0.11,-0.72,-0.0
1.1,0.07,-0.71,-1.65,0.57,0.33,0.18,-0.45,0.6,-0.21,-0.0,1.4,0.0
-0.07,-0.29,-1.04,-0.37,-0.78,-0.18,-1.57,-1.9,0.51,0.62,0.54,0.87,-0.0
0.8,0.26,-0.41,-0.42,-0.04,1.22,1.28,1.1,1.24,0.69,-1.05,-0.72,0.0
1.82,0.74,0.25,0.13,0.3,-1.04,0.25,1.66,-0.23,-0.69,0.67,1.32,0.0
-0.63,-1.16,1.41,0.6,1.21,-0.3,-1.96,1.07,0.87,0.03,-0.33,-0.11,0.0
-0.38,0.0,1.86,0.34,-0.77,-0.31,-0.88,0.35,0.4,0.63,0.99,0.05,0.0
-1.6,1.15,-0.5,-1.49,1.93,-0.88,0.71,-1.32,-0.58,-0.4,-0.55,2.38,-0.0
0.21,-0.27,0.62,0.09,1.76,1.01,0.01,-0.23,1.94,-1.72,0.51,-1.35,0.0
1.15,-1.16,-1.12,1.32,-0.56,-0.23,-0.05,1.1,-1.0,-0.59,1.39,0.7,0.0
-0.86,-0.68,1.58,0.97,-1.05,1.37,-1.04,-0.91,0.56,0.4,0.93,1.13,0.0
-0.6,-0.09,-0.57,1.27,-0.8,0.69,1.63,-1.12,-1.13,-0.42,-0.89,1.09,-0.0
-0.19,1.02,-0.46,0.16,1.43,-1.07,-0.38,0.51,-0.64,0.2,0.38,0.55,0.0
0.43,-2.0,-2.92,-0.86,-0.91,-0.16,2.03,1.57,-0.93,0.22,0.94,0.92,-0.0
0.97,-0.06,-0.81,0.2,0.1,-0.11,-0.31,-0.86,0.19,0.47,-0.53,-0.84,-0.0
-0.11,-1.21,-0.81,0.61,1.41,0.34,-1.64,0.24,-0.32,1.17,1.35,0.6,0.0
-0.89,0.25,-0.46,0.59,0.04,-1.84,-1.14,0.7,1.2,-0.16,-1.44,0.17,-0.0
-0.94,1.94,-1.18,-0.07,-1.36,-1.02,-1.15,-0.33,0.13,-1.56,-1.2,-1.25,-0.0
-1.56,0.91,0.22,-0.79,-1.1,2.37,2.09,-0.33,0.01,0.01,0.98,-0.63,0.0
-0.63,-0.18,-0.77,-0.84,-1.61,-0.25,1.72,-0.5,1.55,-0.79,0.04,0.92,-0.0
1.88,-0.68,0.25,0.5,-1.27,1.5,0.29,-0.34,0.86,0.58,0.53,1.04,0.0
-1.52,0.69,0.19,-0.04,-0.81,-0.22,-1.44,0.17,-0.27,0.2,1.75,-0.16,-0.0
-0.41,-0.46,-0.25,1.29,1.09,0.69,0.96,0.13,1.79,0.62,0.42,-0.13,0.0
-1.41,0.6,0.0,0.61,0.53,-0.24,1.62,-0.58,-2.45,0.4,-0.91,-1.11,-0.0
-0.56,0.81,2.39,0.13,-0.37,0.75,0.74,-0.62,0.81,0.67,-0.31,0.64,0.0
-0.25,-0.31,-0.66,-0.14,0.82,1.81,0.13,0.19,-1.0,0.26,-0.46,1.87,0.0
0.17,1.94,0.16,0.91,1.0,0.23,-1.46,0.95,-0.05,-0.41,-0.64,0.37,0.0
-0.43,-0.12,-1.23,-0.66,-1.62,0.69,-1.92,1.79,-0.6,1.22,-1.91,0.69,-0.0
-1.14,-0.11,-1.26,0.26,0.27,1.04,0.14,-0.42,2.23,-0.73,0.59,2.88,0.0
-1.43,0.37,-0.9,0.28,-0.52,1.38,0.74,-0.43,0.48,0.38,0.43,0.44,0.0
-0.59,1.32,-0.96,-1.43,-1.01,-0.64,1.52,0.96,-0.62,-0.97,0.49,1.12,-0.0
0.52,2.21,-0.98,1.29,0.11,1.73,0.7,0.89,1.04,1.41,-0.02,-1.58,0.0
-0.5,-1.14,0.33,0.41,0.37,-0.61,0.07,-0.05,1.34,0.74,-1.97,1.53,0.0
0.37,-0.34,-0.54,-1.05,-1.18,-0.32,-1.42,0.15,0.83,-0.75,-0.68,-0.06,-0.0
1.63,0.17,1.23,-1.02,-0.86,-0.75,0.08,-1.31,-1.24,1.51,0.5,0.67,0.0
-1.53,-0.35,-0.81,-0.38,2.16,0.66,-0.2,1.1,0.69,-1.02,-0.54,0.3,0.0
0.95,-0.6,-0.19,1.08,2.39,0.6,1.06,0.67,-0.15,0.0,-0.56,0.58,0.0
-2.4,0.05,0.52,-0.19,2.17,-0.19,1.49,-0.61,-0.29,-1.04,-0.81,1.79,0.0
-1.02,-1.59,0.12,-0.36,-0.17,-0.93,0.72,0.77,-0.93,-0.74,-0.15,-1.12,-0.0
0.91,-0.74,-0.05,-0.35,-0.5,-1.18,1.22,-0.53,0.21,1.0,-0.86,-1.21,-0.0
0.25,-1.81,-1.71,0.6,1.65,0.32,0.17,-0.97,0.25,-1.02,-0.78,0.6,-0.0
-0.81,-0.44,0.35,1.14,-0.34,-0.08,-0.94,1.59,-1.33,-0.88,-0.94,1.24,-0.0
0.66,-0.09,-0.18,-0.59,0.14,0.8,0.47,1.37,-0.39,-0.69,0.24,-0.76,0.0
0.4,0.52,-2.4,1.2,-0.72,-0.46,2.34,-1.77,0.48,-1.68,0.99,-0.75,-0.0
1.55,-0.44,1.22,-1.43,-0.79,1.28,0.24,-0.75,0.88,-0.07,-0.68,1.19,0.0
-0.32,-1.61,-1.83,-1.07,-1.68,-0.58,-1.44,-0.86,-1.3,0.22,0.42,0.85,-0.0
-0.89,0.2,-2.12,0.54,1.13,0.77,0.06,-0.42,-0.96,0.93,-1.81,0.94,-0.0
0.63,0.23,-1.5,-0.52,1.51,-0.71,-0.25,0.65,0.68,1.56,0.35,-0.57,0.0
-0.15,-0.38,0.35,0.25,-0.02,1.11,-1.5,-0.56,-0.66,-1.97,-0.75,0.16,-0.0
-1.04,-0.27,0.24,-2.5,-1.1,-1.98,0.08,-0.27,0.64,-0.49,0.11,-0.73,-0.0
0.32,-0.88,-1.03,-0.46,1.13,-0.75,0.59,0.03,-1.45,-0.56,0.78,0.6,-0.0
-1.36,0.39,0.57,0.29,2.03,-0.7,-2.09,-0.59,-0.45,0.07,1.2,-2.18,-0.0
-0.01,-0.61,0.18,1.82,-0.25,0.3,0.04,-0.43,0.63,0.84,-1.0,1.59,0.0
0.05,-1.17,-0.7,-0.17,-0.22,0.07,1.11,1.31,-0.54,2.16,0.33,0.38,0.0
1.68,1.1,1.12,-0.18,-0.52,0.0,-1.7,1.82,-1.24,0.25,0.16,-1.45,0.0
-1.3,0.76,1.17,-1.27,-0.2,-1.38,-0.89,0.01,0.55,-1.08,-0.14,-0.93,-0.0
0.37,-0.39,0.88,0.66,2.3,-0.33,-0.69,1.64,0.0,0.75,-1.22,-0.35,0.0
-1.07,0.72,-0.25,-0.63,-0.5,-1.54,-0.78,-1.34,0.67,-1.69,0.11,-0.67,-0.0
-0.06,-1.06,0.68,-0.36,-0.13,1.14,-0.41,0.16,0.77,-0.73,0.02,0.26,0.0
-0.77,1.03,1.01,-0.74,0.91,1.25,-0.32,0.27,-0.65,0.97,1.85,0.48,0.0
0.54,-1.73,-1.58,-0.46,0.17,0.22,-1.75,0.18,0.79,-1.97,0.41,-0.63,-0.0
0.11,0.24,1.41,-0.54,0.17,0.09,1.51,0.32,-0.2,-0.64,1.9,0.04,0.0
-2.91,0.99,0.19,0.24,-0.23,-1.16,0.51,-0.45,1.17,1.78,-0.29,-0.48,-0.0
-2.95,-1.1,-0.58,-0.41,-0.54,-0.32,-0.17,-0.55,-1.51,-0.52,-3.13,-0.39,-0.0
-0.28,-1.74,0.5,-0.41,0.43,0.29,1.25,-0.58,0.1,-0.56,0.6,0.28,-0.0
-0.18,2.16,0.16,-0.08,0.77,0.77,-2.14,-1.28,-1.21,0.64,1.06,1.61,0.0
-1.1,-0.36,-0.21,-0.35,-0.27,-0.46,1.57,-0.18,-1.84,-0.21,0.6,-1.09,-0.0
-0.62,-0.09,-0.09,-0.69,0.33,-0.48,0.57,-0.43,0.71,-1.21,1.93,1.34,0.0
0.53,-1.44,-0.01,-1.31,-1.04,1.27,-0.76,-0.07,-0.28,1.02,0.37,0.14,-0.0
-1.72,-0.56,0.17,-0.62,0.15,1.2,-0.46,-0.02,1.26,-1.45,-0.51,0.13,-0.0
-1.41,0.04,0.91,1.34,0.47,-0.02,0.49,0.3,1.35,-0.76,0.17,-0.54,0.0
-1.05,1.2,-1.6,0.36,-0.17,-0.07,-0.02,-0.44,-1.82,-0.53,-1.98,1.17,-0.0
-0.24,1.21,0.63,2.09,-1.18,-1.01,-0.06,0.72,0.85,-0.86,1.28,-0.6,0.0
-0.73,0.88,0.27,-1.01,-0.03,1.07,-0.1,0.61,-1.35,1.24,0.28,-0.47,0.0
-0.25,-0.65,-0.62,0.25,-2.65,0.07,-0.33,0.76,-0.48,1.3,0.73,0.04,-0.0
1.22,1.94,-0.25,-0.39,0.87,-0.15,0.02,-0.05,1.11,1.47,1.55,0.05,0.0
0.88,0.01,-1.84,-0.92,-0.44,0.98,-1.34,0.31,-0.25,0.08,-0.79,-1.35,-0.0
0.88,-1.12,0.25,-1.05,0.2,1.06,-0.92,1.36,-0.27,2.48,-0.28,0.61,0.0
-2.16,-0.03,-0.02,0.52,-0.46,0.21,-1.04,0.25,-0.56,0.9,1.29,-0.09,-0.0
-0.37,-0.07,-1.02,-0.13,-0.82,-1.0,0.38,-0.54,1.07,1.37,1.62,-0.7,-0.0
-1.84,0.59,1.03,-2.08,0.07,0.05,1.78,-1.4,1.0,0.26,0.74,-1.72,-0.0
-0.57,-0.15,0.68,1.98,0.03,0.47,-0.48,1.07,0.34,-1.07,-1.16,-0.48,0.0
-0.48,-0.11,1.18,0.4,1.6,-1.1,-0.14,-1.09,3.62,0.01,-0.32,1.46,0.0
1.11,-0.3,-0.4,-1.16,-0.6,-0.08,1.47,0.04,0.24,0.47,0.79,1.45,0.0
2.26,-0.05,-1.12,0.28,-0.04,1.61,1.47,0.62,2.01,-1.06,-0.44,0.33,0.0
0.39,0.55,-1.1,0.01,0.33,-0.25,-1.4,0.91,0.17,-1.52,-0.54,-0.69,-0.0
0.61,-0.58,0.68,0.6,0.3,-0.09,0.58,0.49,0.86,-0.07,-0.86,-0.16,0.0
0.3,-0.42,-0.88,0.37,-1.92,0.06,0.2,0.28,0.67,-0.47,-1.04,-0.04,-0.0
-0.45,-1.19,-0.99,-0.4,-0.84,-0.14,-0.75,-0.43,1.99,-0.99,0.63,-0.33,-0.0
1.6,0.45,0.22,0.24,-1.85,-0.63,-0.25,1.44,-1.05,-1.49,-0.07,-1.21,-0.0
1.01,-1.38,2.27,0.85,1.64,0.8,2.01,2.04,0.28,-0.44,0.94,-2.37,0.0
-0.62,-0.1,1.37,1.6,1.38,0.03,-0.6,-0.4,0.84,-0.88,-0.18,0.02,0.0
-0.07,0.66,0.51,-1.34,-1.02,-0.67,-0.72,1.03,-1.11,0.18,-1.83,0.09,-0.0
-0.39,-0.43,-1.23,1.19,1.27,0.59,-1.22,-0.03,0.13,0.03,1.05,-1.3,-0.0
0.24,-1.62,-1.45,-0.58,1.46,-1.59,0.22,1.27,1.64,1.27,-1.0,-0.02,-0.0
-1.42,-0.53,0.24,1.27,0.88,-1.03,1.12,-1.62,-0.03,-0.23,-0.7,-0.05,-0.0
0.93,0.46,-0.77,-0.76,0.02,-1.38,0.93,-0.18,-0.15,-0.76,-0.89,-0.73,-0.0
-0.06,-0.19,0.49,0.99,-0.48,-0.02,-0.95,-0.28,1.07,-1.28,-1.28,-0.33,-0.0
-0.86,0.2,-0.22,-1.9,0.06,-0.33,0.43,-0.06,-0.65,0.37,0.58,-0.92,-0.0
0.53,-0.49,0.61,0.46,0.13,0.14,0.04,0.25,1.67,0.02,0.52,-1.47,0.0
0.09,-1.37,0.32,-0.97,-1.06,-1.33,0.3,0.19,-0.52,0.69,0.15,0.92,-0.0
-0.35,-0.56,0.04,1.18,-2.54,0.45,-0.23,0.32,-1.2,-0.54,1.25,-0.82,-0.0
-0.56,0.75,0.53,0.58,-0.27,-0.24,0.08,0.61,0.98,0.29,-0.31,-0.42,0.0
-0.39,0.72,1.42,1.0,0.23,-0.2,-0.76,0.3,-0.03,0.23,0.92,0.55,0.0
-0.28,-1.81,1.49,0.22,0.03,0.96,-1.13,0.67,2.85,0.49,-0.31,-0.58,0.0
0.06,2.21,-0.56,-0.18,-0.9,-1.09,0.34,-1.07,0.94,-0.32,-0.16,-0.01,-0.0
-1.06,-0.82,2.58,1.42,-1.06,0.4,0.62,-0.57,-0.88,0.89,-0.35,1.04,0.0
-0.16,-1.51,0.31,0.05,-0.39,0.05,-0.43,1.88,0.44,-1.34,1.12,1.0,0.0
0.42,-0.78,0.26,-1.92,-0.72,-2.65,1.75,0.08,0.19,-1.9,0.86,-0.48,-0.0
-1.1,-0.81,1.64,-0.11,0.35,-0.53,0.04,0.93,0.08,1.02,-0.64,2.53,0.0
1.58,-0.44,0.95,0.38,-0.12,-0.65,0.23,-0.18,-0.41,0.39,1.82,-0.5,0.0
-1.3,-0.32,0.57,-2.57,0.48,1.06,-0.94,0.84,-0.18,0.53,0.63,-0.08,-0.0
-0.62,-0.23,-2.21,-2.04,-0.03,-0.42,1.22,-0.3,0.24,-1.28,-0.3,0.1,-0.0
-0.17,-1.6,2.02,-0.4,-0.94,1.02,0.43,-1.57,-0.07,-0.27,-0.09,0.9,-0.0
0.5,-1.17,-1.77,-1.13,0.76,-0.59,-1.7,0.4,-1.93,2.08,1.1,-0.23,-0.0
-1.29,-0.97,0.64,-0.25,-1.17,1.24,-0.89,1.1,0.28,0.1,0.49,-1.42,-0.0
-0.17,-0.56,-0.26,-1.52,-1.62,-0.73,0.1,-0.3,0.87,-0.94,0.19,-0.54,-0.0
-0.11,-1.48,0.55,0.52,2.26,1.02,-1.76,-0.1,0.33,0.06,0.1,0.22,0.0
-0.13,-1.17,1.78,0.27,0.9,0.31,1.12,0.37,1.32,1.9,1.66,-0.69,0.0
0.21,0.39,0.57,-0.37,1.44,-1.02,-1.18,-0.56,0.58,-0.17,1.34,0.25,0.0
0.69,-0.71,0.97,-0.67,-1.15,-0.14,1.08,1.66,-0.03,1.05,-0.04,0.2,0.0
-0.57,-2.26,-1.04,-1.71,-0.28,1.14,0.73,0.86,-0.1,1.02,-0.36,-0.33,-0.0
-0.7,1.19,0.15,1.68,0.36,-0.86,-0.94,-0.86,-0.32,1.33,-1.22,-1.82,-0.0
-0.65,1.55,-0.51,-0.46,-1.1,-0.9,1.19,0.68,-0.46,0.84,1.04,0.5,0.0
0.98,0.06,-0.75,-0.79,-1.91,-2.48,0.56,1.73,-0.45,-0.47,0.05,-0.92,-0.0
-1.46,2.47,-0.35,-0.04,0.9,-0.62,0.23,0.04,-0.69,-1.57,0.2,-2.2,-0.0
0.06,-0.16,-0.27,-0.64,1.43,0.26,0.16,1.07,-0.09,0.39,1.42,-0.49,0.0
-0.75,1.34,-1.42,1.14,-0.49,-1.48,-0.13,1.51,0.29,1.17,-0.53,0.52,0.0
-0.28,-0.26,0.62,0.32,2.24,1.93,1.07,0.62,-0.17,-1.92,-1.17,-0.46,0.0
-0.56,-0.69,0.68,-1.15,-0.17,1.21,-0.24,-1.85,-0.65,0.35,0.16,1.2,-0.0
0.91,-1.33,0.31,0.25,0.83,-0.84,-0.37,-1.23,1.14,-1.03,-1.33,-0.3,-0.0
1.43,-0.64,-1.02,0.61,-2.51,-0.07,0.58,-0.69,-1.09,0.17,-0.28,-1.65,-0.0
0.95,0.61,-1.83,1.47,1.59,0.14,2.01,1.58,0.5,-0.85,-1.05,0.52,0.0
-0.52,0.72,0.36,-1.36,1.38,2.02,-0.52,0.77,-0.69,-0.63,-0.36,1.33,0.0
-0.3,-1.0,-1.86,0.76,-0.13,0.54,0.48,0.72,-2.46,1.44,-0.79,-1.16,-0.0
-1.94,2.14,-0.89,0.07,0.38,-0.88,-0.2,-2.97,-1.21,0.24,0.32,0.78,-0.0
0.66,-1.16,0.56,-0.57,-1.25,0.1,-1.56,0.68,0.35,-0.76,0.11,-1.02,-0.0
-0.93,-0.65,0.55,0.09,0.59,-0.24,-1.66,-0.28,-0.09,0.46,-0.61,-1.5,-0.0
0.09,-0.01,0.89,1.62,0.08,-1.2,0.39,0.48,1.1,-0.36,-1.6,1.33,0.0
0.89,-0.2,1.86,-0.29,-0.66,-0.02,-0.51,0.15,-0.83,-1.25,0.39,-0.75,-0.0
-0.18,-0.81,1.2,0.26,1.7,2.96,-1.39,0.67,-0.03,-1.44,-0.21,-0.18,0.0
1.77,-0.12,0.22,-0.65,-0.05,0.2,-1.89,0.15,0.66,1.1,0.23,-0.75,0.0
1.02,-0.47,-2.37,0.09,0.16,0.28,0.75,-1.04,1.16,0.51,-0.14,-0.58,-0.0
-1.69,1.16,-0.5,-0.19,0.43,-0.84,1.12,-1.46,-0.22,2.06,0.81,2.04,0.0
-2.55,-1.99,0.06,0.68,-1.09,1.34,1.29,0.84,-0.18,1.31,0.59,1.08,0.0
-1.06,1.95,-0.35,-1.23,1.02,-1.58,-1.3,-0.31,-0.52,2.02,0.34,0.36,-0.0
-0.74,-0.8,-0.1,0.05,-2.3,-0.99,-0.45,0.92,1.08,-1.11,0.08,-1.04,-0.0
1.39,-0.42,0.82,0.92,1.21,1.13,1.14,-0.85,-1.08,0.13,1.84,1.74,0.0
-0.03,-0.83,1.18,0.48,-0.89,-0.5,-0.25,-1.61,-0.25,-0.31,-0.66,-1.25,-0.0
0.37,-0.11,-0.12,0.84,0.76,-1.12,-1.08,0.92,0.12,-1.04,-1.92,1.9,-0.0
-0.0,1.32,-0.15,1.49,1.33,-2.12,-0.2,0.05,-0.77,0.46,0.32,0.48,0.0
0.1,0.26,-0.07,-0.86,-0.71,1.46,0.18,0.49,-0.33,0.84,-1.19,-0.42,-0.0
0.47,1.81,-0.14,0.21,-1.14,-0.46,0.25,0.22,1.26,0.19,0.33,-0.19,0.0
-0.34,-1.23,-2.06,-1.14,0.33,-0.82,-2.04,-0.05,0.4,-0.29,-0.57,0.5,-0.0
-0.54,-0.59,-0.79,0.83,-0.47,0.97,0.7,-0.03,-0.22,0.16,-1.46,0.59,-0.0
-0.09,0.2,0.59,1.0,0.87,0.63,-0.13,0.49,0.76,0.29,1.82,1.03,0.0
1.27,-0.41,-0.98,0.53,0.57,0.79,0.54,-1.59,-1.03,0.26,-0.09,-0.71,-0.0
-0.73,-1.54,-0.53,0.26,0.29,0.8,1.73,-0.44,0.96,0.25,-0.49,0.46,0.0
0.08,-0.64,0.17,1.7,1.05,-0.08,-0.34,-0.94,1.6,0.57,1.28,-0.6,0.0
0.85,0.35,1.1,-1.12,1.04,0.06,0.04,0.12,-1.25,-1.46,1.34,-1.77,-0.0
-1.05,1.31,-1.11,-0.88,0.04,0.77,-0.13,-1.11,-0.96,-0.1,1.27,-0.26,-0.0
0.43,-0.55,1.32,0.59,0.38,-0.42,-0.01,-1.49,-0.58,-1.99,-1.45,-0.73,-0.0
0.61,2.31,-1.04,0.04,0.22,-0.34,-0.02,0.45,0.31,-1.36,0.65,1.31,0.0
-0.85,0.6,-0.93,-0.04,-0.39,-1.85,0.58,1.22,-1.81,2.14,1.06,1.06,0.0
0.26,1.88,0.75,-1.49,-0.53,-1.52,0.39,0.46,-1.17,0.55,0.16,0.95,0.0
1.03,0.54,-0.56,0.07,-0.0,-0.69,1.5,0.58,-0.57,-0.9,0.29,0.88,0.0
1.4,0.99,-0.55,-1.72,0.97,-1.41,1.2,-1.91,-1.5,-0.17,-0.56,0.26,-0.0
0.46,1.85,0.55,1.69,-0.86,0.82,0.68,0.31,0.77,-0.29,2.51,1.4,0.0
-2.3,-0.5,-1.12,-0.54,0.03,1.87,-0.53,-0.32,0.28,-0.59,1.62,0.57,-0.0
1.12,0.05,-0.93,0.35,1.62,-0.43,-2.18,0.66,-0.64,-0.1,-0.65,-0.21,-0.0
1.94,-0.83,0.22,0.71,-0.06,1.19,0.81,0.23,-0.22,0.62,0.76,0.76,0.0
-0.04,1.0,0.34,0.49,0.12,-0.52,0.33,0.53,0.13,-0.22,0.08,0.2,0.0
0.08,0.69,-0.42,1.31,0.18,-1.31,1.51,0.43,-0.04,-0.66,0.84,0.76,0.0
-0.28,0.46,1.17,-0.28,0.07,1.23,0.18,1.44,1.36,-0.43,-1.28,-0.15,0.0
-0.2,-0.33,-1.14,-0.28,1.56,3.0,0.79,2.88,0.6,1.17,0.16,0.18,0.0
-0.52,0.53,2.35,0.45,-0.71,0.49,0.11,0.65,1.16,0.16,2.31,0.69,0.0
-0.7,0.05,-0.08,-0.19,-0.01,1.75,0.04,2.23,-0.56,-0.64,-0.07,1.48,0.0
0.68,0.44,-0.25,0.51,0.21,-0.8,-2.54,-0.54,-2.09,-0.53,0.66,0.3,-0.0
0.38,0.03,-1.87,1.92,0.7,-1.73,-0.38,-0.67,0.48,0.43,0.3,0.33,-0.0
-0.96,1.92,-0.74,-1.07,0.45,-0.21,-0.17,0.31,0.79,0.84,-1.59,-1.06,-0.0
0.53,0.93,-0.68,-0.63,0.66,2.36,0.7,0.94,-2.12,0.67,1.55,1.21,0.0
-0.31,1.24,-0.57,0.37,0.68,1.23,-0.74,0.56,1.29,0.02,0.99,0.23,0.0
-0.24,-0.67,-0.3,-0.96,-1.78,-0.9,0.18,-0.83,0.1,0.37,0.13,0.33,-0.0
0.61,0.19,0.79,0.03,0.63,0.78,0.02,0.02,2.13,-1.37,1.75,0.16,0.0
1.08,0.69,-1.21,0.61,-1.36,1.23,1.18,-0.61,-0.45,-0.15,-0.01,1.68,0.0
-0.59,-1.26,-0.07,-0.17,0.33,1.11,-0.67,-0.89,-1.41,-0.91,-1.01,-0.42,-0.0
-0.24,-0.81,-1.2,0.37,0.12,0.69,-1.02,1.03,0.29,0.59,0.05,-0.12,-0.0
1.17,-1.59,-2.32,-0.89,0.58,1.24,0.42,-0.66,-0.19,-0.03,-0.46,-1.35,-0.0
0.48,0.75,0.25,-1.34,0.01,-3.02,-2.04,-0.09,2.39,0.55,1.37,-0.89,-0.0
-0.5,-1.79,0.39,1.09,0.64,-2.77,-0.79,0.13,-0.63,0.85,0.51,-1.0,-0.0
0.13,0.36,-0.49,-1.42,0.7,0.25,0.29,-1.63,0.81,0.24,-0.13,-1.22,-0.0
-0.85,-1.35,-0.75,-0.14,-0.31,1.07,0.55,-1.8,-0.67,-0.58,0.21,-0.49,-0.0
-0.32,-0.66,1.32,-1.11,-0.62,-0.77,-0.04,1.32,1.91,-1.26,0.62,-0.74,-0.0
-0.69,-0.15,0.22,-0.87,0.49,-1.05,0.39,0.02,0.89,-2.89,0.04,-0.8,-0.0
0.94,-0.23,0.29,-1.84,-0.43,0.51,0.26,1.25,-0.76,-0.63,0.58,0.79,0.0
-0.26,0.23,0.44,0.98,-0.78,1.0,1.17,0.08,2.26,-0.09,0.74,0.09,0.0
-1.03,-1.16,-0.47,0.1,1.13,0.47,-0.16,-0.07,0.67,0.07,-0.11,-0.6,-0.0
1.06,0.77,-0.42,0.8,-1.07,1.32,0.34,-0.35,-0.81,1.04,0.0,1.65,0.0
-1.95,-0.29,0.32,-1.21,-0.04,-0.56,-0.36,0.44,-1.36,0.41,0.33,-1.58,-0.0
-0.08,-1.56,0.77,-1.51,0.69,-1.59,-0.0,-0.31,0.97,-0.42,1.63,-0.95,-0.0
-0.32,0.46,-0.1,-0.55,-1.4,-0.1,-1.34,-0.35,-0.84,1.06,-0.52,0.91,-0.0
1.61,-0.3,0.15,1.91,-1.51,-0.29,-0.18,-1.69,-0.66,-0.14,1.62,1.09,0.0
0.07,1.44,-1.16,-0.3,-1.32,-0.75,0.86,1.65,-2.66,-0.11,-1.72,0.68,-0.0
0.09,0.18,0.77,-0.04,0.66,-0.27,-0.38,1.86,0.42,-0.95,1.2,0.66,0.0
-1.94,-1.72,-0.45,-0.96,0.52,0.55,-2.3,-1.86,0.13,-0.79,-0.57,0.26,-0.0
-2.06,-0.68,-0.75,1.19,0.28,-0.83,0.92,-0.63,0.33,0.9,0.69,-0.48,-0.0
0.06,1.42,0.35,0.14,-0.2,1.24,-0.24,-0.5,0.03,-2.17,-1.4,-0.25,-0.0
0.1,0.35,-0.25,-0.3,-0.81,-0.22,-1.18,-0.7,-0.57,-0.75,-0.12,0.97,-0.0
0.65,1.88,-1.27,-0.37,-2.3,0.15,0.64,-0.33,0.48,0.87,-0.93,-1.12,-0.0
1.23,-0.46,0.56,1.91,1.39,-0.56,-0.53,0.06,-0.46,0.66,0.67,-1.82,0.0
-1.16,1.31,1.34,0.32,-0.3,0.0,-0.05,-0.03,1.94,0.32,-1.49,0.34,0.0
0.28,0.04,0.18,-1.59,0.68,0.94,-0.56,-0.86,1.05,0.38,-1.1,-0.37,-0.0
-1.85,0.35,-2.64,-1.29,-0.24,0.36,0.58,-0.64,1.22,0.48,0.91,-0.04,-0.0
0.16,0.72,-0.34,0.48,-1.09,1.24,0.47,-0.33,0.8,-2.29,-0.26,0.75,0.0
-0.39,0.49,0.18,-0.5,1.88,0.11,-0.3,0.89,0.48,-0.65,-0.64,-0.36,0.0
-2.02,0.62,0.99,1.1,0.21,-0.6,2.19,-1.36,-1.07,0.2,-0.65,-0.48,-0.0
-0.29,0.83,-0.88,-0.71,-0.96,1.04,-0.56,0.01,0.68,0.35,0.46,-0.33,-0.0
0.0,1.02,0.87,-0.78,0.4,-1.18,-0.2,-0.8,-2.06,-1.07,0.26,1.64,-0.0
0.06,-1.27,-0.52,1.45,-2.46,0.38,0.71,1.43,-0.62,0.32,-0.73,0.67,-0.0
-0.01,0.39,-0.13,0.33,1.93,1.04,-0.04,0.05,-0.54,1.62,1.08,0.5,0.0
-0.89,0.83,2.02,-2.64,-0.17,0.92,-1.66,-0.91,-2.27,0.4,-0.58,-0.05,-0.0
0.26,-0.65,-1.78,-0.14,1.42,0.28,-0.43,-0.06,0.02,0.85,0.15,0.58,0.0
0.34,1.79,-0.11,-1.27,0.45,0.38,-1.66,0.43,0.28,-0.26,-1.43,-1.65,-0.0
-0.5,-1.53,-0.3,-0.35,0.57,-0.62,0.62,0.73,0.06,1.51,-0.01,-0.19,-0.0
0.36,0.42,-0.44,1.08,-1.53,1.5,0.92,-0.59,0.18,-0.73,0.92,-1.02,0.0
0.99,-2.23,-1.98,0.15,-0.73,0.46,-0.14,-1.7,0.07,-1.19,0.25,-0.84,-0.0
0.52,1.58,0.3,-1.21,0.05,1.02,1.07,-0.48,-0.14,-0.43,-1.54,-0.12,0.0
-0.39,-0.04,0.33,-0.9,0.37,1.3,-0.39,-0.69,-1.44,1.06,-1.42,0.2,-0.0
-0.2,-1.11,-1.57,-0.0,0.04,1.46,0.85,-1.09,-1.57,-2.22,-0.01,-0.23,-0.0
0.01,0.27,0.17,-1.44,-0.22,0.83,1.14,0.03,1.92,-1.81,0.08,0.39,0.0
-0.02,0.87,1.62,-0.62,-0.38,-0.27,2.12,-1.07,1.91,-0.38,-0.16,-0.95,0.0
0.08,-0.29,-2.01,0.08,0.26,2.69,0.58,0.72,0.04,-0.01,-0.79,-0.53,0.0
1.52,1.03,-0.19,-0.17,0.25,1.46,-1.49,-0.04,0.75,-0.22,-1.46,1.31,0.0
0.45,0.47,-1.11,0.63,-0.52,0.0,0.3,1.78,0.11,-0.34,-2.21,-0.06,-0.0
-0.49,0.72,-0.28,1.27,-1.15,1.52,0.32,-0.17,0.26,0.43,0.61,-1.76,0.0
1.5,-1.0,0.54,0.02,0.39,-0.05,1.05,-0.63,-1.11,0.92,0.58,-1.51,0.0
-1.21,-0.41,0.59,0.34,0.19,-0.77,1.04,-0.92,-0.48,-0.45,-0.88,-0.79,-0.0
0.93,-0.12,-1.14,-1.03,-1.16,1.67,-2.01,-0.5,1.3,-0.17,-0.05,-0.25,-0.0
0.42,1.66,-0.85,-0.6,-0.43,0.5,1.0,1.9,0.31,-1.08,-1.87,-0.33,0.0
-0.0,-0.22,0.87,0.22,-1.86,-0.87,0.98,-0.08,0.2,-0.7,0.81,-1.29,-0.0
-0.28,-1.19,-1.96,0.2,1.47,0.21,0.25,0.59,1.01,-0.71,-0.16,-0.49,-0.0
-0.6,0.36,0.68,-0.91,-0.41,-1.25,0.67,0.11,-0.22,0.35,-1.51,0.02,-0.0
-0.31,0.16,-0.6,0.77,-0.33,-0.58,-0.36,1.68,-1.99,0.33,0.38,0.3,-0.0
0.32,-0.08,0.09,0.62,-1.86,0.42,-0.94,-0.26,0.75,0.75,-1.37,0.2,-0.0
0.74,0.64,-1.06,-0.13,-1.3,-0.5,1.09,-0.21,-1.15,0.39,-0.16,-1.1,-0.0
-0.75,-0.13,-0.9,-0.28,-1.32,0.44,-0.83,1.19,0.02,0.71,-0.03,0.71,-0.0
-1.17,0.05,-0.38,-0.14,-0.84,-0.02,-0.79,-0.44,0.41,0.31,0.82,-0.26,-0.0
0.41,-1.56,-1.67,0.35,1.73,0.46,1.18,0.23,1.89,-0.28,-1.3,1.05,0.0
-1.13,-0.5,0.68,-0.49,2.1,0.03,0.53,0.15,-0.28,-0.31,-1.02,0.33,0.0
-1.0,-0.27,1.82,-1.37,0.22,1.51,2.17,0.76,0.17,2.06,-1.94,0.04,0.0
1.42,-0.14,1.77,2.43,-0.43,0.76,0.09,-0.51,0.4,0.17,-0.16,-0.41,0.0
-0.38,0.53,1.17,0.02,-0.03,0.16,-1.47,0.37,-0.64,0.21,0.89,-0.85,-0.0
0.33,0.01,0.36,2.47,0.54,0.77,-1.02,1.09,-0.17,0.43,0.68,-0.4,0.0
-0.25,-0.32,-0.69,1.13,-0.28,0.97,1.13,-1.77,-0.06,0.25,0.23,0.54,0.0
2.43,0.56,-0.42,-0.03,1.3,-0.14,0.04,-2.58,-0.28,0.4,0.2,-0.95,0.0
-0.72,0.55,-0.38,0.85,1.28,1.04,-0.26,-0.16,0.27,-0.62,-0.22,-0.27,0.0
-1.95,1.2,0.11,0.97,0.94,1.35,0.09,0.06,0.43,0.77,-0.58,-0.45,0.0
-0.72,-1.59,0.93,-0.73,1.31,-0.07,0.38,-1.1,1.76,-1.06,0.74,0.45,0.0
0.85,0.81,-1.15,-0.38,-0.17,2.14,0.9,-0.61,1.2,-0.62,-1.31,-1.43,0.0
-0.06,-2.65,0.09,0.29,0.52,-1.22,1.48,-0.3,1.04,0.67,-0.99,0.95,-0.0
0.71,-1.43,-0.17,-0.08,-0.69,0.27,-0.48,-0.08,1.08,2.63,2.25,-0.19,0.0
0.11,1.02,0.25,-0.43,-0.88,1.55,-1.24,-0.06,0.68,-0.55,0.06,1.12,0.0
-0.43,-0.56,1.72,-1.05,1.47,-1.85,0.33,-0.88,0.47,-0.41,-0.19,-0.13,-0.0
-0.38,-1.5,0.85,-2.51,-0.04,-0.55,-0.56,-0.54,1.57,-0.28,0.6,0.52,-0.0
-0.38,-0.49,-1.07,2.45,1.7,0.51,1.09,-0.67,2.4,-1.05,0.85,-0.34,0.0
0.59,1.26,-0.57,-0.0,2.04,-0.01,1.33,2.12,-0.82,-1.73,-0.08,0.79,0.0
0.25,-1.18,0.35,1.03,0.04,0.92,1.76,-1.0,0.21,0.83,-1.62,2.37,0.0
-1.21,-0.12,1.14,0.46,0.96,0.89,0.38,0.62,-0.57,0.49,-0.8,-0.51,0.0
0.71,1.02,0.76,0.39,-0.01,1.72,-0.85,0.08,2.07,1.79,-0.22,-0.91,0.0
-0.57,-0.22,0.56,-0.21,-1.1,0.56,0.57,0.19,-0.76,0.98,0.28,1.52,0.0
-0.08,0.61,-0.58,0.49,-1.15,0.42,0.44,1.4,-0.75,-0.92,-0.24,0.53,0.0
0.17,1.12,-0.91,-2.15,1.5,0.25,1.12,-0.06,0.44,0.57,1.86,1.09,0.0
1.28,0.85,0.2,-0.09,-1.26,0.68,0.22,0.34,-0.16,2.72,-1.62,-1.32,0.0
0.52,-0.18,-0.63,0.43,-0.3,-0.42,-0.19,0.09,-1.85,-1.43,0.13,0.19,-0.0
0.13,1.7,-0.27,1.32,-2.42,-1.11,0.09,-1.04,-1.38,-1.39,0.19,-0.38,-0.0
-0.17,2.13,-0.68,0.25,-1.24,-1.07,0.58,1.14,1.08,-1.41,1.76,-2.07,0.0
1.58,-0.76,-0.51,1.17,-0.66,-1.74,-0.22,-1.67,0.72,-0.77,0.64,-0.37,-0.0
0.79,-0.83,-0.2,-1.14,-0.35,0.15,0.19,-0.76,-0.74,0.17,0.29,1.27,-0.0
2.5,-0.09,-0.03,1.08,0.25,1.05,-1.76,-1.78,0.57,-1.48,-1.34,-0.54,-0.0
1.8,0.97,-0.78,1.12,-0.93,-0.56,-0.85,-0.64,-0.4,0.61,-0.11,1.01,0.0
0.24,-0.94,-0.36,0.23,0.4,-0.7,0.65,-1.06,-3.02,0.24,0.99,0.12,-0.0
-0.72,-1.8,0.68,0.65,-1.5,0.16,-0.73,-0.82,-0.77,0.03,-0.0,1.48,-0.0
1.23,-0.98,-0.25,-0.36,-0.41,-0.67,-0.8,-1.05,1.73,-1.62,-1.47,0.56,-0.0
0.65,-1.95,0.72,-0.18,-1.7,0.43,-0.58,-0.18,2.71,1.11,-1.62,0.39,-0.0
-1.47,-1.8,1.65,-1.48,-0.69,0.91,-0.38,0.87,0.3,-0.01,-2.05,-2.01,-0.0
-0.76,2.35,1.41,-0.12,0.95,1.43,-0.28,0.26,-1.11,1.45,-0.48,-0.35,0.0
-1.31,-1.6,1.44,0.79,-1.07,-1.18,1.28,-1.49,-0.05,-0.03,-0.43,-1.11,-0.0
-0.12,-0.06,-1.21,0.73,2.62,-0.77,1.21,0.1,0.8,-0.27,0.58,-0.46,0.0
-0.94,0.19,0.84,0.05,-0.86,0.16,0.29,-0.25,-0.47,-1.44,0.74,0.73,-0.0
0.55,0.06,0.63,-0.75,0.02,0.96,-0.65,-0.25,-0.1,0.72,-0.24,-1.22,-0.0
0.12,-0.18,-0.79,-0.67,-1.33,-0.13,-0.08,0.3,1.82,-1.78,-0.79,-2.49,-0.0
0.84,1.05,0.33,-0.31,0.57,-2.66,-0.15,-0.36,-1.14,1.21,0.59,-0.48,-0.0
0.54,1.15,2.12,-0.96,1.78,-1.28,0.71,1.18,-0.12,0.41,0.26,-0.29,0.0
-0.67,-0.73,-0.36,-1.07,-1.76,0.16,0.08,0.23,0.62,0.7,0.26,0.1,-0.0
1.66,0.73,0.26,0.11,-1.39,0.17,-1.22,0.36,-0.87,0.75,-0.33,-0.5,-0.0
-0.7,0.67,2.12,1.06,-0.93,-1.2,-0.62,-0.4,-0.75,-0.51,0.52,-0.41,-0.0
1.52,-0.01,-1.26,0.42,-0.28,0.6,1.44,1.73,0.35,-1.14,0.57,-0.04,0.0
-2.03,2.01,1.01,-0.53,0.42,0.11,0.63,0.85,0.34,-1.61,-0.01,1.56,0.0
-0.29,-0.32,1.16,-0.83,-0.2,-0.67,0.73,0.83,0.28,0.98,0.45,0.09,0.0
-0.1,-0.02,0.4,-0.2,-0.76,-0.39,-1.61,0.99,0.73,-1.1,0.44,0.45,-0.0
1.9,0.07,1.14,0.06,3.14,1.24,-0.12,-0.29,-0.37,0.27,-0.15,-0.75,0.0
2.47,-0.79,-0.65,-3.01,0.76,-0.82,-0.78,-0.36,-1.39,-0.42,-0.4,-1.99,-0.0
-1.86,0.77,0.03,1.06,0.12,1.24,0.38,1.8,0.04,-1.5,-1.07,0.19,0.0
-1.31,0.45,-0.27,1.22,0.02,-0.56,1.39,-0.14,2.64,1.3,1.01,-0.45,0.0
-1.25,0.67,-0.35,0.29,-0.49,0.17,-1.02,-0.64,0.4,-1.24,-0.14,-2.6,-0.0
0.05,-0.83,-0.74,1.24,0.66,-1.57,0.87,0.48,1.28,-1.59,-1.8,-0.95,-0.0
-1.39,-0.63,0.74,0.32,-0.71,-0.17,0.09,-1.66,-0.35,-0.66,-2.21,-0.6,-0.0
0.96,0.63,-0.21,0.97,-1.7,0.12,0.11,0.13,0.79,-0.49,2.72,-0.07,0.0
-0.74,0.54,2.1,0.42,0.01,0.47,1.27,0.75,-1.65,-1.25,0.17,0.45,0.0
-0.91,0.2,0.62,0.83,0.29,-0.38,0.81,-0.47,-0.99,1.57,-1.29,-0.38,-0.0
-0.49,0.9,-0.7,0.07,-0.91,1.17,0.79,0.6,0.61,-0.45,0.81,0.21,0.0
0.54,-0.45,1.06,0.27,-0.05,2.06,-0.49,0.13,-0.88,2.29,1.3,1.3,0.0
0.14,-0.12,-1.01,-0.55,0.18,-0.29,-1.06,0.09,-0.61,1.34,-0.26,-1.43,-0.0
0.2,-0.32,-1.68,0.17,1.21,1.64,-1.89,-0.99,-0.35,-2.06,0.49,0.54,-0.0
-0.35,1.22,-0.2,2.85,0.1,-0.23,0.04,-0.47,0.48,1.5,0.96,-0.07,0.0
1.5,0.04,-0.0,-1.03,0.31,0.14,2.66,0.46,-1.03,-0.37,0.08,0.36,0.0
1.5,0.31,-0.23,-0.11,-0.08,1.47,0.45,-0.43,-0.5,0.53,-1.78,-0.57,0.0
0.48,-0.81,-0.65,-1.55,-0.31,-0.13,0.53,1.66,-2.74,-0.16,1.11,-1.28,-0.0
0.15,0.48,1.09,-1.13,-0.91,0.22,0.17,0.89,1.07,-0.04,0.59,1.58,0.0
-0.04,-0.66,-1.48,0.15,-1.34,-1.12,0.4,-1.64,1.09,-0.44,-0.84,-1.6,-0.0
0.68,0.99,1.11,1.34,-0.66,1.21,-0.23,-0.3,0.09,-1.56,-1.59,-1.54,-0.0
-0.44,1.22,0.42,-0.46,-0.46,0.43,-0.09,0.26,-0.85,-0.94,-0.29,-1.5,-0.0
-1.08,0.38,0.39,-1.54,-0.06,-0.87,-0.31,-0.83,-1.02,0.46,2.24,0.86,-0.0
0.12,-0.74,0.25,-0.73,-2.11,-2.3,-0.28,0.18,-0.94,0.65,1.8,-1.78,-0.0
0.79,0.64,-0.25,1.35,0.6,-0.74,1.26,2.2,-0.87,0.96,1.17,1.21,0.0
0.63,0.67,-0.07,-0.5,0.18,-2.18,1.47,-0.47,0.8,0.69,0.31,-0.47,0.0
1.49,0.84,0.59,0.38,-0.69,1.0,-0.92,-0.75,0.83,-0.94,-0.49,-2.41,-0.0
0.21,-0.71,1.53,0.26,-2.0,1.52,0.26,0.32,0.88,0.68,-0.57,0.27,0.0
0.47,-2.42,1.27,-1.71,-0.53,-2.74,-0.65,-0.48,-2.59,0.31,-1.84,-0.13,-0.0
-1.28,-0.63,0.67,-1.84,-1.17,0.26,0.96,0.57,-0.35,1.22,-0.64,0.09,-0.0
0.55,-0.47,0.02,0.64,0.55,1.13,-0.1,1.12,-1.95,-1.56,-0.18,-0.19,-0.0
0.96,1.07,-0.19,0.45,-2.85,-0.34,1.48,-0.9,-1.56,-0.71,0.29,0.41,-0.0
1.1,-1.24,0.45,1.69,-0.36,1.44,-0.62,-1.17,-1.03,-1.49,-1.17,-0.3,-0.0
-0.08,0.2,1.98,0.22,0.8,-2.71,-0.85,-0.45,0.96,1.86,-0.62,-0.95,0.0
1.62,1.72,-0.53,0.11,-0.8,-1.39,-0.17,-0.41,1.02,-0.47,1.04,0.18,0.0
-2.99,-0.09,-1.67,0.81,2.86,-2.45,-1.23,1.1,-0.44,0.22,-0.82,-0.61,-0.0
0.75,-0.87,-2.08,-2.08,0.66,-0.15,0.15,-0.85,-0.86,-1.17,0.45,-1.98,-0.0
0.02,-0.27,-0.6,-0.6,-0.61,0.39,-0.97,1.05,-1.67,0.18,-0.48,-1.05,-0.0
1.7,0.48,0.05,0.02,1.39,-0.12,0.6,0.68,-0.29,-2.06,-0.25,-0.43,0.0
-0.89,0.42,-0.2,0.1,0.45,-0.05,-0.17,0.83,1.91,-2.64,0.1,-0.94,-0.0
0.93,-1.14,0.55,-1.55,1.31,-0.94,0.32,-1.17,-0.83,1.0,-0.62,-1.2,-0.0
-1.36,-0.97,2.3,-1.66,0.42,0.34,1.01,1.16,-1.27,0.87,-0.17,0.66,0.0
-0.52,-0.52,-0.06,-1.69,0.02,1.99,-0.84,-0.15,0.95,-0.07,1.68,-1.13,-0.0
2.0,-1.76,-1.35,-0.75,0.33,2.14,-0.19,-1.55,-0.77,0.86,-1.29,-0.3,-0.0
0.76,-0.23,0.27,-1.01,-0.19,-0.42,0.42,0.07,0.05,0.58,0.69,1.81,0.0
1.0,1.1,-1.19,-1.59,-0.6,-1.53,-1.26,-0.1,-0.99,0.03,0.95,-0.59,-0.0
-0.67,0.56,-1.21,-1.38,-1.53,-1.33,-0.25,-0.84,0.58,0.2,-1.39,-0.7,-0.0
-0.87,1.48,2.11,0.26,1.32,0.55,0.01,-0.26,0.05,-0.97,1.26,-0.69,0.0
-1.4,-0.38,-1.63,0.49,0.43,-0.06,1.33,0.34,-0.41,0.25,-0.54,-0.46,-0.0
0.11,-0.22,0.13,-2.06,-0.81,0.27,-0.02,0.11,0.31,-0.94,-0.84,-1.12,-0.0
-0.17,-0.85,-0.24,-0.32,-0.52,0.78,-0.51,0.17,-0.02,1.89,0.27,-1.01,-0.0
0.68,0.01,-0.91,0.6,-1.04,0.8,-0.32,1.78,-0.6,-1.85,0.12,0.66,-0.0
-0.15,0.34,2.65,-0.32,-3.31,1.62,1.38,0.6,0.9,0.01,0.65,-0.77,0.0
0.1,-1.44,1.17,-0.02,0.55,2.1,-0.77,0.91,1.05,0.92,-0.63,-1.18,0.0
-1.33,0.58,0.54,-0.91,-1.38,0.95,-0.2,-1.78,-0.97,1.69,0.6,0.88,-0.0
-1.86,-0.4,-1.78,0.87,0.36,-2.15,0.53,0.53,-0.21,-0.26,2.87,-1.77,-0.0
0.83,0.08,0.96,-0.04,-1.1,-0.86,-0.99,-1.65,-0.97,-0.35,0.27,0.05,-0.0
1.07,-0.17,-1.16,1.85,1.37,0.95,-1.64,-1.48,1.92,-0.08,-0.91,0.5,0.0
-0.46,-0.71,0.21,1.31,2.06,1.06,0.45,-0.2,0.23,-0.14,1.03,0.64,0.0
0.23,1.14,0.24,0.08,0.79,-1.06,-0.97,0.3,1.18,-0.48,-1.11,-0.8,-0.0
1.25,-0.77,-0.75,-0.66,-0.11,1.33,-0.07,-0.24,-1.56,0.77,-0.79,0.63,-0.0
1.88,-0.86,0.14,0.38,1.74,0.99,-0.07,0.21,0.62,1.19,-1.39,0.49,0.0
-1.49,1.31,-1.19,-0.94,1.03,1.02,-0.46,0.32,1.29,-0.73,-1.86,-0.39,-0.0
-0.99,0.17,1.57,-1.19,-1.44,-0.42,-0.24,-0.21,-0.41,-0.16,-0.75,0.22,-0.0
0.51,-1.03,-0.1,1.08,-0.08,-0.86,-0.56,0.7,-0.71,-2.36,-0.42,-0.68,-0.0
0.53,-0.48,0.07,-0.72,1.2,1.54,-2.85,-1.91,0.71,2.66,-0.43,-0.78,-0.0
-1.08,0.53,0.95,-1.11,0.02,1.06,1.11,0.12,-0.31,1.38,0.1,-1.01,0.0
-1.06,-0.19,-0.07,-1.28,-0.16,-1.26,-1.08,-0.17,0.38,0.27,-1.28,-0.08,-0.0
0.34,-0.8,-1.0,0.7,1.12,-0.52,1.58,-0.02,0.34,0.94,0.97,0.5,0.0
0.52,-0.81,-0.54,0.24,0.21,-0.62,-1.6,-0.78,-1.04,0.51,0.85,0.55,-0.0
1.02,-1.67,0.15,0.86,0.99,-0.38,-0.56,-1.97,-1.36,-0.38,-0.61,0.81,-0.0
-0.93,0.28,-0.28,-0.53,0.56,-0.7,-0.26,-0.04,2.03,0.16,0.57,-0.63,0.0
-0.06,-1.04,0.14,-0.92,-0.36,0.29,0.15,-2.13,0.46,-0.69,0.39,-0.34,-0.0
0.38,-1.14,-1.51,0.26,1.23,0.32,0.26,-0.18,-0.18,0.77,-0.2,-1.01,-0.0
1.25,-0.01,0.49,1.61,0.43,0.25,1.0,0.77,1.03,-0.61,-0.01,0.28,0.0
1.3,-0.14,0.0,-0.41,1.41,-0.12,-1.4,1.11,0.2,-0.75,-1.2,1.23,0.0
-0.55,1.34,0.59,0.2,-0.27,-1.68,1.49,1.03,-0.98,0.91,-0.65,-1.38,0.0
-0.63,-0.21,-0.23,-0.03,-0.63,-1.03,-1.09,1.5,-0.75,-0.84,-0.87,0.58,-0.0
-0.79,0.91,0.06,0.85,-1.17,-0.01,-0.97,-0.58,-1.12,0.26,1.15,0.54,-0.0
1.66,-0.11,0.54,-1.72,1.3,0.86,0.59,1.31,0.68,-0.17,0.15,0.11,0.0
1.45,0.35,-0.36,2.05,2.18,-0.55,1.01,0.38,0.63,-0.84,-1.64,0.98,0.0
-1.34,0.43,1.25,-1.37,1.76,-1.26,-1.29,-1.75,-1.55,-2.48,-1.63,-0.92,-0.0
1.63,-0.41,0.92,0.6,0.47,-0.43,-0.11,-1.19,-0.69,0.56,0.01,-0.9,0.0
-0.42,-1.15,-1.08,2.34,2.04,-0.72,-1.04,-0.59,0.66,-0.25,-0.01,-2.33,-0.0
-0.76,0.06,-2.18,-0.5,-1.62,2.59,-1.64,0.51,-0.56,-0.77,1.24,-2.48,-0.0
-1.16,0.47,-0.01,-0.48,1.46,0.29,1.18,0.04,-0.51,0.31,-0.98,-0.55,0.0
0.5,0.11,-0.36,-0.91,0.53,-1.3,0.52,1.16,0.89,-0.21,0.04,-1.27,-0.0
-0.81,-0.2,-1.13,0.97,0.68,-2.06,-0.81,0.92,-1.63,-0.66,2.44,1.06,-0.0
0.09,1.45,0.33,-0.53,-0.84,0.89,-0.41,0.11,1.37,-0.13,1.57,0.1,0.0
-1.11,-0.4,2.11,-0.32,1.12,-2.73,0.08,1.24,-0.36,1.07,0.09,0.11,0.0
-0.33,0.67,-1.69,-2.0,-0.69,0.86,-0.89,0.17,-0.2,-0.07,0.37,-1.5,-0.0
-1.32,-0.07,-0.32,0.35,2.58,-0.88,-1.51,-0.42,-0.46,-0.61,0.11,1.11,-0.0
1.11,0.17,-0.7,0.5,0.35,-1.14,0.96,-0.25,-1.14,-0.67,2.2,-0.65,0.0
2.14,-0.82,-1.64,0.59,-0.85,0.16,0.38,1.75,0.88,1.82,0.39,0.48,0.0
0.97,0.84,-1.3,-0.25,-1.62,-2.06,-0.33,1.27,-0.69,-2.09,-0.89,0.36,-0.0
0.94,-0.25,0.37,2.0,-0.11,-0.58,-1.54,-0.15,0.68,-0.06,1.46,0.85,0.0
1.46,1.37,-1.86,0.28,0.08,-0.78,1.63,0.01,-0.69,-1.53,0.96,0.16,0.0
-1.97,0.92,1.15,2.59,1.1,-0.7,0.3,1.14,-1.0,0.61,-0.64,-1.06,0.0
0.23,0.89,0.92,0.42,1.93,-0.48,2.09,-0.09,-0.15,0.28,-1.3,0.57,0.0
0.93,-2.13,-0.21,-0.28,2.09,-1.53,2.38,-1.28,2.84,-0.01,1.03,0.89,0.0
0.3,-0.52,-1.3,1.14,-1.41,-1.26,-1.18,0.12,-0.37,-2.4,0.03,-0.6,-0.0
1.8,0.31,-0.2,1.4,0.53,-0.1,0.56,0.27,-1.31,0.01,0.58,1.88,0.0
-0.54,0.3,0.62,1.68,0.47,0.44,1.86,1.2,-0.2,0.49,0.64,0.27,0.0
0.65,2.65,-2.25,0.74,0.1,0.99,1.01,1.51,-0.02,0.97,0.23,0.34,0.0
0.17,0.3,0.01,-1.34,-0.36,-1.27,0.89,1.28,-0.8,-0.33,-1.25,-0.56,-0.0
-0.27,-0.51,-0.96,-0.28,-0.02,-0.38,-1.36,-0.38,0.41,-0.64,-0.54,-0.34,-0.0
-0.36,-1.11,0.59,-1.49,-0.06,0.79,1.81,1.11,0.08,-0.36,1.62,-0.61,0.0
-0.49,-0.06,0.72,0.67,0.09,0.41,-0.63,1.11,-1.7,-0.99,0.94,1.18,0.0
1.65,0.0,1.45,-0.2,0.39,-1.34,-0.39,-0.28,-1.59,-0.25,0.89,-1.46,-0.0
-0.54,-1.04,0.85,-1.26,0.68,0.11,-1.0,-0.28,-0.64,-1.36,0.61,-1.4,-0.0
0.87,0.28,0.13,3.09,1.44,-0.2,0.74,-0.15,1.92,2.14,1.9,-0.83,0.0
1.22,-1.06,-0.16,0.12,1.23,-0.28,0.61,1.06,-2.01,-0.21,1.15,-1.49,0.0
-0.28,1.35,-0.39,-0.03,1.06,0.03,-0.96,-0.0,-0.76,-0.68,0.29,-1.64,-0.0
0.36,-0.45,-1.55,0.99,-0.65,-0.18,0.12,-0.77,3.57,0.02,-0.2,-0.96,0.0
-0.33,-0.65,0.33,0.35,-1.29,0.59,-1.52,0.46,-0.51,0.58,-1.04,0.53,-0.0
-0.12,0.91,0.03,1.45,-1.09,1.24,0.95,0.61,-0.21,-0.21,1.24,0.42,0.0
0.27,2.33,-2.2,0.92,0.28,-1.1,1.79,-1.63,0.36,-0.83,0.01,0.46,0.0
0.42,-0.75,0.66,1.82,0.16,-0.43,-0.72,0.3,-0.57,-0.94,0.88,1.04,0.0
-0.87,-1.63,-1.19,0.83,-2.0,0.99,1.38,-0.43,-0.46,0.31,-0.43,-0.44,-0.0
0.66,0.81,1.57,2.24,0.68,-1.14,-2.56,-0.48,-0.9,-1.09,0.61,-0.78,-0.0
-0.89,0.34,1.51,-0.15,0.47,1.85,1.54,0.15,0.12,-0.81,1.78,1.16,0.0
1.77,-0.24,-1.29,0.65,0.47,0.69,-0.51,-0.81,-0.9,0.14,0.55,0.89,0.0
-0.33,0.01,1.45,-0.69,-0.09,0.57,-0.49,2.16,-0.1,-0.74,1.13,1.38,0.0
-0.86,0.37,-0.68,-0.07,0.41,-0.49,-0.59,-0.87,0.18,0.15,1.32,-2.26,-0.0
1.35,0.32,-0.04,-0.64,1.1,0.28,-1.31,-0.44,0.7,-1.74,0.19,-1.07,-0.0
0.39,-0.92,-0.09,0.97,-0.52,-1.03,-0.21,-0.95,-0.48,0.98,0.35,-0.07,-0.0
-2.35,0.19,-0.27,1.47,-0.94,-1.39,0.83,0.21,0.88,0.52,0.49,0.49,0.0
-0.21,-1.8,0.69,-0.48,0.69,-1.21,-1.67,0.87,0.83,-0.49,1.42,0.43,-0.0
2.43,0.37,-0.72,0.4,0.97,-0.68,-0.16,-0.01,0.31,1.77,-1.59,1.01,0.0
1.79,0.4,1.6,-1.41,-0.96,-1.75,1.24,1.2,-0.87,1.58,-0.45,0.47,0.0
-0.41,-0.62,-0.18,0.38,-0.12,-0.31,-0.04,-0.13,-0.6,-0.87,-0.93,1.42,-0.0
-0.13,-0.66,-0.02,-0.4,-0.98,1.3,-0.85,-0.17,0.33,0.61,-0.42,0.42,-0.0
-1.28,-2.3,1.02,-0.99,0.66,0.18,-0.14,-0.31,1.2,1.83,0.83,-0.71,-0.0
0.0,-0.97,0.69,-0.4,1.06,-2.05,0.3,1.64,0.46,-0.73,-0.05,0.44,0.0
2.29,-1.28,1.29,-1.73,-0.52,0.23,0.58,0.03,-0.07,1.19,0.05,1.04,0.0
-0.72,0.69,-1.19,0.0,0.23,-0.13,0.92,0.33,1.99,0.33,-0.06,1.14,0.0
1.19,-0.76,0.76,0.43,0.32,-0.96,-0.54,0.64,-0.48,-1.84,1.21,-1.83,-0.0
-0.74,0.4,0.83,-0.82,-1.01,1.65,0.51,1.66,-1.49,-1.02,-1.37,-0.94,-0.0
-0.08,-1.0,0.58,1.53,-0.62,1.14,0.8,-3.63,-0.99,0.96,0.23,-1.61,-0.0
-0.97,-0.61,0.39,-0.46,-0.68,-0.2,-0.65,-1.78,0.14,-1.4,1.7,0.37,-0.0
1.34,1.3,0.42,0.07,-2.49,-0.04,-0.07,-0.69,1.2,-0.89,-1.33,1.61,0.0
1.24,0.3,-0.93,0.16,-0.15,-0.23,0.04,-0.38,1.19,-1.3,0.09,1.32,0.0
0.17,1.08,0.67,-0.04,-2.53,-0.0,1.0,-0.44,0.21,0.26,-0.24,1.35,0.0
-0.47,-0.43,0.42,0.04,-0.5,-0.86,-0.54,-1.13,1.4,0.15,0.76,-0.26,-0.0
0.0,0.79,0.32,1.46,1.13,-1.17,0.22,-0.04,-1.8,-0.83,1.32,-1.12,0.0
-3.18,0.68,-0.43,1.6,2.37,-1.24,-0.85,0.19,-0.23,-0.14,0.66,-0.76,-0.0
0.34,-0.87,-0.45,1.32,0.06,0.18,-0.79,1.28,-0.22,0.65,0.66,-1.06,0.0
-0.68,-0.16,-1.92,0.57,-0.9,0.15,2.68,-0.29,-1.08,1.85,0.32,0.31,0.0
0.5,-0.2,-0.9,0.56,-0.6,-1.64,1.12,0.98,1.36,-0.7,-0.39,1.65,0.0
0.11,-0.91,-0.25,-2.02,1.13,-1.66,0.52,-0.99,-1.2,-0.16,0.54,0.33,-0.0
1.66,-0.73,1.28,-1.87,-0.71,-0.65,-0.95,-0.63,-1.24,-0.03,0.03,0.09,-0.0
-0.85,-0.12,0.03,-0.87,-0.46,2.31,0.0,-0.72,-1.01,-0.62,1.38,-1.44,-0.0
-0.36,0.63,-1.83,-0.15,0.1,-0.25,1.44,0.13,1.29,-1.1,2.18,1.6,0.0
1.21,-0.2,-0.0,0.65,1.11,0.83,-1.17,0.13,-0.05,0.37,-0.37,-1.45,0.0
1.09,1.23,1.82,-1.2,-0.79,-0.19,-0.3,-0.31,-1.65,0.92,-0.67,-1.86,-0.0
0.03,0.32,-0.13,-1.83,-2.19,-0.13,-0.32,0.13,0.16,0.69,-0.07,-0.89,-0.0
-1.22,-0.34,-0.11,1.19,-0.26,0.25,0.32,-0.29,-0.55,0.74,-1.41,0.12,-0.0
-0.62,0.78,0.46,2.13,-0.65,0.53,1.88,-0.67,1.48,0.87,1.26,-0.48,0.0
0.49,-0.1,-0.48,-1.43,-0.74,0.27,0.62,-1.59,2.13,-0.4,0.55,-0.39,-0.0
0.76,-1.59,-1.27,0.96,-2.1,0.98,-0.07,-0.39,-0.88,-1.9,1.5,1.01,-0.0
0.44,-0.76,-1.19,-0.87,-0.84,-0.57,-1.83,-2.01,-1.71,-0.84,0.35,-0.99,-0.0
0.7,-0.41,-1.8,0.25,1.79,1.65,-0.08,-0.28,0.32,-0.16,1.46,0.26,0.0
0.48,1.02,0.1,0.61,-0.82,-0.13,-1.6,-0.25,-0.9,0.38,-0.37,0.43,-0.0
0.75,-1.73,-0.03,0.47,-0.6,1.31,0.04,0.23,-0.63,-1.38,0.21,1.69,0.0
-0.0,-2.58,1.18,0.66,-1.4,-0.98,-0.75,-0.23,-0.16,1.66,1.15,-1.83,-0.0
-1.31,0.28,0.34,1.23,0.46,-1.35,-1.04,-0.29,-0.13,-0.03,-0.45,-1.61,-0.0
1.22,1.98,0.8,0.47,0.9,-1.37,-0.18,-0.46,-0.28,-2.41,0.53,-0.01,0.0
-0.62,0.99,-0.47,0.18,-0.75,1.25,-0.12,-0.9,-0.37,0.43,0.68,-0.39,-0.0
0.57,-1.4,-1.43,0.44,-0.03,0.05,1.91,1.04,-0.29,1.41,1.1,1.99,0.0
0.31,0.36,0.47,-0.23,0.79,-0.77,0.6,-2.13,-0.24,-0.92,-0.49,-0.42,-0.0
-0.03,-0.57,1.2,0.25,-0.74,0.88,-0.61,0.37,0.92,-0.96,0.85,0.63,0.0
0.69,1.69,-0.58,0.6,-1.14,1.09,1.11,0.08,-0.19,0.07,-0.46,0.07,0.0
-0.82,-1.95,0.49,-1.75,1.17,-0.62,-0.5,-2.25,0.69,-0.8,0.78,-0.35,-0.0
0.7,-0.08,-0.15,0.2,1.0,-0.44,-1.14,0.65,-0.68,-0.58,-0.78,-0.45,-0.0
-0.93,0.15,2.77,-0.5,0.61,0.23,0.86,-0.03,-0.15,-0.96,0.57,-1.22,0.0
0.01,-0.68,-0.75,-0.53,0.3,1.24,1.17,0.65,0.67,-0.48,1.15,-0.36,0.0
-0.41,0.15,-0.76,-0.6,1.41,1.65,-0.25,0.0,-0.62,-0.45,-1.43,0.22,-0.0
-0.02,-1.13,0.48,-0.68,0.81,0.3,0.53,1.23,-0.48,-1.24,0.44,-0.39,-0.0
-0.92,1.37,0.36,-1.18,-1.13,0.56,0.25,2.23,-1.01,1.33,0.55,-1.29,0.0
0.03,-1.25,-0.59,0.78,0.75,-1.56,1.22,-1.31,-0.16,-0.54,-0.36,-0.07,-0.0
2.62,-0.57,-0.95,-0.13,0.01,-0.27,-0.37,0.48,0.79,-0.12,1.04,0.57,0.0
2.92,-2.44,2.54,0.16,0.48,0.48,0.76,2.04,-1.66,0.3,0.02,-0.15,0.0
-0.05,-0.25,0.08,-1.38,1.62,0.65,0.91,-1.61,1.82,-0.28,0.47,0.7,0.0
-0.93,0.49,-1.46,-0.13,0.18,0.82,-1.38,-1.65,-1.49,-0.63,-0.17,-0.5,-0.0
0.92,0.5,-1.13,-0.47,1.6,1.39,0.43,-0.35,-0.37,-0.12,-0.05,1.62,0.0
2.01,0.07,0.46,-0.29,0.93,-1.31,0.18,0.51,0.68,2.87,-0.63,-0.6,0.0
0.61,0.18,-0.59,-0.31,-0.45,2.07,-0.35,-0.11,1.9,-1.81,-0.96,-1.14,-0.0
-0.95,0.54,-0.61,0.55,0.61,0.34,-1.23,0.29,1.15,1.57,-2.07,0.46,0.0
-0.63,0.63,-0.21,0.17,-0.66,1.44,0.0,-0.6,0.09,-0.66,0.66,-1.22,-0.0
0.65,-1.12,2.09,2.07,-1.98,0.87,-0.36,0.92,-0.45,2.02,0.13,-0.92,0.0
-0.55,-0.66,2.68,-1.12,0.63,-0.53,-0.0,2.08,-1.34,0.31,-1.06,0.4,0.0
0.3,-0.95,0.85,1.69,-1.31,-0.93,-0.1,-1.03,-0.78,0.45,1.34,0.86,0.0
0.54,-1.5,2.8,-0.81,0.22,-1.08,0.07,1.23,0.16,0.51,0.54,0.43,0.0
0.46,-0.53,0.24,0.94,-0.07,1.16,-1.9,1.71,-0.78,-1.52,-0.64,0.34,-0.0
0.12,0.03,-1.09,-1.3,0.22,-0.37,-0.23,0.59,1.15,0.49,-0.42,-0.56,-0.0
0.29,1.51,-0.07,-0.03,-0.36,2.01,0.8,0.64,1.58,1.09,0.2,1.12,0.0
0.1,-0.07,0.23,-1.24,0.52,-0.72,-0.63,0.55,0.52,1.82,1.32,-0.39,0.0
-0.51,1.46,-0.69,1.33,-0.31,0.58,0.35,-1.54,1.38,-0.81,0.57,-0.5,0.0
0.42,-0.25,-1.18,0.2,1.57,1.16,1.69,0.37,0.17,0.62,-0.9,-1.02,0.0
-2.85,3.14,-1.41,-0.47,-0.82,-0.66,0.61,-2.07,-0.67,-0.53,0.72,0.17,-0.0
-0.3,0.02,-1.67,1.71,2.04,0.96,0.19,-0.35,1.17,-0.69,2.14,0.09,0.0
-0.19,-2.2,1.95,1.39,-1.96,1.18,-0.73,-1.9,2.07,0.41,1.78,0.38,0.0
-0.31,-0.56,0.33,0.29,0.36,0.75,-0.08,-0.95,-2.3,-0.69,1.75,-0.15,-0.0
0.41,2.26,-0.16,-1.51,0.54,-0.22,1.32,-0.07,0.75,-1.23,-0.92,1.35,0.0
1.8,-0.44,-0.52,-0.13,1.22,0.56,0.86,-0.48,-0.66,0.1,-0.15,0.65,0.0
0.69,1.58,0.2,1.09,-0.82,-0.61,-0.87,-2.07,-0.07,-0.21,-1.47,-0.5,-0.0
-1.22,0.49,-0.45,-1.22,-0.29,-0.13,-0.94,-0.03,0.19,-2.1,0.24,0.64,-0.0
-0.45,-0.54,-0.66,-1.47,-1.08,-1.87,0.34,-2.15,0.84,0.96,0.28,-0.95,-0.0
1.45,-0.17,-0.12,-0.43,-1.2,0.44,1.8,0.71,-2.5,-1.38,1.5,-1.61,-0.0
0.67,-1.47,-0.08,-0.23,-0.18,-0.37,-0.83,-0.84,1.29,0.21,0.67,1.19,0.0
0.75,0.15,1.01,1.64,-0.11,0.78,1.25,0.58,-0.21,-0.96,1.55,-0.65,0.0
0.67,-0.5,0.13,-0.95,1.44,-0.36,-2.03,1.65,-1.49,0.41,0.17,-1.29,-0.0
0.61,0.05,0.72,-0.32,0.89,0.45,0.3,-0.88,-0.9,0.52,1.58,-0.8,0.0
1.97,1.5,0.24,-0.36,0.36,1.17,0.55,-0.91,1.56,-0.11,-1.58,0.81,0.0
-2.49,0.74,0.02,0.91,-0.35,-0.75,-0.64,-0.45,-0.12,0.98,0.41,0.3,-0.0
0.14,-0.17,-1.28,-0.85,-0.46,1.43,1.61,0.59,0.02,1.64,-2.22,-0.47,-0.0
-0.08,0.64,1.31,1.04,0.58,0.02,0.66,1.01,0.33,-1.77,1.42,-0.39,0.0
0.35,-0.07,0.49,-0.25,-0.5,-0.15,1.61,-1.59,-0.49,2.41,-0.2,0.66,0.0
0.35,-0.75,0.58,0.36,-1.0,1.91,-0.22,0.24,-0.57,-0.67,1.43,1.26,0.0
-0.37,-0.43,-1.5,-0.78,-0.44,-1.13,1.31,-1.1,0.38,-0.25,-1.27,0.38,-0.0
-0.2,-0.98,-0.3,0.96,0.12,0.66,0.65,-0.6,-0.67,-0.57,-0.04,1.2,0.0
0.3,0.18,-0.66,-0.61,0.34,-0.24,-0.62,-1.03,1.58,0.42,-0.45,0.07,-0.0
1.5,0.3,-0.42,-0.45,-0.54,-1.17,-0.4,-0.82,0.76,-1.52,1.2,0.38,-0.0
-0.34,0.54,1.64,-0.71,-0.03,0.54,0.43,0.27,-0.77,-1.0,2.33,0.58,0.0
0.44,-0.77,0.95,0.92,-0.92,-0.94,1.14,-0.33,0.45,0.06,1.92,0.59,0.0
-0.32,0.73,-0.45,0.76,-0.43,0.72,-0.91,1.7,0.26,-0.38,0.77,0.37,0.0
0.84,-1.37,0.24,-0.5,0.56,-0.18,0.44,0.57,0.46,0.46,0.54,-0.51,0.0
-0.86,0.2,0.61,0.13,0.09,0.41,-0.17,-0.24,-0.47,-0.97,1.37,-0.84,-0.0
-0.22,1.02,-0.01,-0.69,1.71,-0.56,-0.4,0.03,0.77,0.3,-0.07,-0.95,0.0
1.35,1.1,1.42,0.22,1.05,0.17,1.3,-0.08,0.68,-1.04,0.45,0.65,0.0
-0.12,-1.25,-0.23,0.24,0.12,-1.61,1.53,1.01,0.21,-2.16,0.27,-1.29,-0.0
-0.86,1.29,0.37,-0.33,0.6,0.27,-0.05,0.02,-0.24,-0.29,-0.18,0.79,0.0
-0.19,-0.32,0.35,0.94,-0.8,1.82,-1.02,0.68,-0.19,-1.65,0.1,-0.18,-0.0
0.41,-0.83,0.39,2.47,0.89,0.33,-0.81,-1.59,-0.54,0.26,-0.18,1.39,0.0
0.42,-0.24,-0.12,-0.74,-1.52,-1.45,-1.0,0.34,2.45,-0.64,-0.5,-0.13,-0.0
0.54,-0.1,-0.97,-1.07,-2.29,-1.1,0.48,-1.13,1.11,2.4,0.7,1.11,-0.0
-0.91,0.93,0.96,-1.55,-1.59,0.69,0.38,0.54,1.58,-0.14,-0.41,0.5,0.0
-0.55,-1.06,1.05,0.08,-1.06,-1.39,0.35,-0.74,-0.68,0.07,0.51,-0.37,-0.0
-0.05,2.43,-2.11,-0.13,-0.48,0.18,0.88,1.8,0.84,-2.38,0.23,-0.36,0.0
0.53,0.14,-0.64,0.21,0.68,-1.29,-0.17,2.21,-1.18,-0.65,0.07,-0.79,-0.0
1.4,-0.19,0.36,-2.14,0.16,1.87,-0.35,0.42,1.05,0.61,0.22,0.76,0.0
-1.68,-0.66,0.19,0.39,-0.17,-0.26,-0.7,-1.46,0.42,1.01,0.41,-0.42,-0.0
-0.55,-0.36,1.0,-1.33,1.93,-1.07,1.16,0.74,1.38,-0.68,0.63,-0.1,0.0
0.57,0.0,0.34,-0.19,0.43,-0.89,-0.78,-0.33,1.24,1.01,1.57,-0.49,0.0
0.39,-1.61,-0.57,1.59,0.38,0.1,-0.01,1.69,1.42,1.27,0.56,0.82,0.0
0.84,0.18,-0.23,-1.45,-1.24,-0.53,-1.68,-1.04,0.51,-1.6,0.16,-0.98,-0.0
-1.06,0.9,0.34,1.14,-0.26,0.61,0.61,1.7,-0.34,-0.26,-0.8,0.58,0.0
-1.09,-0.63,-1.26,0.04,-1.42,2.35,2.94,0.2,0.89,-0.66,0.53,1.29,0.0
0.83,1.68,-0.76,-1.72,1.08,0.51,-0.9,0.63,1.64,1.54,0.33,-0.65,0.0
-0.13,0.82,0.92,1.84,-0.06,0.38,-0.08,-0.05,1.01,-0.98,0.86,-1.97,0.0
-0.08,-1.64,0.24,0.14,-1.24,-0.21,1.34,0.04,0.44,-0.04,1.33,0.37,0.0
0.46,-1.6,0.6,2.04,1.5,-0.43,0.66,0.13,-1.4,0.11,2.37,-0.8,0.0
-0.21,-1.08,0.27,-1.1,0.88,1.32,-1.52,-0.2,1.27,-0.15,0.5,0.76,0.0
0.31,0.21,0.61,-0.46,-0.57,-0.52,-0.49,0.29,2.73,1.44,0.69,-0.43,0.0
0.01,-1.29,0.25,-0.44,-0.6,0.47,1.8,-0.01,0.72,-0.25,0.1,0.62,0.0
-0.54,0.27,0.31,1.17,-0.06,0.57,-0.79,0.51,-1.22,-1.89,1.05,-0.49,-0.0
-0.24,0.76,-0.22,1.39,-1.24,0.15,0.48,2.05,0.27,-0.61,-1.46,-0.14,0.0
0.89,1.27,-0.07,0.32,0.44,0.08,-0.33,0.71,2.36,-0.99,1.2,0.88,0.0
0.49,0.7,-0.91,0.85,0.68,0.38,-0.86,-0.28,-1.13,0.99,0.39,0.33,0.0
0.26,0.28,0.47,-0.38,1.3,0.51,-0.72,1.75,0.86,-1.17,-1.86,-1.99,-0.0
-1.18,-1.46,1.68,-0.1,0.34,-0.03,0.64,1.55,-2.78,0.86,-0.36,-0.75,-0.0
1.26,0.02,-2.15,0.68,-0.87,-1.11,0.57,0.18,-1.52,-0.32,-0.46,1.02,-0.0
1.39,1.48,-1.67,1.67,0.09,-0.72,-0.56,-1.53,-1.26,0.9,-2.13,1.51,-0.0
-1.04,-0.25,1.24,0.64,0.79,-0.35,-1.94,-1.6,-0.13,0.76,1.27,0.66,0.0
-0.03,0.58,-0.89,0.89,-0.36,-0.26,0.99,0.05,0.32,0.91,0.67,-1.17,0.0
-0.64,0.66,-0.23,-2.29,-0.53,-0.6,-1.26,-1.58,0.78,1.04,0.85,-0.5,-0.0
0.98,0.82,-0.02,0.66,-0.23,1.38,1.26,-1.01,-1.43,0.96,-0.39,0.33,0.0
-1.26,0.0,-0.47,0.32,-1.05,0.23,2.55,0.13,-0.13,-0.64,-0.71,1.33,0.0
0.74,3.74,1.0,0.27,0.46,-0.35,0.57,0.08,-1.27,-0.52,0.16,-0.14,0.0
0.78,0.4,2.16,-0.12,1.42,-0.05,-0.05,1.68,-1.1,-0.5,1.14,-0.2,0.0
-0.55,0.01,0.51,-1.08,-1.62,-1.16,0.78,-1.22,0.82,-0.46,-0.6,1.77,-0.0
0.54,-0.21,1.02,-1.16,-0.58,-0.04,-1.97,-1.07,2.22,-0.03,1.28,0.4,0.0
-0.13,0.25,1.08,1.58,0.68,0.61,-0.15,1.12,0.64,-0.06,0.74,-0.19,0.0
1.02,-1.09,-0.53,-0.41,0.31,0.23,0.27,1.44,-0.35,-1.23,-1.6,0.88,-0.0
0.12,-0.29,0.84,0.16,1.55,0.54,-1.18,0.03,-0.03,1.39,-1.43,0.38,0.0
-0.43,-0.55,0.44,-0.58,0.81,1.87,1.65,0.04,0.12,-0.86,-0.74,-1.37,0.0
-0.97,1.02,-1.24,0.04,-1.49,-1.3,0.95,-0.78,0.75,0.62,0.03,-0.57,-0.0
0.42,0.71,-0.11,-0.69,-0.66,0.2,-0.36,-0.75,1.98,2.16,-1.7,1.79,0.0
-0.01,-1.25,1.8,0.43,0.39,0.8,-0.75,-0.02,0.11,1.54,1.61,0.35,0.0
-0.62,-1.84,-0.65,-0.17,1.37,0.34,-0.17,1.2,0.44,-0.31,-0.61,-0.64,-0.0
-0.99,-0.13,2.85,-1.53,-1.56,-1.04,0.73,-0.49,0.5,0.2,-0.43,-0.11,-0.0
0.36,-0.11,-0.4,0.68,-0.72,0.89,0.91,-1.34,0.11,-0.3,-0.85,1.12,0.0
-0.8,1.07,-0.58,-0.73,0.51,0.26,0.17,-1.8,-0.87,-0.21,0.68,-0.34,-0.0
0.34,0.2,0.32,-0.14,0.25,0.85,2.56,-0.87,-0.81,-0.49,0.07,-0.79,0.0
0.53,-2.05,-0.64,-0.35,-0.48,-0.25,0.31,0.71,-0.22,-0.29,1.21,-0.28,-0.0
1.7,0.96,-0.05,-0.49,-0.65,-0.99,0.18,-0.37,-0.34,-0.28,-1.1,-1.82,-0.0
-0.39,-0.33,0.1,0.85,1.32,-0.61,0.49,-1.29,1.39,-0.38,-0.01,-0.62,0.0
-0.18,-0.07,1.22,-0.89,-1.23,-1.17,-0.62,0.05,-2.36,-0.91,1.83,0.43,-0.0
-1.45,-1.14,-1.78,0.59,-1.17,0.78,-0.88,0.01,0.44,-1.06,-1.19,1.77,-0.0
-0.3,0.71,-0.29,0.54,-1.15,-1.15,0.85,-0.21,0.53,-0.49,-1.56,-0.54,-0.0
1.47,1.3,-0.64,-1.8,-0.45,-0.96,1.23,-1.04,-0.76,-0.34,0.12,-0.28,-0.0
1.37,-0.02,1.46,1.06,-0.46,-1.41,0.75,-2.15,-0.21,-0.42,-0.09,0.96,0.0
1.75,-0.96,-0.4,0.11,-1.38,1.28,-0.03,1.26,-2.84,2.0,0.16,0.75,0.0
0.46,-1.35,0.57,0.43,1.34,-0.19,-1.07,-0.02,1.34,-1.18,0.83,0.92,0.0
0.84,0.86,-0.62,-0.03,0.47,-1.07,-0.31,-0.11,1.32,-0.04,-0.03,-0.07,0.0
0.24,-1.31,1.39,-1.33,-0.08,-0.0,0.35,-0.77,0.79,-0.03,0.06,-0.39,-0.0
1.37,0.43,0.18,1.22,-0.6,0.04,-0.13,-2.33,-0.46,0.71,-1.38,0.49,-0.0
-0.45,1.02,-1.56,-0.11,1.84,-1.19,1.14,-0.39,-1.69,-0.22,1.03,1.32,0.0
-1.3,1.16,0.61,0.38,0.96,-0.28,-0.93,0.55,2.14,1.62,-0.32,0.02,0.0
0.42,0.81,-0.17,1.07,-1.48,-1.36,-0.66,-1.31,-0.77,-0.18,0.46,0.54,-0.0
0.8,0.04,1.22,-0.1,-0.97,0.42,-0.01,-0.6,0.93,-0.21,-0.81,-0.06,0.0
0.61,-1.47,-0.01,0.72,0.1,-1.46,0.42,0.34,-0.34,-0.43,-0.08,-1.37,-0.0
-1.22,1.3,0.65,-1.44,-0.31,0.19,0.6,0.43,0.48,-0.43,0.49,-0.33,0.0
-1.56,0.26,-1.18,-2.17,-1.05,-1.66,-1.33,-0.75,-0.1,-0.22,0.38,0.91,-0.0
-0.99,-1.79,-1.23,-1.86,0.88,-1.79,-0.07,-2.84,0.73,1.16,-0.85,0.38,-0.0
-1.11,-0.73,-0.26,0.64,0.83,-1.38,0.68,-1.25,1.46,1.62,-0.63,-0.14,-0.0
-0.45,0.19,0.2,-1.22,1.02,1.27,0.55,-1.11,0.27,1.53,-0.17,-0.53,0.0
-1.12,-0.91,-0.83,-0.24,-0.07,-0.25,-0.46,0.17,-0.28,-1.05,1.03,-1.4,-0.0
-0.67,-0.64,-0.67,-1.46,-0.87,-0.07,-1.47,0.49,-0.18,-0.65,0.48,-1.86,-0.0
-0.1,-0.7,0.93,0.26,-0.49,0.32,-0.57,-1.03,-0.31,-0.93,-0.49,1.39,-0.0
0.14,-0.09,-0.86,0.02,1.05,0.4,1.07,1.12,-1.53,0.9,-0.57,-0.56,0.0
0.52,-0.5,-2.09,-0.4,-0.44,-0.7,1.23,-0.32,-0.78,1.46,2.44,0.15,0.0
-0.25,0.4,-0.13,1.15,-1.36,-0.15,-0.96,0.5,0.34,0.84,0.93,-0.33,0.0
-0.25,0.47,-0.47,-0.05,-0.57,1.7,0.85,-1.3,0.33,0.97,-0.07,-0.79,0.0
1.14,-0.59,0.45,0.33,0.77,0.0,-0.5,1.66,-1.45,0.71,0.22,-0.92,0.0
0.52,1.03,0.41,-0.59,0.74,-0.88,0.72,0.45,-1.93,0.23,-0.69,-0.59,-0.0
0.21,-0.13,-0.53,0.9,-0.87,0.38,0.33,-0.66,0.36,0.8,-0.6,-0.67,-0.0
0.33,-0.58,1.21,1.93,0.19,1.76,-0.31,0.1,0.44,0.83,-0.25,-1.17,0.0
0.56,-0.86,-2.04,1.09,-0.22,-1.23,-0.31,-0.86,1.13,-0.09,-0.34,-0.53,-0.0
0.32,0.17,0.45,0.14,0.4,0.02,0.69,0.42,1.34,0.84,0.64,-0.2,0.0
-0.57,0.27,1.73,-2.79,-0.51,-1.64,0.37,-0.36,-0.18,1.54,-0.14,-0.16,-0.0
0.9,1.19,0.94,0.61,-0.27,1.18,0.46,-0.1,0.19,0.12,0.64,3.34,0.0
0.46,-0.97,1.74,0.65,0.09,0.57,0.04,-1.09,0.51,0.97,1.43,1.16,0.0
0.85,-0.12,0.37,-0.72,1.33,-0.56,-0.41,-2.07,-0.15,0.92,-0.24,-0.03,-0.0
0.07,0.29,-0.12,-0.36,0.69,-1.63,0.63,1.39,0.17,1.64,-0.27,0.07,0.0
0.55,-1.14,0.5,0.05,1.73,1.69,-0.14,-1.11,-0.26,-0.92,-0.2,-0.98,-0.0
0.8,-0.28,-0.3,1.49,-1.05,-0.66,-0.29,2.11,-0.59,0.76,-0.68,-0.59,0.0
-0.17,-0.76,-1.41,0.52,-1.61,-0.97,0.43,0.77,1.17,0.04,-1.32,1.81,-0.0
-0.51,0.68,0.02,-0.01,-0.08,1.63,0.65,2.56,1.11,-0.38,0.82,0.21,0.0
-1.14,1.26,-0.39,0.53,0.01,0.44,-0.15,0.21,1.55,0.74,0.6,-1.36,0.0
2.63,0.28,1.08,-1.01,-1.0,0.34,-1.34,-1.47,0.11,0.34,-0.55,-0.64,-0.0
-1.12,1.28,-0.8,0.16,-0.08,-0.03,-0.56,0.3,-0.97,0.11,-0.56,-1.5,-0.0
1.31,0.54,1.64,0.79,0.83,-1.44,0.18,0.05,0.46,-1.3,-0.65,0.63,0.0
-0.54,1.47,1.5,0.83,-0.92,1.4,0.6,0.39,0.15,-1.48,-0.16,0.07,0.0
-1.12,1.87,0.16,-0.25,0.9,-1.34,0.16,0.83,0.18,0.25,-1.63,1.21,0.0
0.3,2.14,1.15,0.72,2.21,1.18,0.83,-0.36,0.18,-1.27,0.18,-0.27,0.0
0.51,-1.84,0.0,-1.69,0.53,0.0,0.57,0.17,-0.81,0.58,-1.8,-1.05,-0.0
0.6,-0.63,0.38,-0.15,0.64,-0.83,0.71,-0.13,-0.38,-1.38,0.47,-0.34,-0.0
1.0,1.53,0.95,0.27,0.98,-0.15,0.35,1.62,-1.82,1.02,-0.75,0.24,0.0
0.41,0.72,-1.72,1.09,-1.35,0.15,0.94,-0.24,-0.0,0.66,1.24,0.52,0.0
-0.25,-0.51,0.57,0.24,1.3,-1.13,-1.98,0.35,-0.64,0.2,-0.52,-0.29,-0.0
-0.7,-0.18,1.03,-0.57,-0.8,-2.02,-1.06,-2.15,0.06,1.06,0.24,0.03,-0.0
-0.99,0.59,-1.06,0.15,-0.05,0.34,0.56,-0.38,-0.68,-0.69,1.21,0.38,-0.0
-0.16,0.35,1.39,0.17,0.59,-0.37,1.42,-0.55,-0.56,-0.69,0.33,1.45,0.0
-0.72,-0.91,-0.06,2.29,-0.89,-1.63,-1.56,0.02,0.13,0.22,0.59,-0.71,-0.0
2.58,-0.88,-0.59,1.41,-2.34,-2.51,-0.12,-0.2,0.58,0.9,-0.89,-0.58,-0.0
0.22,-0.26,-1.35,-0.22,-0.63,-0.83,-0.5,1.19,-0.01,-0.11,1.77,-0.81,-0.0
-0.66,0.47,1.35,0.33,-0.89,0.04,-0.02,0.2,0.37,-1.0,-0.34,-0.82,-0.0
-0.42,0.53,-0.24,0.07,-0.31,1.25,-0.58,-1.05,1.22,-0.79,1.39,0.52,0.0
1.04,0.2,-1.64,-0.02,-0.71,-0.56,-0.7,0.52,-1.05,-1.81,-0.23,-0.64,-0.0
-0.93,-2.21,-1.12,0.73,-0.26,-0.29,-0.18,-1.2,-2.41,-1.15,0.14,0.36,-0.0
0.22,0.59,0.95,1.57,-1.45,0.96,0.06,0.91,0.72,-0.17,0.34,0.09,0.0
-0.5,-0.71,0.36,-1.09,-1.05,0.04,-0.07,-1.72,-0.57,0.7,-1.76,-0.56,-0.0
-0.74,1.05,1.31,-0.06,0.09,-0.66,-1.38,-1.47,-0.15,0.53,-0.88,-0.18,-0.0
0.18,-1.79,0.78,-1.54,-0.24,0.04,-0.7,-0.58,0.32,-0.99,1.39,0.01,-0.0
-1.42,0.1,-0.64,-0.65,-1.26,0.95,0.32,-0.94,1.92,0.03,1.26,1.22,0.0
0.19,1.19,0.11,1.06,-0.3,0.26,0.5,-0.11,1.56,-0.04,-0.09,-1.01,0.0
1.25,-0.5,0.96,1.78,0.49,-1.62,-1.01,-0.72,-1.93,0.18,-0.16,-0.13,-0.0
-0.23,-0.45,0.44,0.26,-0.81,-0.41,1.3,0.59,-1.61,0.16,-0.39,0.23,-0.0
-1.02,-1.34,-0.84,0.99,0.32,-0.3,-0.31,1.64,0.79,-0.46,1.39,0.43,0.0
-0.77,-1.8,0.86,-0.56,-0.84,-0.7,1.12,-2.19,-0.44,0.21,0.44,-1.04,-0.0
-0.49,-1.64,-1.56,1.12,-0.04,-1.38,0.24,-0.23,0.15,-0.79,0.1,1.32,-0.0
0.53,-0.11,3.58,0.76,1.31,2.35,-1.2,0.35,-0.39,0.5,0.89,0.16,0.0
0.61,1.45,-0.51,0.94,-0.65,1.34,0.98,0.18,1.49,0.36,1.05,-0.51,0.0
-0.85,0.94,1.0,1.58,0.22,0.16,0.25,1.21,-2.62,0.45,-0.56,-0.39,0.0
0.18,-1.14,-0.13,-0.94,-1.73,-0.62,-0.45,-1.18,-0.29,-0.22,0.77,0.57,-0.0
1.7,-0.91,-0.14,-0.88,1.2,-1.93,-0.54,-0.49,-1.96,0.13,-0.91,0.41,-0.0
-1.42,-1.84,1.35,-0.56,-0.66,-0.47,0.37,-1.74,1.33,-0.87,-0.46,-1.68,-0.0
-0.2,0.32,0.06,2.2,-1.11,-0.1,2.06,0.59,1.48,0.46,-0.03,-0.34,0.0
0.04,-2.64,-1.77,0.68,0.4,1.68,0.24,-0.18,-0.04,-2.12,1.78,0.44,-0.0
-0.68,0.45,1.67,1.83,-0.04,-0.88,2.93,-1.36,-0.06,1.22,0.15,-1.04,0.0
-0.52,0.06,-0.03,-1.51,-1.11,-1.63,1.83,-0.31,-1.24,-0.98,1.02,-0.45,-0.0
-2.39,-0.03,-0.42,-1.37,-0.68,-0.04,-1.57,0.53,0.21,0.04,1.27,-0.4,-0.0
-1.13,0.63,0.23,0.55,0.74,1.13,-1.12,0.31,-0.56,-0.23,0.74,0.56,0.0
-0.16,0.63,0.95,2.36,1.88,-0.8,-1.18,0.95,0.93,0.69,1.03,-0.15,0.0
-1.13,-1.32,0.7,-0.59,1.4,0.76,-1.81,-1.64,0.18,1.69,1.83,-2.08,-0.0
0.13,1.26,0.86,-0.36,-1.04,0.41,-0.74,0.25,0.13,-1.07,-0.69,-0.74,-0.0
-0.11,-0.09,-0.33,-0.04,-0.28,0.09,-1.99,-0.51,-0.7,-1.48,-0.21,-0.75,-0.0
-1.28,-1.13,0.56,1.54,0.56,-0.65,0.06,-1.93,0.76,-0.77,1.37,-0.25,-0.0
0.83,0.76,-1.93,-0.06,2.02,0.09,-0.66,0.8,0.77,-0.21,0.37,-1.12,0.0
1.89,0.57,-0.67,0.34,0.59,-0.57,1.25,-0.3,0.97,-0.32,0.84,-1.79,0.0
-1.17,0.16,-0.62,-1.06,0.93,1.69,-2.34,-1.18,0.18,1.42,1.98,0.08,0.0
0.63,-1.88,-0.83,-0.06,0.08,0.05,-0.66,0.45,-1.56,0.63,-0.66,0.93,-0.0
0.32,-0.02,-0.06,-0.29,-0.04,-0.51,-1.29,0.22,0.94,0.21,-2.07,-0.31,-0.0
-0.55,2.14,0.48,0.44,-1.11,0.64,0.45,-1.65,-0.53,0.03,0.2,-0.29,0.0
0.79,-0.7,1.15,-1.43,-0.01,-0.16,-0.79,0.36,1.59,1.5,-2.41,0.04,-0.0
-0.02,0.58,0.04,0.38,0.47,0.88,1.43,-0.57,1.22,0.26,-0.7,-0.62,0.0
0.42,0.54,-0.77,0.17,-0.14,-0.99,0.82,-0.33,1.09,-0.39,-1.61,-0.83,-0.0
